open_time_ms,date,open,high,low,close,volume,quote_volume,trades
1698364800000,2023-10-27,223.20000000,231.60000000,219.90000000,224.10000000,970917.48900000,219332548.56960000,299099
1698451200000,2023-10-28,224.20000000,228.40000000,224.10000000,225.70000000,347691.43700000,78745361.10920000,140074
1698537600000,2023-10-29,225.70000000,228.10000000,223.60000000,227.10000000,269033.79600000,60824339.72710000,130944
1698624000000,2023-10-30,227.10000000,229.20000000,224.60000000,228.00000000,397120.27600000,90262886.82100000,158941
1698710400000,2023-10-31,228.00000000,229.30000000,223.90000000,226.20000000,465273.26800000,105313164.89250000,185256
1698796800000,2023-11-01,226.30000000,229.50000000,222.30000000,227.90000000,578647.20800000,130526151.85360000,215933
1698883200000,2023-11-02,228.00000000,233.70000000,227.50000000,231.90000000,829216.68700000,191104853.86850000,265823
1698969600000,2023-11-03,231.90000000,232.40000000,225.60000000,230.20000000,501371.78600000,114768431.24970000,235911
1699056000000,2023-11-04,230.30000000,238.70000000,229.30000000,237.10000000,391480.94700000,91700260.48100000,187294
1699142400000,2023-11-05,237.20000000,245.50000000,236.10000000,244.00000000,613299.47300000,148461728.79710000,317197
1699228800000,2023-11-06,244.00000000,256.10000000,241.50000000,255.10000000,844924.32400000,210620058.59310000,345075
1699315200000,2023-11-07,255.10000000,255.60000000,242.10000000,246.20000000,865045.80800000,214554466.29460000,299474
1699401600000,2023-11-08,246.20000000,248.30000000,244.00000000,246.70000000,500403.19200000,123208657.94820000,196425
1699488000000,2023-11-09,246.70000000,255.90000000,240.00000000,251.60000000,1320420.47400000,328534543.75810000,485471
1699574400000,2023-11-10,251.70000000,258.00000000,248.10000000,251.00000000,814936.21800000,205904335.77800000,317560
1699660800000,2023-11-11,251.10000000,255.20000000,246.00000000,251.50000000,738756.91100000,185242581.12290000,289654
1699747200000,2023-11-12,251.60000000,252.00000000,244.50000000,247.40000000,637126.20900000,158268647.20470000,240726
1699833600000,2023-11-13,247.50000000,250.20000000,240.30000000,241.10000000,953917.53200000,234087272.37770000,315939
1699920000000,2023-11-14,241.10000000,249.40000000,233.70000000,242.30000000,992864.12400000,241108612.33730000,350365
1700006400000,2023-11-15,242.30000000,254.50000000,242.10000000,253.70000000,911316.43300000,227361551.23160000,298377
1700092800000,2023-11-16,253.70000000,256.00000000,240.00000000,242.70000000,1090149.24000000,270933175.08100000,330942
1700179200000,2023-11-17,242.70000000,245.90000000,238.30000000,244.90000000,757117.69800000,184229112.25330000,252405
1700265600000,2023-11-18,244.90000000,245.20000000,238.50000000,244.80000000,485737.21700000,118012503.55160000,161972
1700352000000,2023-11-19,244.80000000,246.90000000,241.80000000,246.40000000,379101.10400000,92591222.56720000,140883
1700438400000,2023-11-20,246.50000000,268.40000000,238.60000000,253.10000000,1523794.58000000,385938132.71840000,541413
1700524800000,2023-11-21,253.10000000,271.90000000,224.00000000,225.50000000,4050392.77800000,1011993817.76750000,1330065
1700611200000,2023-11-22,225.50000000,238.50000000,224.60000000,236.10000000,1791363.24500000,417655559.52030000,450957
1700697600000,2023-11-23,236.20000000,239.20000000,230.20000000,233.80000000,718114.37700000,168197253.37510000,212606
1700784000000,2023-11-24,233.80000000,236.70000000,231.60000000,232.70000000,616904.31500000,144657214.70940000,194380
1700870400000,2023-11-25,232.80000000,235.70000000,232.10000000,234.40000000,313338.26400000,73311189.66610000,131778
1700956800000,2023-11-26,234.50000000,234.50000000,227.90000000,231.70000000,437624.72200000,101501869.28930000,164960
1701043200000,2023-11-27,231.80000000,232.90000000,222.50000000,227.20000000,831147.03400000,188795151.76850000,240758
1701129600000,2023-11-28,227.30000000,231.70000000,224.30000000,229.60000000,547422.86200000,124990569.24740000,180702
1701216000000,2023-11-29,229.60000000,231.20000000,226.10000000,227.30000000,416529.00100000,95227304.24010000,143396
1701302400000,2023-11-30,227.30000000,229.20000000,225.90000000,227.60000000,360874.41900000,82134829.45540000,133792
1701388800000,2023-12-01,227.60000000,230.00000000,227.00000000,228.50000000,425879.27500000,97377363.71160000,132047
1701475200000,2023-12-02,228.50000000,230.10000000,224.80000000,229.00000000,456196.93300000,104181500.19250000,157045
1701561600000,2023-12-03,229.10000000,231.90000000,225.90000000,228.10000000,594689.61400000,135571793.46110000,192981
1701648000000,2023-12-04,228.10000000,237.40000000,224.80000000,233.50000000,1475825.97100000,340713237.41630000,398485
1701734400000,2023-12-05,233.50000000,234.90000000,227.90000000,231.20000000,861796.38000000,199321079.63310000,296404
1701820800000,2023-12-06,231.30000000,234.80000000,228.60000000,229.40000000,858794.13200000,198533925.89190000,304002
1701907200000,2023-12-07,229.50000000,234.80000000,228.30000000,232.60000000,793571.24700000,183986311.03900000,256861
1701993600000,2023-12-08,232.60000000,240.00000000,232.20000000,238.90000000,764638.52000000,179932210.99310000,257312
1702080000000,2023-12-09,238.80000000,245.50000000,236.30000000,237.70000000,838098.22300000,202267145.49880000,294258
1702166400000,2023-12-10,237.80000000,241.40000000,236.80000000,239.80000000,433591.53400000,103874632.96520000,175456
1702252800000,2023-12-11,239.80000000,248.20000000,228.00000000,246.40000000,2010717.77200000,481507074.92270000,580215
1702339200000,2023-12-12,246.40000000,257.30000000,245.50000000,254.60000000,1877670.62900000,474066909.61980000,551262
1702425600000,2023-12-13,254.60000000,255.90000000,244.10000000,252.00000000,1149182.33900000,287346449.37930000,366113
1702512000000,2023-12-14,252.10000000,254.00000000,247.70000000,253.30000000,818946.78700000,205663878.70380000,272248
1702598400000,2023-12-15,253.20000000,253.40000000,242.60000000,244.90000000,655654.89200000,162781619.02810000,257518
1702684800000,2023-12-16,244.90000000,248.40000000,242.70000000,244.40000000,444080.33000000,109276324.56590000,193517
1702771200000,2023-12-17,244.40000000,244.50000000,238.80000000,238.80000000,464957.44600000,112451147.50210000,209731
1702857600000,2023-12-18,238.90000000,241.70000000,232.00000000,241.70000000,876189.24400000,207558062.95200000,305327
1702944000000,2023-12-19,241.70000000,254.80000000,241.30000000,252.90000000,1569167.39400000,392788601.65090000,489304
1703030400000,2023-12-20,252.80000000,261.90000000,250.10000000,260.30000000,1116951.00200000,286414435.31060000,354980
1703116800000,2023-12-21,260.40000000,274.90000000,256.20000000,272.10000000,1286767.65300000,344882938.81720000,448177
1703203200000,2023-12-22,272.10000000,276.50000000,264.90000000,271.10000000,967819.92100000,261603644.03070000,362492
1703289600000,2023-12-23,271.10000000,272.00000000,265.60000000,271.00000000,408213.41200000,109797737.10710000,207044
1703376000000,2023-12-24,271.00000000,272.90000000,261.90000000,264.50000000,572645.13500000,153772670.72670000,285531
1703462400000,2023-12-25,264.40000000,268.20000000,261.50000000,266.90000000,469743.42300000,124678355.34220000,255423
1703548800000,2023-12-26,266.80000000,303.20000000,264.00000000,297.70000000,2356245.34500000,677051118.39510000,891624
1703635200000,2023-12-27,297.70000000,324.40000000,285.10000000,324.10000000,2126454.61000000,645877189.45390000,724654
1703721600000,2023-12-28,324.00000000,338.30000000,320.00000000,322.60000000,2249136.21900000,737870670.98290000,742279
1703808000000,2023-12-29,322.60000000,325.60000000,307.00000000,313.70000000,1407022.74000000,444941733.14640000,501778
1703894400000,2023-12-30,313.70000000,320.80000000,312.20000000,317.10000000,561853.41300000,177942240.53320000,255800
1703980800000,2023-12-31,317.00000000,325.50000000,307.40000000,311.80000000,667097.55700000,212735142.27080000,291013
1704067200000,2024-01-01,311.90000000,316.00000000,307.00000000,313.50000000,619455.15800000,192732706.81280000,261880
1704153600000,2024-01-02,313.50000000,321.30000000,305.80000000,312.20000000,937764.73700000,295174406.48090000,344903
1704240000000,2024-01-03,312.30000000,334.30000000,293.60000000,315.80000000,2132158.12200000,676220588.26090000,799701
1704326400000,2024-01-04,315.90000000,324.30000000,310.90000000,323.70000000,1133774.95700000,361837483.32150000,418424
1704412800000,2024-01-05,323.60000000,327.30000000,308.60000000,317.50000000,1157056.27600000,368222963.79180000,388664
1704499200000,2024-01-06,317.60000000,317.60000000,300.20000000,307.50000000,909358.18300000,278569949.99340000,329261
1704585600000,2024-01-07,307.60000000,310.00000000,300.00000000,302.40000000,498367.08900000,152361829.15410000,206206
1704672000000,2024-01-08,302.50000000,308.10000000,290.00000000,303.70000000,984590.84200000,295303747.63480000,351442
1704758400000,2024-01-09,303.60000000,306.80000000,295.70000000,301.10000000,1401490.15500000,422526207.07980000,423666
1704844800000,2024-01-10,301.10000000,310.00000000,288.80000000,305.80000000,1032565.47700000,308162176.01440000,366664
1704931200000,2024-01-11,305.70000000,316.80000000,301.40000000,308.20000000,1179601.54300000,365379468.00550000,410105
1705017600000,2024-01-12,308.20000000,313.00000000,289.10000000,296.60000000,1003340.77400000,306490270.79490000,353574
1705104000000,2024-01-13,296.70000000,303.10000000,290.80000000,302.20000000,436784.23900000,130482656.59200000,186167
1705190400000,2024-01-14,302.20000000,306.70000000,298.70000000,299.50000000,393054.94700000,119385412.09750000,193008
1705276800000,2024-01-15,299.40000000,320.60000000,299.40000000,317.50000000,1704540.89000000,538168739.24210000,507633
1705363200000,2024-01-16,317.60000000,319.40000000,313.00000000,315.20000000,951149.44500000,301098425.26200000,285324
1705449600000,2024-01-17,315.10000000,316.30000000,306.80000000,309.40000000,1071343.49600000,334015672.21770000,303286
1705536000000,2024-01-18,309.30000000,315.60000000,305.70000000,313.00000000,921121.88900000,286764675.86620000,300608
1705622400000,2024-01-19,313.00000000,316.20000000,305.00000000,314.70000000,835724.40000000,260212056.11420000,262620
1705708800000,2024-01-20,314.70000000,317.30000000,312.20000000,317.20000000,326090.18700000,102587302.72840000,139000
1705795200000,2024-01-21,317.30000000,321.70000000,316.10000000,318.60000000,359764.31300000,114699882.21740000,142612
1705881600000,2024-01-22,318.70000000,320.30000000,303.60000000,305.90000000,704437.64700000,219981142.94260000,239986
1705968000000,2024-01-23,305.90000000,311.70000000,290.30000000,298.80000000,928195.37800000,277158407.78490000,301539
1706054400000,2024-01-24,298.80000000,300.70000000,290.30000000,293.10000000,802312.81500000,236068964.33310000,228147
1706140800000,2024-01-25,293.00000000,296.70000000,287.50000000,292.10000000,1004156.71900000,293393842.13020000,277782
1706227200000,2024-01-26,292.10000000,304.20000000,290.70000000,302.20000000,709942.40400000,212965430.59510000,214719
1706313600000,2024-01-27,302.20000000,307.70000000,301.90000000,305.60000000,285357.66700000,86914329.90270000,124410
1706400000000,2024-01-28,305.70000000,309.10000000,303.10000000,305.30000000,409403.05700000,125348980.28230000,146852
1706486400000,2024-01-29,305.30000000,311.00000000,304.40000000,310.70000000,442799.50500000,136398210.89050000,168366
1706572800000,2024-01-30,310.70000000,313.10000000,306.30000000,307.60000000,386375.46700000,119841147.85260000,153482
1706659200000,2024-01-31,307.70000000,308.20000000,298.60000000,300.50000000,459007.69800000,139453769.92530000,181983
1706745600000,2024-02-01,300.50000000,302.20000000,296.40000000,300.20000000,373269.78900000,111693886.09140000,148954
1706832000000,2024-02-02,300.20000000,305.20000000,299.80000000,301.40000000,309501.64900000,93531533.33720000,132879
1706918400000,2024-02-03,301.40000000,303.80000000,299.50000000,299.70000000,198730.96200000,59934756.23900000,100715
1707004800000,2024-02-04,299.60000000,307.70000000,298.00000000,304.70000000,503405.32300000,153038899.95850000,160913
1707091200000,2024-02-05,304.70000000,306.80000000,299.50000000,301.20000000,488672.27100000,148229310.04090000,156913
1707177600000,2024-02-06,301.20000000,304.10000000,300.90000000,302.70000000,260762.32100000,78912339.42640000,127238
1707264000000,2024-02-07,302.80000000,308.70000000,300.70000000,307.30000000,352421.78900000,107278134.52150000,142539
1707350400000,2024-02-08,307.40000000,320.60000000,307.30000000,319.20000000,921496.50200000,290495868.12780000,283799
1707436800000,2024-02-09,319.20000000,326.30000000,317.90000000,324.00000000,739178.08100000,238469149.46220000,246723
1707523200000,2024-02-10,324.00000000,325.40000000,318.90000000,323.00000000,321477.06400000,103609947.22040000,149800
1707609600000,2024-02-11,323.00000000,324.90000000,320.10000000,320.70000000,280308.10500000,90370119.20850000,137326
1707696000000,2024-02-12,320.60000000,332.20000000,315.60000000,327.80000000,576734.16200000,186477781.44500000,222424
1707782400000,2024-02-13,327.90000000,329.20000000,318.60000000,324.70000000,441545.83000000,143321078.21640000,203711
1707868800000,2024-02-14,324.60000000,334.60000000,323.40000000,333.90000000,452466.98000000,149740983.61180000,200782
1707955200000,2024-02-15,333.90000000,366.60000000,333.30000000,354.20000000,1361590.40300000,478646206.09050000,448821
1708041600000,2024-02-16,354.30000000,366.80000000,349.10000000,360.40000000,1061855.98600000,380862085.14400000,360598
1708128000000,2024-02-17,360.40000000,363.70000000,348.20000000,352.90000000,630266.52000000,224091913.18480000,244807
1708214400000,2024-02-18,352.90000000,358.10000000,349.10000000,349.80000000,495667.63400000,174916562.04110000,224130
1708300800000,2024-02-19,349.80000000,356.20000000,349.30000000,351.60000000,830917.53400000,292956743.15040000,345997
1708387200000,2024-02-20,351.70000000,361.60000000,344.80000000,354.60000000,972650.55800000,344718252.38940000,339802
1708473600000,2024-02-21,354.60000000,379.30000000,350.90000000,379.20000000,1701415.31300000,622522220.34960000,514587
1708560000000,2024-02-22,379.20000000,387.30000000,373.70000000,382.60000000,1409647.48100000,536344338.40800000,444044
1708646400000,2024-02-23,382.70000000,385.80000000,369.00000000,375.50000000,1027891.29500000,386866756.78370000,369744
1708732800000,2024-02-24,375.50000000,383.30000000,371.70000000,381.70000000,444587.48100000,168773631.02030000,205659
1708819200000,2024-02-25,381.60000000,391.00000000,377.60000000,388.50000000,643002.67100000,247170192.04340000,254167
1708905600000,2024-02-26,388.50000000,404.90000000,382.00000000,401.60000000,1196262.20400000,470452539.82880000,439494
1708992000000,2024-02-27,401.50000000,403.70000000,389.60000000,394.60000000,915873.07300000,364167988.71860000,359085
1709078400000,2024-02-28,394.60000000,427.30000000,394.10000000,414.60000000,1348008.99500000,552001541.86410000,632216
1709164800000,2024-02-29,414.70000000,419.70000000,391.10000000,399.40000000,1146024.36200000,469627729.07480000,580983
1709251200000,2024-03-01,399.30000000,408.60000000,398.80000000,407.40000000,586580.61100000,237860266.13380000,311204
1709337600000,2024-03-02,407.40000000,414.80000000,405.80000000,410.90000000,590018.54300000,241430398.07420000,317270
1709424000000,2024-03-03,410.90000000,416.80000000,402.20000000,414.50000000,838274.34600000,344938583.21170000,383839
1709510400000,2024-03-04,414.50000000,423.80000000,410.60000000,418.40000000,1045414.00100000,436000270.40030000,477914
1709596800000,2024-03-05,418.50000000,427.20000000,356.10000000,394.10000000,2073303.79000000,842880032.16110000,919160
1709683200000,2024-03-06,394.10000000,434.70000000,385.60000000,429.40000000,1804741.11200000,751515764.42240000,770778
1709769600000,2024-03-07,429.40000000,476.80000000,423.20000000,474.60000000,1672134.41000000,749769224.13660000,665523
1709856000000,2024-03-08,474.60000000,489.60000000,462.50000000,485.80000000,1660311.36100000,791088261.86261200,706558
1709942400000,2024-03-09,485.80000000,493.80000000,480.70000000,488.30000000,852029.24100000,414533147.66760000,433520
1710028800000,2024-03-10,488.30000000,537.50000000,484.80000000,528.90000000,1944137.08400000,1008148996.34200000,909899
1710115200000,2024-03-11,528.90000000,533.80000000,505.50000000,523.00000000,1608146.39700000,837717178.08170000,729133
1710201600000,2024-03-12,523.00000000,548.50000000,519.00000000,537.50000000,1924767.68700000,1029803000.13680000,974595
1710288000000,2024-03-13,537.40000000,633.50000000,531.70000000,630.50000000,2526002.56400000,1472173679.01330000,1265237
1710374400000,2024-03-14,630.50000000,631.50000000,565.50000000,603.20000000,2119540.30000000,1276710945.00940000,1038297
1710460800000,2024-03-15,603.20000000,635.20000000,540.90000000,632.70000000,3066312.78800000,1801522551.25840000,1365283
1710547200000,2024-03-16,632.70000000,645.20000000,567.20000000,576.40000000,1811838.04200000,1089990828.53250000,1025452
1710633600000,2024-03-17,576.40000000,590.50000000,548.60000000,571.70000000,1712920.34100000,984797926.64510000,802297
1710720000000,2024-03-18,571.70000000,587.70000000,540.10000000,555.40000000,2284301.81400000,1280062076.32320000,994512
1710806400000,2024-03-19,555.40000000,560.60000000,495.80000000,507.70000000,2551361.51200000,1331115169.02830000,1213572
1710892800000,2024-03-20,507.70000000,559.00000000,500.00000000,556.80000000,1425296.57900000,749188287.30000000,809335
1710979200000,2024-03-21,556.70000000,571.00000000,540.60000000,553.80000000,953921.37200000,530484956.59650000,563996
1711065600000,2024-03-22,553.80000000,588.10000000,535.50000000,553.80000000,1181298.51000000,665146195.22310000,712381
1711152000000,2024-03-23,553.80000000,567.70000000,543.40000000,551.90000000,608753.32900000,338703185.90310000,381050
1711238400000,2024-03-24,551.90000000,573.00000000,548.70000000,567.70000000,442930.35000000,247685878.07800000,316278
1711324800000,2024-03-25,567.80000000,598.00000000,564.40000000,587.00000000,802695.51200000,469579231.51330000,583070
1711411200000,2024-03-26,587.10000000,597.00000000,571.90000000,580.40000000,569324.07900000,332801887.09260000,435915
1711497600000,2024-03-27,580.40000000,585.60000000,560.30000000,574.30000000,531668.40200000,305741133.05200000,425362
1711584000000,2024-03-28,574.20000000,591.70000000,574.10000000,583.40000000,503901.62400000,294749471.64280000,417770
1711670400000,2024-03-29,583.40000000,620.00000000,582.10000000,612.50000000,1042401.16900000,635441895.78020000,774967
1711756800000,2024-03-30,612.50000000,612.90000000,596.90000000,600.70000000,501020.14800000,303309397.29590000,418779
1711843200000,2024-03-31,600.70000000,608.80000000,600.40000000,606.70000000,325136.96700000,196801011.34640000,281965
1711929600000,2024-04-01,606.70000000,607.70000000,568.70000000,575.80000000,723114.09000000,422232040.53970000,550127
1712016000000,2024-04-02,575.80000000,578.20000000,546.30000000,551.40000000,998260.81400000,557890803.73390000,619723
1712102400000,2024-04-03,551.40000000,567.90000000,539.00000000,561.50000000,683925.23300000,380450017.15630000,403926
1712188800000,2024-04-04,561.60000000,597.60000000,560.80000000,585.50000000,879640.68000000,513029443.18140000,573215
1712275200000,2024-04-05,585.40000000,591.50000000,564.40000000,577.80000000,634206.61900000,367049671.06990000,487996
1712361600000,2024-04-06,577.80000000,591.30000000,575.10000000,585.40000000,226975.99600000,132278897.61390000,224088
1712448000000,2024-04-07,585.50000000,591.10000000,578.00000000,583.90000000,263849.21600000,154585203.35970000,251758
1712534400000,2024-04-08,583.80000000,601.10000000,577.70000000,586.40000000,483568.31200000,285425656.26930000,439330
1712620800000,2024-04-09,586.30000000,590.30000000,571.20000000,580.50000000,596275.79200000,345991219.25870000,482272
1712707200000,2024-04-10,580.40000000,610.60000000,573.40000000,609.70000000,816050.70000000,483100690.56720000,590395
1712793600000,2024-04-11,609.70000000,618.40000000,592.00000000,604.60000000,579678.19400000,350892798.40080000,473253
1712880000000,2024-04-12,604.60000000,634.50000000,571.00000000,595.60000000,1517722.65800000,922093314.93890000,1060352
1712966400000,2024-04-13,595.60000000,600.20000000,508.00000000,553.10000000,1761628.47300000,988296299.56080000,1267107
1713052800000,2024-04-14,553.00000000,576.00000000,536.10000000,566.40000000,965488.00300000,533164946.82690000,692805
1713139200000,2024-04-15,566.40000000,585.50000000,544.70000000,552.70000000,698443.30300000,395592622.75260000,596403
1713225600000,2024-04-16,552.70000000,554.20000000,522.80000000,537.60000000,623668.81300000,336470058.89080000,452185
1713312000000,2024-04-17,537.50000000,547.90000000,512.60000000,534.10000000,657909.35800000,350644262.60270000,464395
1713398400000,2024-04-18,534.00000000,555.90000000,527.00000000,552.10000000,589697.29600000,322107047.89270000,470350
1713484800000,2024-04-19,552.00000000,564.30000000,524.00000000,554.00000000,545504.18300000,299560802.64020000,367418
1713571200000,2024-04-20,554.10000000,574.30000000,548.80000000,570.90000000,242132.85900000,136141960.46300000,214259
1713657600000,2024-04-21,570.90000000,582.60000000,566.30000000,579.60000000,277755.72400000,159867167.93530000,259682
1713744000000,2024-04-22,579.60000000,608.70000000,578.40000000,604.50000000,522892.15700000,312535591.88830000,421292
1713830400000,2024-04-23,604.40000000,618.30000000,598.70000000,606.20000000,556883.34400000,338016342.92970000,467839
1713916800000,2024-04-24,606.20000000,618.50000000,592.60000000,608.80000000,656953.67700000,398136610.03930000,544681
1714003200000,2024-04-25,608.80000000,617.90000000,600.70000000,613.20000000,453745.51700000,276456819.92680000,353114
1714089600000,2024-04-26,613.30000000,615.00000000,597.00000000,598.00000000,302119.88400000,182921811.31280000,269508
1714176000000,2024-04-27,598.00000000,599.70000000,585.00000000,596.20000000,268783.91200000,159075524.04250000,233820
1714262400000,2024-04-28,596.20000000,609.00000000,596.20000000,600.20000000,258059.43100000,155563327.32730000,206703
1714348800000,2024-04-29,600.20000000,602.80000000,581.30000000,592.80000000,330474.00500000,194895190.94590000,271926
1714435200000,2024-04-30,592.80000000,604.30000000,555.70000000,578.40000000,766513.44600000,442024066.47450000,486465
1714521600000,2024-05-01,578.40000000,580.40000000,536.70000000,561.80000000,669027.31800000,371042856.39670000,427425
1714608000000,2024-05-02,561.80000000,565.90000000,539.50000000,560.50000000,359794.31500000,200004508.94470000,250921
1714694400000,2024-05-03,560.50000000,590.00000000,558.90000000,587.00000000,342906.43300000,196300747.86000000,257575
1714780800000,2024-05-04,587.00000000,593.60000000,582.50000000,585.70000000,197129.25100000,115907821.40020000,210303
1714867200000,2024-05-05,585.70000000,595.00000000,579.30000000,592.00000000,180458.23600000,106025278.22710000,180794
1714953600000,2024-05-06,592.00000000,602.30000000,583.10000000,588.20000000,278669.00500000,164915187.63340000,248490
1715040000000,2024-05-07,588.20000000,600.40000000,576.00000000,576.50000000,289488.70900000,170615635.12220000,266127
1715126400000,2024-05-08,576.50000000,590.00000000,574.40000000,588.60000000,297016.61700000,173445200.09710000,249379
1715212800000,2024-05-09,588.60000000,605.80000000,586.30000000,596.80000000,464857.60100000,277461169.03200000,332988
1715299200000,2024-05-10,596.80000000,597.00000000,581.50000000,585.60000000,296215.51600000,174757720.30650000,243047
1715385600000,2024-05-11,585.70000000,594.50000000,580.80000000,592.20000000,210698.30500000,123879065.46740000,176392
1715472000000,2024-05-12,592.20000000,600.10000000,587.30000000,594.80000000,191190.56200000,113647065.61950000,197594
1715558400000,2024-05-13,594.80000000,598.40000000,585.20000000,591.70000000,389810.28600000,231181529.92760000,289913
1715644800000,2024-05-14,591.70000000,593.10000000,562.00000000,567.10000000,453308.31600000,260670269.09210000,326414
1715731200000,2024-05-15,567.10000000,587.30000000,560.00000000,581.00000000,402812.99300000,231640318.72610000,368277
1715817600000,2024-05-16,581.00000000,586.60000000,565.10000000,569.20000000,411937.05600000,237940982.04500000,353258
1715904000000,2024-05-17,569.20000000,584.50000000,568.60000000,580.90000000,236919.61600000,136736066.00910000,229514
1715990400000,2024-05-18,580.90000000,581.90000000,574.20000000,580.30000000,168074.71100000,97276169.07840000,147254
1716076800000,2024-05-19,580.30000000,581.90000000,571.30000000,574.50000000,142157.48500000,82153015.50640000,136817
1716163200000,2024-05-20,574.60000000,602.00000000,568.80000000,599.60000000,469252.80600000,273916587.48380000,329460
1716249600000,2024-05-21,599.60000000,631.40000000,593.30000000,618.50000000,1023559.61300000,629680133.35340000,714176
1716336000000,2024-05-22,618.50000000,626.30000000,610.10000000,614.80000000,404848.48700000,250112541.59000000,358849
1716422400000,2024-05-23,614.80000000,617.50000000,580.00000000,599.30000000,607671.94700000,365408323.50650000,452702
1716508800000,2024-05-24,599.40000000,605.50000000,588.30000000,600.30000000,251965.17600000,150540221.74700000,234072
1716595200000,2024-05-25,600.30000000,606.70000000,599.50000000,602.40000000,121538.95800000,73238183.67870000,152418
1716681600000,2024-05-26,602.30000000,605.40000000,598.00000000,600.20000000,122983.66000000,73993292.51300000,136737
1716768000000,2024-05-27,600.30000000,614.40000000,599.60000000,603.90000000,229302.37700000,138990897.26280000,213322
1716854400000,2024-05-28,603.90000000,606.00000000,593.80000000,601.70000000,284862.98500000,170866428.74290000,276265
1716940800000,2024-05-29,601.70000000,603.60000000,593.10000000,595.70000000,212706.25400000,127314783.29320000,297215
1717027200000,2024-05-30,595.70000000,602.20000000,586.50000000,595.10000000,225452.34400000,134058231.54140000,247441
1717113600000,2024-05-31,595.10000000,599.00000000,590.00000000,593.70000000,168608.05400000,100127890.51890000,192563
1717200000000,2024-06-01,593.80000000,608.40000000,593.10000000,601.90000000,156464.89400000,93807304.54330000,168039
1717286400000,2024-06-02,601.90000000,606.00000000,596.00000000,602.90000000,198299.99600000,119216586.13900000,205029
1717372800000,2024-06-03,602.80000000,638.80000000,601.20000000,626.40000000,654161.46700000,408619568.52880000,445986
1717459200000,2024-06-04,626.40000000,688.20000000,624.80000000,685.70000000,736322.68030000,480618195.60853000,560841
1717545600000,2024-06-05,685.70000000,716.00000000,684.70000000,698.80000000,673820.56520000,471592896.67528710,516891
1717632000000,2024-06-06,698.80000000,721.80000000,692.00000000,711.20000000,544042.95920000,383971667.05461090,424589
1717718400000,2024-06-07,711.10000000,712.00000000,658.90000000,684.00000000,594753.99000000,411647370.98320000,467676
1717804800000,2024-06-08,684.00000000,694.90000000,677.90000000,682.70000000,216849.47300000,148522259.26700000,226469
1717891200000,2024-06-09,682.70000000,684.80000000,670.30000000,673.00000000,173565.78000000,117580243.22050000,205290
1717977600000,2024-06-10,673.10000000,674.80000000,613.30000000,625.10000000,692122.61600000,443628428.24560000,698508
1718064000000,2024-06-11,625.10000000,629.00000000,595.80000000,602.50000000,640655.92000000,392329646.87440000,607996
1718150400000,2024-06-12,602.50000000,635.40000000,591.30000000,619.40000000,454148.66100000,280606534.98020000,418125
1718236800000,2024-06-13,619.40000000,619.90000000,595.60000000,599.80000000,313465.47200000,189807512.15160000,444439
1718323200000,2024-06-14,599.80000000,612.50000000,590.00000000,603.30000000,279802.08500000,168377597.58930000,579504
1718409600000,2024-06-15,603.30000000,609.70000000,601.30000000,608.20000000,122650.19700000,74376625.49520000,239966
1718496000000,2024-06-16,608.20000000,611.80000000,601.10000000,610.80000000,104827.15400000,63655028.59630000,157731
1718582400000,2024-06-17,610.90000000,612.60000000,591.40000000,604.30000000,235509.02800000,141794445.71830000,287903
1718668800000,2024-06-18,604.30000000,605.20000000,575.00000000,588.60000000,459142.57300000,269411551.14010000,723050
1718755200000,2024-06-19,588.60000000,605.90000000,586.60000000,599.30000000,260529.06200000,155686523.00160000,302529
1718841600000,2024-06-20,599.30000000,608.00000000,584.60000000,587.70000000,289498.77200000,172878669.79020000,300306
1718928000000,2024-06-21,587.70000000,589.30000000,577.80000000,586.10000000,191182.61400000,111683509.52040000,231903
1719014400000,2024-06-22,586.20000000,591.40000000,581.00000000,591.10000000,100439.58400000,58889744.98830000,146230
1719100800000,2024-06-23,591.10000000,593.20000000,576.00000000,577.50000000,141025.83400000,82700074.15850000,187493
1719187200000,2024-06-24,577.50000000,582.00000000,551.20000000,568.10000000,356915.24800000,201975223.94530000,476485
1719273600000,2024-06-25,568.10000000,580.00000000,566.40000000,578.20000000,177300.69900000,101775508.71250000,223077
1719360000000,2024-06-26,578.30000000,584.70000000,567.40000000,573.00000000,154770.34400000,89021816.76670000,223761
1719446400000,2024-06-27,573.10000000,584.70000000,566.40000000,581.70000000,199582.23100000,114879067.50680000,224133
1719532800000,2024-06-28,581.80000000,585.30000000,565.60000000,567.40000000,210308.56500000,120971213.45250000,236220
1719619200000,2024-06-29,567.40000000,573.90000000,566.90000000,570.00000000,99951.16900000,57037745.31950000,184735
1719705600000,2024-06-30,570.00000000,585.30000000,568.30000000,582.20000000,169894.14800000,98063504.92000000,272102
1719792000000,2024-07-01,582.30000000,588.30000000,576.20000000,576.90000000,188481.95100000,109661771.21010000,255430
1719878400000,2024-07-02,576.90000000,582.00000000,573.90000000,580.10000000,144561.93400000,83595650.98730000,307060
1719964800000,2024-07-03,580.10000000,581.00000000,550.50000000,556.70000000,288318.80800000,162074388.46800000,294233
1720051200000,2024-07-04,556.70000000,558.10000000,511.60000000,513.60000000,511359.49400000,271362063.60330000,527426
1720137600000,2024-07-05,513.50000000,516.10000000,454.80000000,497.70000000,992708.16400000,477944738.99600000,850494
1720224000000,2024-07-06,497.80000000,530.70000000,496.00000000,526.00000000,226597.14100000,116325464.47300000,290569
1720310400000,2024-07-07,526.00000000,526.60000000,488.40000000,490.70000000,279027.45900000,141525511.50820000,318001
1720396800000,2024-07-08,490.70000000,524.20000000,471.00000000,510.60000000,580970.09600000,290874412.61810000,660754
1720483200000,2024-07-09,510.50000000,520.80000000,506.50000000,516.90000000,203358.60100000,104783981.27040000,271013
1720569600000,2024-07-10,516.90000000,529.40000000,511.30000000,524.70000000,205460.20800000,107482904.15800000,292550
1720656000000,2024-07-11,524.70000000,545.10000000,520.10000000,524.80000000,262788.57700000,139656345.37070000,416058
1720742400000,2024-07-12,524.90000000,537.50000000,517.00000000,533.80000000,207870.77800000,109277155.67520000,396773
1720828800000,2024-07-13,533.90000000,539.40000000,527.30000000,532.40000000,161128.43100000,85959545.62840000,281396
1720915200000,2024-07-14,532.50000000,547.70000000,531.20000000,544.80000000,148566.27300000,79894219.48690000,284131
1721001600000,2024-07-15,544.90000000,586.80000000,543.80000000,585.30000000,335372.77200000,189865878.41880000,573071
1721088000000,2024-07-16,585.30000000,587.50000000,554.40000000,576.20000000,347825.03000000,198747610.37120000,506046
1721174400000,2024-07-17,576.30000000,584.00000000,564.30000000,568.90000000,198271.20500000,114191416.28150000,380173
1721260800000,2024-07-18,568.90000000,579.60000000,561.60000000,571.90000000,153121.78400000,87460889.88590000,381280
1721347200000,2024-07-19,572.00000000,598.70000000,565.00000000,593.40000000,331877.52900000,194179639.02830000,580567
1721433600000,2024-07-20,593.40000000,597.90000000,586.70000000,593.10000000,144679.40400000,85733754.61220000,226000
1721520000000,2024-07-21,593.20000000,603.40000000,581.50000000,602.50000000,243931.76300000,145514213.20400000,301302
1721606400000,2024-07-22,602.50000000,605.60000000,580.30000000,587.20000000,212452.69000000,126474838.87110000,418597
1721692800000,2024-07-23,587.30000000,593.50000000,577.20000000,581.90000000,214355.31100000,125103987.17860000,305938
1721779200000,2024-07-24,582.00000000,589.10000000,570.40000000,574.90000000,160535.20800000,93548644.67850000,209580
1721865600000,2024-07-25,574.90000000,576.60000000,553.10000000,570.60000000,286997.52200000,161664095.84190000,331659
1721952000000,2024-07-26,570.70000000,582.80000000,570.20000000,580.90000000,155492.92000000,89808484.41800000,189339
1722038400000,2024-07-27,580.90000000,592.80000000,572.60000000,581.60000000,184468.85500000,107622930.32550000,229095
1722124800000,2024-07-28,581.60000000,584.90000000,574.50000000,583.90000000,92606.64200000,53762708.78600000,131654
1722211200000,2024-07-29,583.90000000,598.00000000,572.20000000,574.30000000,213824.08900000,125254349.94330000,303558
1722297600000,2024-07-30,574.30000000,588.30000000,566.60000000,588.20000000,165024.41300000,94752452.14390000,288160
1722384000000,2024-07-31,588.10000000,592.90000000,574.70000000,576.50000000,194701.72300000,113838698.84110000,297654
1722470400000,2024-08-01,576.50000000,578.00000000,553.70000000,575.10000000,280418.86500000,158920157.63530000,463264
1722556800000,2024-08-02,575.20000000,577.60000000,540.20000000,542.90000000,283605.00100000,158973647.91000000,431920
1722643200000,2024-08-03,542.90000000,545.30000000,521.30000000,529.60000000,245777.52500000,131076763.63820000,376792
1722729600000,2024-08-04,529.70000000,532.20000000,486.50000000,496.90000000,390238.28500000,198331072.87140000,521749
1722816000000,2024-08-05,496.90000000,499.90000000,400.00000000,464.20000000,2114679.75000000,936709946.27170000,1999683
1722902400000,2024-08-06,464.30000000,494.40000000,463.50000000,484.80000000,458815.00700000,221910821.61030000,588215
1722988800000,2024-08-07,484.90000000,497.70000000,468.10000000,475.00000000,322182.48700000,155878721.24770000,490829
1723075200000,2024-08-08,475.00000000,521.70000000,467.50000000,517.10000000,286744.60800000,142644959.03290000,396134
1723161600000,2024-08-09,517.20000000,518.40000000,498.70000000,508.70000000,195125.10600000,99252951.01510000,300036
1723248000000,2024-08-10,508.70000000,525.40000000,507.20000000,523.10000000,126212.23800000,65106264.40610000,188096
1723334400000,2024-08-11,523.20000000,535.80000000,502.30000000,503.40000000,206038.71400000,107396614.40000000,327297
1723420800000,2024-08-12,503.50000000,524.00000000,499.20000000,518.20000000,285951.34700000,146276671.41020000,434495
1723507200000,2024-08-13,518.30000000,527.00000000,513.10000000,524.20000000,255029.49700000,132679939.59350000,350436
1723593600000,2024-08-14,524.20000000,531.90000000,515.40000000,523.40000000,220850.01100000,115904285.29380000,379215
1723680000000,2024-08-15,523.40000000,533.90000000,510.00000000,519.20000000,229628.30600000,119729441.44650000,405281
1723766400000,2024-08-16,519.20000000,524.50000000,509.90000000,519.70000000,174036.14100000,90234466.81960000,351806
1723852800000,2024-08-17,519.70000000,547.70000000,518.30000000,541.60000000,196365.58600000,104648859.65980000,304316
1723939200000,2024-08-18,541.70000000,542.60000000,530.80000000,531.20000000,148890.01800000,80080999.48610000,279357
1724025600000,2024-08-19,531.30000000,560.70000000,529.10000000,558.40000000,233275.35200000,126752012.14470000,369716
1724112000000,2024-08-20,558.50000000,574.90000000,558.20000000,569.40000000,422053.69300000,239532350.76050000,605130
1724198400000,2024-08-21,569.40000000,575.10000000,546.10000000,570.10000000,345601.77000000,194150513.28760000,460388
1724284800000,2024-08-22,570.20000000,590.00000000,559.70000000,582.90000000,365020.28400000,211506200.42280000,618404
1724371200000,2024-08-23,583.00000000,600.60000000,574.30000000,591.70000000,387772.66300000,226667831.47600000,587037
1724457600000,2024-08-24,591.70000000,592.40000000,574.60000000,580.50000000,325168.89700000,189230078.10680000,604105
1724544000000,2024-08-25,580.50000000,583.90000000,569.00000000,573.90000000,195984.55900000,112871783.18750000,381566
1724630400000,2024-08-26,573.90000000,575.60000000,546.70000000,548.20000000,280985.57600000,157546934.30900000,560769
1724716800000,2024-08-27,548.30000000,558.30000000,520.50000000,533.30000000,298073.97400000,162636857.13070000,597897
1724803200000,2024-08-28,533.30000000,546.80000000,522.40000000,537.00000000,269794.77700000,144652361.63580000,558357
1724889600000,2024-08-29,537.00000000,545.50000000,530.90000000,536.40000000,166187.11300000,89803592.12430000,462298
1724976000000,2024-08-30,536.40000000,543.40000000,522.00000000,535.20000000,197825.89500000,105438037.18510000,457496
1725062400000,2024-08-31,535.20000000,541.50000000,531.10000000,532.90000000,95954.07200000,51436756.33390000,235799
1725148800000,2024-09-01,532.90000000,533.20000000,507.70000000,512.40000000,203698.86700000,105736484.88960000,499073
1725235200000,2024-09-02,512.30000000,530.20000000,501.50000000,526.30000000,262984.42600000,135310263.71920000,517693
1725321600000,2024-09-03,526.40000000,538.40000000,517.90000000,518.70000000,224481.65000000,118957795.67900000,491809
1725408000000,2024-09-04,518.80000000,523.70000000,495.80000000,507.60000000,435892.30600000,220932561.90790000,813796
1725494400000,2024-09-05,507.60000000,512.90000000,496.70000000,502.40000000,177237.32000000,89376836.94900000,499358
1725580800000,2024-09-06,502.40000000,509.90000000,471.30000000,487.20000000,357704.72700000,176434177.24640000,786352
1725667200000,2024-09-07,487.30000000,499.50000000,482.90000000,493.50000000,140367.31200000,69061059.85940000,355628
1725753600000,2024-09-08,493.60000000,506.90000000,490.70000000,503.10000000,135677.17300000,67747241.96830000,363517
1725840000000,2024-09-09,503.20000000,525.70000000,501.70000000,518.70000000,207528.54000000,106181387.99370000,510008
1725926400000,2024-09-10,518.70000000,524.30000000,509.20000000,517.00000000,161417.81200000,83683310.82780000,390632
1726012800000,2024-09-11,517.00000000,535.40000000,506.50000000,530.10000000,204079.60200000,106177105.33790000,568921
1726099200000,2024-09-12,530.20000000,548.70000000,530.00000000,544.50000000,273877.80000000,148485556.56680000,596092
1726185600000,2024-09-13,544.60000000,559.70000000,538.70000000,556.40000000,276743.27300000,151886434.19940000,558805
1726272000000,2024-09-14,556.40000000,559.20000000,547.50000000,553.30000000,138432.96400000,76552118.09140000,259051
1726358400000,2024-09-15,553.40000000,561.90000000,546.00000000,553.40000000,205254.79000000,114158887.18050000,413854
1726444800000,2024-09-16,553.40000000,555.20000000,527.00000000,533.70000000,267953.69000000,145272204.95420000,581589
1726531200000,2024-09-17,533.70000000,552.70000000,529.00000000,546.20000000,195288.36000000,106087089.09300000,449287
1726617600000,2024-09-18,546.20000000,559.70000000,536.80000000,559.50000000,201182.98500000,109823535.94590000,510408
1726704000000,2024-09-19,559.50000000,572.20000000,553.00000000,567.00000000,308427.74200000,173555626.41650000,558489
1726790400000,2024-09-20,566.90000000,577.10000000,555.00000000,569.00000000,257077.70900000,146299260.29600000,568811
1726876800000,2024-09-21,569.10000000,590.00000000,566.40000000,588.60000000,208752.23000000,121144029.98500000,399532
1726963200000,2024-09-22,588.70000000,594.60000000,576.40000000,588.70000000,202978.79100000,118527723.48240000,418231
1727049600000,2024-09-23,588.70000000,616.00000000,583.40000000,604.50000000,376010.20700000,225838917.18620000,659028
1727136000000,2024-09-24,604.50000000,613.40000000,598.50000000,605.90000000,261622.13100000,158406716.97440000,565904
1727222400000,2024-09-25,605.80000000,608.30000000,584.20000000,587.40000000,220793.94800000,131577137.98820000,447562
1727308800000,2024-09-26,587.50000000,609.00000000,580.80000000,596.30000000,334337.47400000,199000531.35560000,646729
1727395200000,2024-09-27,596.30000000,614.70000000,596.00000000,606.80000000,356901.64000000,216600653.36910000,639779
1727481600000,2024-09-28,606.90000000,618.60000000,594.50000000,601.10000000,262593.38100000,159074265.46120000,469042
1727568000000,2024-09-29,601.10000000,602.80000000,592.40000000,595.60000000,160103.08400000,95653191.06340000,328313
1727654400000,2024-09-30,595.60000000,595.80000000,563.50000000,567.40000000,324086.73700000,187098291.11320000,704335
1727740800000,2024-10-01,567.40000000,583.10000000,536.80000000,547.30000000,476372.94500000,266084992.26320000,1024113
1727827200000,2024-10-02,547.20000000,558.30000000,535.40000000,542.50000000,282193.66300000,154229595.05610000,567076
1727913600000,2024-10-03,542.50000000,550.80000000,534.30000000,544.80000000,220702.34200000,119668355.74840000,609573
1728000000000,2024-10-04,544.80000000,557.80000000,541.80000000,555.30000000,186169.62800000,102741705.88210000,484523
1728086400000,2024-10-05,555.30000000,565.20000000,551.60000000,563.00000000,124906.38200000,70050933.41910000,328254
1728172800000,2024-10-06,563.00000000,571.90000000,561.10000000,570.30000000,106787.34000000,60348493.10960000,289826
1728259200000,2024-10-07,570.40000000,581.80000000,563.50000000,564.30000000,213046.67600000,122157732.78520000,603464
1728345600000,2024-10-08,564.40000000,586.80000000,559.50000000,580.80000000,286276.17700000,164556094.65750000,687832
1728432000000,2024-10-09,580.80000000,586.00000000,566.20000000,570.70000000,324396.05400000,187764600.04060000,706841
1728518400000,2024-10-10,570.80000000,572.90000000,551.50000000,563.90000000,178198.30900000,100625398.37540000,627366
1728604800000,2024-10-11,563.80000000,577.50000000,560.10000000,573.60000000,185095.35800000,105075683.88370000,494403
1728691200000,2024-10-12,573.70000000,579.20000000,573.60000000,576.60000000,135773.95900000,78315432.78740000,350037
1728777600000,2024-10-13,576.60000000,578.50000000,564.90000000,572.20000000,118779.97600000,67955148.44160000,349095
1728864000000,2024-10-14,572.30000000,592.30000000,558.90000000,589.10000000,252803.17600000,147353933.53770000,622130
1728950400000,2024-10-15,589.00000000,599.90000000,577.70000000,594.50000000,324305.89700000,191193163.47130000,935703
1729036800000,2024-10-16,594.60000000,605.50000000,589.70000000,600.90000000,259951.12900000,155177541.69390000,732070
1729123200000,2024-10-17,601.00000000,606.30000000,585.10000000,592.90000000,194199.41600000,115638450.58710000,574860
1729209600000,2024-10-18,592.90000000,602.40000000,591.80000000,599.20000000,136743.66900000,81756722.03320000,421335
1729296000000,2024-10-19,599.30000000,601.40000000,595.40000000,597.70000000,78940.23900000,47206621.57690000,208927
1729382400000,2024-10-20,597.80000000,607.30000000,593.10000000,605.90000000,123572.05700000,74016985.85700000,306415
1729468800000,2024-10-21,605.90000000,611.80000000,591.50000000,598.80000000,275880.77800000,166472429.79900000,627019
1729555200000,2024-10-22,598.80000000,609.00000000,587.00000000,593.80000000,203756.93400000,121183814.78580000,418879
1729641600000,2024-10-23,593.80000000,595.00000000,573.00000000,584.90000000,225698.46500000,131627008.02640000,572617
1729728000000,2024-10-24,584.90000000,598.00000000,583.30000000,594.50000000,145781.53700000,86192860.02540000,463329
1729814400000,2024-10-25,594.50000000,597.60000000,565.80000000,575.30000000,254214.69300000,148562012.60020000,783030
1729900800000,2024-10-26,575.30000000,587.10000000,571.60000000,583.40000000,119987.43700000,69636988.27440000,422862
1729987200000,2024-10-27,583.40000000,591.00000000,581.70000000,589.20000000,94455.09900000,55358950.43060000,270337
1730073600000,2024-10-28,589.30000000,604.60000000,585.50000000,601.10000000,189815.88200000,112841110.98410000,592169
1730160000000,2024-10-29,601.10000000,612.20000000,599.90000000,606.30000000,301555.35700000,183028445.44590000,684113
1730246400000,2024-10-30,606.30000000,606.70000000,594.10000000,595.60000000,186706.28100000,111921261.72470000,532438
1730332800000,2024-10-31,595.50000000,596.50000000,571.10000000,576.60000000,279156.17500000,162569407.17430000,570966
1730419200000,2024-11-01,576.50000000,585.50000000,567.70000000,573.10000000,242255.18400000,139653646.53760000,699407
1730505600000,2024-11-02,573.10000000,577.20000000,562.40000000,568.60000000,143716.60300000,81923716.47340000,368434
1730592000000,2024-11-03,568.60000000,569.30000000,547.00000000,557.70000000,217508.46800000,121252911.93940000,701156
1730678400000,2024-11-04,557.70000000,564.80000000,543.60000000,552.50000000,264951.83300000,147460854.17364000,773496
1730764800000,2024-11-05,552.51000000,572.80000000,551.22000000,563.21000000,211437.75300000,118914324.13832000,803821
1730851200000,2024-11-06,563.21000000,595.00000000,563.00000000,592.22000000,535934.92700000,312142762.64576000,1406733
1730937600000,2024-11-07,592.22000000,611.20000000,587.01000000,598.26000000,377600.50600000,226127478.91521000,957275
1731024000000,2024-11-08,598.27000000,605.90000000,588.10000000,597.82000000,318752.71800000,190252650.44896000,840005
1731110400000,2024-11-09,597.82000000,638.00000000,597.51000000,624.66000000,772172.65500000,481873005.65544000,1360388
1731196800000,2024-11-10,624.67000000,644.20000000,611.62000000,627.33000000,812783.74700000,513661217.73232000,1433530
1731283200000,2024-11-11,627.34000000,665.54000000,613.00000000,659.63000000,1006384.73800000,635276133.39284000,1851229
1731369600000,2024-11-12,659.63000000,667.40000000,610.00000000,625.33000000,1166459.01300000,743633998.73705000,2169201
1731456000000,2024-11-13,625.42000000,638.06000000,598.60000000,620.68000000,1034672.11400000,638914920.75909000,1679578
1731542400000,2024-11-14,620.68000000,660.40000000,610.50000000,622.30000000,1060649.70000000,673257806.86197000,2073886
1731628800000,2024-11-15,622.30000000,628.30000000,603.40000000,619.37000000,654908.22100000,403836027.70154000,1675202
1731715200000,2024-11-16,619.37000000,633.70000000,617.50000000,622.69000000,447887.92300000,279947693.94271000,1380269
1731801600000,2024-11-17,622.69000000,647.60000000,605.20000000,618.90000000,595820.37600000,373035601.88046000,1620884
1731888000000,2024-11-18,618.93000000,630.91000000,612.10000000,618.93000000,483382.13600000,300412598.77804000,1390991
1731974400000,2024-11-19,618.93000000,621.41000000,605.21000000,615.50000000,420441.21000000,258923024.56484000,1223765
1732060800000,2024-11-20,615.49000000,620.78000000,600.00000000,605.39000000,411142.62800000,251205966.08475000,1233524
1732147200000,2024-11-21,605.39000000,629.37000000,593.05000000,621.86000000,647295.15800000,397863790.46244000,1655881
1732233600000,2024-11-22,621.86000000,639.64000000,615.05000000,633.00000000,582665.92300000,366036815.39355000,1632171
1732320000000,2024-11-23,633.00000000,680.00000000,631.10000000,650.42000000,1071184.97200000,704006630.96840000,2402894
1732406400000,2024-11-24,650.42000000,687.75000000,637.08000000,659.65000000,914571.36800000,603815106.11156000,1960144
1732492800000,2024-11-25,659.65000000,676.79000000,626.43000000,636.20000000,783511.29000000,511818189.88482000,1737341
1732579200000,2024-11-26,636.16000000,645.57000000,600.02000000,613.51000000,814621.93800000,506683169.58735000,1691253
1732665600000,2024-11-27,613.50000000,646.75000000,607.79000000,644.14000000,629623.88500000,395138256.51757000,1463772
1732752000000,2024-11-28,644.15000000,664.68000000,639.79000000,653.83000000,684789.62800000,447310382.25311000,1584912
1732838400000,2024-11-29,653.84000000,663.80000000,648.42000000,654.67000000,429893.73000000,281863687.62204000,1180985
1732924800000,2024-11-30,654.67000000,677.20000000,648.00000000,653.43000000,545812.56900000,360781212.65124000,1370197
1733011200000,2024-12-01,653.44000000,664.17000000,645.16000000,655.99000000,434417.25300000,284736496.31933000,1206704
1733097600000,2024-12-02,656.00000000,667.20000000,627.99000000,647.82000000,771630.19200000,496814257.59973000,1857659
1733184000000,2024-12-03,647.83000000,750.01000000,622.85000000,734.64000000,1575647.79800000,1065360654.90280100,2481338
1733270400000,2024-12-04,734.64000000,793.86000000,720.00000000,739.53000000,2092976.42800000,1585363383.63889780,3385203
1733356800000,2024-12-05,739.54000000,739.90000000,690.00000000,717.10000000,1159099.38800000,833940195.14058000,2206192
1733443200000,2024-12-06,717.10000000,745.93000000,705.06000000,730.22000000,747138.47500000,543354617.64708000,1495972
1733529600000,2024-12-07,730.22000000,761.00000000,729.69000000,749.72000000,445276.17300000,332521641.55229000,1244934
1733616000000,2024-12-08,749.71000000,757.26000000,727.47000000,742.00000000,343120.56400000,254746861.56089000,1046084
1733702400000,2024-12-09,742.00000000,742.50000000,642.00000000,689.19000000,1068109.72400000,750478040.89311000,2260664
1733788800000,2024-12-10,689.20000000,704.92000000,649.13000000,676.80000000,984801.75000000,668829820.38149000,2146483
1733875200000,2024-12-11,676.80000000,713.00000000,658.54000000,711.21000000,526819.30200000,363578391.09084000,1217954
1733961600000,2024-12-12,711.20000000,725.61000000,699.36000000,705.77000000,576876.96500000,412636064.68138000,1423605
1734048000000,2024-12-13,705.77000000,729.88000000,696.80000000,725.72000000,548598.29400000,392046785.60903000,1149982
1734134400000,2024-12-14,725.73000000,732.11000000,705.01000000,715.79000000,341929.14500000,246341704.54359000,1010826
1734220800000,2024-12-15,715.80000000,724.08000000,702.66000000,718.87000000,282457.79500000,201977197.65233000,1024397
1734307200000,2024-12-16,718.87000000,730.00000000,704.16000000,720.58000000,483844.55300000,346826686.35011000,1382058
1734393600000,2024-12-17,720.58000000,737.37000000,712.24000000,717.69000000,502868.87200000,364062746.70020000,1442171
1734480000000,2024-12-18,717.70000000,722.00000000,681.00000000,686.38000000,726576.02200000,513577858.41071000,1405247
1734566400000,2024-12-19,686.39000000,705.57000000,648.63000000,665.62000000,840266.48000000,570986179.25140000,1697188
1734652800000,2024-12-20,665.61000000,680.58000000,618.69000000,678.60000000,982349.40600000,641954913.39672000,1975278
1734739200000,2024-12-21,678.60000000,693.39000000,652.00000000,663.49000000,529437.78900000,356262914.98044000,1047124
1734825600000,2024-12-22,663.50000000,669.71000000,639.37000000,649.77000000,333704.37600000,219106651.60070000,818883
1734912000000,2024-12-23,649.77000000,698.50000000,638.10000000,694.16000000,606364.09100000,407676502.73876000,1250928
1734998400000,2024-12-24,694.16000000,699.00000000,682.68000000,696.90000000,386936.21700000,267684126.68790000,801176
1735084800000,2024-12-25,696.89000000,713.28000000,695.94000000,702.72000000,232510.25000000,163663370.11294000,619252
1735171200000,2024-12-26,702.71000000,719.99000000,683.00000000,689.40000000,381100.00200000,266171547.70220000,983804
1735257600000,2024-12-27,689.40000000,718.88000000,685.73000000,691.85000000,347156.04300000,241387898.60907000,994784
1735344000000,2024-12-28,691.86000000,731.24000000,691.30000000,722.13000000,344251.86100000,246552528.75129000,873546
1735430400000,2024-12-29,722.13000000,724.70000000,690.00000000,694.71000000,241528.14400000,170580495.58564000,611981
1735516800000,2024-12-30,694.71000000,712.20000000,687.75000000,705.36000000,297267.10300000,207719498.60121000,862172
1735603200000,2024-12-31,705.35000000,714.99000000,698.48000000,702.30000000,235464.83200000,166146690.59762000,685689
1735689600000,2025-01-01,702.31000000,711.50000000,700.30000000,707.84000000,135703.33900000,95912659.04516000,450993
1735776000000,2025-01-02,707.84000000,715.80000000,698.04000000,706.25000000,292533.81100000,206642127.74701000,715222
1735862400000,2025-01-03,706.24000000,715.69000000,697.03000000,714.88000000,291701.67500000,206214578.80261000,703090
1735948800000,2025-01-04,714.87000000,721.84000000,707.82000000,713.41000000,167274.26200000,119663318.91078000,477042
1736035200000,2025-01-05,713.41000000,713.93000000,702.51000000,709.29000000,115144.34500000,81589551.09740000,357365
1736121600000,2025-01-06,709.29000000,745.29000000,705.91000000,729.42000000,357347.85900000,259202689.33863000,797928
1736208000000,2025-01-07,729.42000000,733.33000000,691.20000000,698.01000000,436096.68200000,311205654.41287000,1160929
1736294400000,2025-01-08,698.00000000,707.46000000,674.72000000,696.03000000,427277.95700000,295988402.30722000,1190705
1736380800000,2025-01-09,696.03000000,701.72000000,675.12000000,685.48000000,331906.57800000,229395154.56301000,939316
1736467200000,2025-01-10,685.47000000,700.69000000,683.18000000,693.21000000,234590.48700000,162476464.70200000,738587
1736553600000,2025-01-11,693.21000000,701.47000000,690.39000000,696.70000000,87734.79000000,61027521.95983000,334776
1736640000000,2025-01-12,696.71000000,698.63000000,689.80000000,693.34000000,78211.29500000,54271115.40096000,300207
1736726400000,2025-01-13,693.35000000,700.00000000,660.00000000,688.64000000,386629.94300000,260749933.34469000,1119948
1736812800000,2025-01-14,688.64000000,699.97000000,686.30000000,698.89000000,159723.60900000,110907862.84401000,486074
1736899200000,2025-01-15,698.89000000,715.00000000,688.45000000,714.59000000,282718.75200000,198505959.43022000,792835
1736985600000,2025-01-16,714.59000000,717.50000000,700.50000000,708.10000000,268104.72600000,190449199.40963000,799246
1737072000000,2025-01-17,708.10000000,729.97000000,708.10000000,721.76000000,289751.27800000,208863892.21405000,802129
1737158400000,2025-01-18,721.76000000,723.32000000,695.00000000,709.52000000,370480.45600000,261042036.22393000,837865
1737244800000,2025-01-19,709.52000000,714.60000000,676.00000000,683.19000000,712985.29800000,494826558.77689000,1623738
1737331200000,2025-01-20,683.20000000,709.38000000,671.00000000,682.51000000,668236.48700000,460253770.23451000,2049759
1737417600000,2025-01-21,682.51000000,697.00000000,675.01000000,692.21000000,294203.47100000,201877994.17057000,1220430
1737504000000,2025-01-22,692.21000000,704.13000000,689.93000000,695.52000000,218410.23300000,152163801.08273000,778968
1737590400000,2025-01-23,695.52000000,697.65000000,680.26000000,689.74000000,331191.45600000,227449444.31795000,1136767
1737676800000,2025-01-24,689.73000000,691.31000000,678.75000000,680.45000000,280584.30500000,192311060.58876000,722265
1737763200000,2025-01-25,680.45000000,689.56000000,677.68000000,686.40000000,140203.27600000,96002980.74890000,398257
1737849600000,2025-01-26,686.40000000,690.82000000,664.64000000,667.37000000,195887.16800000,133335964.38517000,468081
1737936000000,2025-01-27,667.36000000,680.53000000,637.79000000,679.74000000,486667.79500000,319943135.41218000,1736427
1738022400000,2025-01-28,679.75000000,682.88000000,659.40000000,661.29000000,202591.47400000,136320412.20259000,698982
1738108800000,2025-01-29,661.28000000,680.01000000,659.37000000,667.97000000,255536.13800000,171429451.13217000,829325
1738195200000,2025-01-30,667.97000000,682.99000000,666.00000000,677.53000000,145419.42100000,98572665.66848000,458024
1738281600000,2025-01-31,677.53000000,689.44000000,673.50000000,677.47000000,190707.86100000,129837529.78904000,578966
1738368000000,2025-02-01,677.48000000,681.56000000,650.73000000,652.94000000,177371.37200000,118479169.50354000,572608
1738454400000,2025-02-02,652.94000000,663.22000000,600.00000000,617.80000000,506728.60300000,319686544.33016000,2193785
1738540800000,2025-02-03,617.80000000,619.19000000,500.00000000,617.21000000,1340856.88500000,761429704.70862000,4325820
1738627200000,2025-02-04,617.21000000,619.24000000,557.88000000,572.69000000,549571.47300000,320290589.18650000,1769343
1738713600000,2025-02-05,572.69000000,580.00000000,561.22000000,569.55000000,227055.22500000,129716884.83023000,925294
1738800000000,2025-02-06,569.55000000,589.99000000,568.87000000,571.72000000,334342.95300000,193969742.34818000,1102386
1738886400000,2025-02-07,571.71000000,589.90000000,570.58000000,577.71000000,222673.88000000,129451341.96099000,857222
1738972800000,2025-02-08,577.70000000,633.73000000,573.62000000,612.39000000,490805.54600000,297489199.61406000,1061209
1739059200000,2025-02-09,612.39000000,648.13000000,602.40000000,615.81000000,774091.07100000,486494461.58509000,1655609
1739145600000,2025-02-10,615.81000000,622.42000000,596.24000000,618.65000000,360129.03800000,218954195.88323000,1383830
1739232000000,2025-02-11,618.65000000,646.94000000,615.08000000,642.11000000,488539.29100000,310084181.73871000,1641560
1739318400000,2025-02-12,642.12000000,705.48000000,626.88000000,696.93000000,822216.62300000,547344272.16887000,2332162
1739404800000,2025-02-13,696.92000000,732.00000000,658.28000000,664.72000000,1766921.69500000,1235503153.47365000,4414763
1739491200000,2025-02-14,664.73000000,684.86000000,652.00000000,659.71000000,650460.87500000,435455485.36749000,1781548
1739577600000,2025-02-15,659.72000000,671.43000000,653.46000000,662.21000000,255950.89700000,169188074.94996000,994231
1739664000000,2025-02-16,662.21000000,686.04000000,653.11000000,673.10000000,362205.96300000,242885041.45402000,1291598
1739750400000,2025-02-17,673.10000000,682.29000000,657.99000000,667.51000000,323350.27600000,217073600.40769000,1237030
1739836800000,2025-02-18,667.52000000,668.30000000,629.65000000,648.18000000,366356.98800000,237605531.27277000,1391692
1739923200000,2025-02-19,648.19000000,664.44000000,636.99000000,653.38000000,352798.24300000,230093608.31893000,1191211
1740009600000,2025-02-20,653.38000000,659.03000000,645.88000000,656.36000000,215894.36800000,140683645.98812000,881876
1740096000000,2025-02-21,656.36000000,668.50000000,635.00000000,647.47000000,317327.15500000,207737127.35011000,1188753
1740182400000,2025-02-22,647.47000000,679.90000000,645.21000000,668.57000000,297923.18400000,197901565.80744000,943929
1740268800000,2025-02-23,668.57000000,671.10000000,648.49000000,658.42000000,166658.01300000,110014935.59318000,575895
1740355200000,2025-02-24,658.41000000,659.56000000,610.60000000,614.20000000,360147.15300000,228275603.70987000,1455350
1740441600000,2025-02-25,614.19000000,628.70000000,586.00000000,623.49000000,647434.61200000,393335861.56722000,2577232
1740528000000,2025-02-26,623.49000000,632.14000000,594.07000000,611.57000000,428035.43100000,263292239.55094000,1692118
1740614400000,2025-02-27,611.57000000,619.77000000,595.84000000,605.41000000,295518.11600000,180214548.10665000,1226636
1740700800000,2025-02-28,605.41000000,606.33000000,559.71000000,588.07000000,600999.31900000,348100030.61127000,2432030
1740787200000,2025-03-01,588.07000000,609.48000000,586.40000000,607.93000000,292254.35600000,174627265.35593000,907408
1740873600000,2025-03-02,607.94000000,635.01000000,601.50000000,623.94000000,469069.23000000,290922261.43101000,1562454
1740960000000,2025-03-03,623.94000000,624.36000000,567.50000000,576.10000000,497949.87900000,296931073.33352000,1973288
1741046400000,2025-03-04,576.09000000,588.75000000,546.83000000,584.01000000,488869.85100000,277254366.05704000,2272449
1741132800000,2025-03-05,584.01000000,606.06000000,580.57000000,598.24000000,206205.98800000,122536170.87545000,1100570
1741219200000,2025-03-06,598.25000000,612.90000000,589.20000000,596.50000000,223701.39000000,134753375.22754000,988783
1741305600000,2025-03-07,596.49000000,610.20000000,577.23000000,594.77000000,289363.93300000,172750428.92419000,1444209
1741392000000,2025-03-08,594.77000000,602.77000000,590.11000000,593.10000000,117220.63100000,69991200.96482000,584699
1741478400000,2025-03-09,593.10000000,593.10000000,550.20000000,554.65000000,246382.90400000,140015234.56134000,1116177
1741564800000,2025-03-10,554.65000000,573.40000000,523.01000000,531.49000000,410154.62000000,225187261.71934000,1870843
1741651200000,2025-03-11,531.49000000,566.00000000,507.00000000,551.61000000,691870.52100000,377448189.68830000,2542958
1741737600000,2025-03-12,551.61000000,574.95000000,544.63000000,569.87000000,367224.21100000,205368085.28517000,1256293
1741824000000,2025-03-13,569.87000000,613.71000000,567.99000000,579.80000000,647497.02800000,379822302.22007000,1747273
1741910400000,2025-03-14,579.80000000,589.81000000,576.61000000,587.76000000,213012.08200000,124194131.58567000,762657
1741996800000,2025-03-15,587.76000000,619.96000000,587.49000000,619.83000000,254324.00900000,153638521.26638000,782849
1742083200000,2025-03-16,619.82000000,622.80000000,593.06000000,602.20000000,255774.31600000,154620391.15023000,894863
1742169600000,2025-03-17,602.21000000,643.72000000,602.04000000,631.69000000,591668.18400000,372213621.75484000,1356953
1742256000000,2025-03-18,631.68000000,643.33000000,620.28000000,627.81000000,443437.83300000,280327124.87383000,1122369
1742342400000,2025-03-19,627.81000000,628.20000000,604.36000000,618.70000000,399993.64500000,246061914.58732000,1063862
1742428800000,2025-03-20,618.71000000,637.75000000,616.55000000,630.47000000,578472.12500000,363283126.57964000,1595124
1742515200000,2025-03-21,630.47000000,637.80000000,624.92000000,635.17000000,262205.56900000,165876355.89652000,898550
1742601600000,2025-03-22,635.16000000,636.10000000,623.79000000,627.01000000,140206.08300000,88175594.70204000,553359
1742688000000,2025-03-23,627.01000000,629.14000000,619.50000000,623.79000000,155602.57800000,96944430.59188000,554919
1742774400000,2025-03-24,623.80000000,639.50000000,618.00000000,637.08000000,307575.99100000,193512028.36247000,946889
1742860800000,2025-03-25,637.08000000,644.88000000,627.05000000,629.82000000,554571.55700000,353137599.65513000,1145565
1742947200000,2025-03-26,629.82000000,634.01000000,615.30000000,617.99000000,222093.83500000,139017120.22607000,598142
1743033600000,2025-03-27,618.00000000,642.50000000,617.20000000,637.36000000,743401.84700000,471692258.54266000,1409175
1743120000000,2025-03-28,637.36000000,637.51000000,616.00000000,619.81000000,317817.16000000,199721001.67967000,815115
1743206400000,2025-03-29,619.81000000,623.84000000,596.97000000,602.99000000,254422.26100000,154421898.07789000,821221
1743292800000,2025-03-30,603.00000000,613.37000000,593.58000000,602.20000000,195649.40500000,118304368.03307000,645314
1743379200000,2025-03-31,602.20000000,608.89000000,587.26000000,604.81000000,254764.26900000,152922764.81958000,884465
1743465600000,2025-04-01,604.81000000,618.54000000,604.46000000,611.13000000,565603.06900000,346421089.82224000,1089355
1743552000000,2025-04-02,611.12000000,614.00000000,584.85000000,590.68000000,399507.95700000,240612013.95480000,1295784
1743638400000,2025-04-03,590.67000000,610.58000000,578.46000000,592.67000000,507928.51400000,303406596.77059000,1371430
1743724800000,2025-04-04,592.68000000,600.00000000,585.00000000,597.71000000,177145.40500000,105181815.22505000,810433
1743811200000,2025-04-05,597.71000000,599.00000000,588.71000000,593.13000000,85938.07900000,51106827.24289000,380314
1743897600000,2025-04-06,593.13000000,593.78000000,544.17000000,555.54000000,332256.26500000,189035699.70554000,1118055
1743984000000,2025-04-07,555.55000000,567.60000000,520.00000000,554.60000000,727293.86000000,397028708.94978000,2220788
1744070400000,2025-04-08,554.60000000,566.00000000,547.64000000,553.72000000,212191.86000000,118512835.45122000,1049822
1744156800000,2025-04-09,553.72000000,585.97000000,534.30000000,582.32000000,378370.12700000,213004910.74643000,1609476
1744243200000,2025-04-10,582.32000000,583.58000000,566.17000000,578.03000000,369219.86300000,212832786.45699000,1138171
1744329600000,2025-04-11,578.03000000,590.36000000,575.70000000,585.93000000,174700.72000000,101866043.54306000,606797
1744416000000,2025-04-12,585.93000000,600.48000000,584.00000000,597.29000000,151268.70800000,89655284.51600000,557934
1744502400000,2025-04-13,597.30000000,598.67000000,580.32000000,584.28000000,144896.28500000,85200185.56801000,690159
1744588800000,2025-04-14,584.29000000,593.10000000,583.14000000,584.54000000,153827.79500000,90513576.06251000,734997
1744675200000,2025-04-15,584.53000000,590.84000000,579.38000000,579.52000000,141640.57900000,83039414.12500000,536522
1744761600000,2025-04-16,579.52000000,587.00000000,576.00000000,582.80000000,174537.94800000,101484755.50647000,657295
1744848000000,2025-04-17,582.80000000,592.97000000,581.00000000,590.49000000,151848.25900000,89134723.84238000,484906
1744934400000,2025-04-18,590.50000000,596.08000000,587.08000000,591.71000000,191575.74800000,113223034.09646000,437839
1745020800000,2025-04-19,591.70000000,594.49000000,587.70000000,591.73000000,96609.00300000,57098589.67930000,302829
1745107200000,2025-04-20,591.74000000,595.23000000,587.50000000,592.77000000,115343.59800000,68276647.28278000,355346
1745193600000,2025-04-21,592.77000000,608.52000000,592.53000000,597.34000000,171926.42200000,103304762.56314000,606843
1745280000000,2025-04-22,597.32000000,619.90000000,595.00000000,618.51000000,285468.16400000,173308242.97900000,720292
1745366400000,2025-04-23,618.50000000,619.99000000,601.38000000,605.71000000,314125.44800000,191839028.68921000,931184
1745452800000,2025-04-24,605.72000000,606.78000000,592.59000000,601.55000000,204214.28000000,122518204.22908000,688342
1745539200000,2025-04-25,601.56000000,610.35000000,597.20000000,599.91000000,257426.55400000,155796837.88555000,804129
1745625600000,2025-04-26,599.90000000,609.25000000,599.34000000,607.23000000,137533.14200000,83138818.02772000,496928
1745712000000,2025-04-27,607.23000000,608.68000000,597.00000000,603.46000000,121784.47600000,73282794.69697000,445823
1745798400000,2025-04-28,603.46000000,608.27000000,598.20000000,606.16000000,143778.00800000,86833971.50822000,558813
1745884800000,2025-04-29,606.16000000,610.75000000,598.10000000,601.00000000,236809.99700000,143146651.13683000,618674
1745971200000,2025-04-30,601.00000000,604.44000000,591.42000000,599.88000000,210580.66400000,126352033.11528000,579043
1746057600000,2025-05-01,599.88000000,605.28000000,598.14000000,599.63000000,156229.22900000,94008927.36652000,462918
1746144000000,2025-05-02,599.64000000,603.61000000,595.12000000,600.69000000,141344.86500000,84772654.30253000,400361
1746230400000,2025-05-03,600.69000000,601.20000000,595.23000000,599.36000000,100770.29400000,60296742.70511000,302618
1746316800000,2025-05-04,599.36000000,600.49000000,584.70000000,586.03000000,143960.83500000,85298964.66439000,425251
1746403200000,2025-05-05,586.02000000,599.98000000,583.55000000,597.61000000,201100.58900000,119371782.25071000,493859
1746489600000,2025-05-06,597.61000000,603.18000000,593.23000000,602.57000000,214613.10700000,128368850.19364000,557571
1746576000000,2025-05-07,602.57000000,609.07000000,597.89000000,602.70000000,194088.59100000,117132375.09366000,519932
1746662400000,2025-05-08,602.70000000,629.33000000,600.80000000,629.17000000,384267.52500000,236647691.95012000,939619
1746748800000,2025-05-09,629.17000000,671.15000000,623.12000000,666.29000000,480734.86900000,306980185.05931000,1362546
1746835200000,2025-05-10,666.29000000,678.95000000,648.83000000,663.90000000,444595.43000000,294150052.77147000,1321115
1746921600000,2025-05-11,663.90000000,668.49000000,647.83000000,651.15000000,319998.95900000,210577921.77225000,965437
1747008000000,2025-05-12,651.15000000,693.00000000,647.31000000,660.07000000,586386.94500000,392542282.91301000,1658320
1747094400000,2025-05-13,660.08000000,672.00000000,640.66000000,664.13000000,416309.75000000,272901658.76016000,1236144
1747180800000,2025-05-14,664.12000000,667.33000000,647.15000000,652.47000000,290029.99400000,190546608.72786000,986450
1747267200000,2025-05-15,652.47000000,661.00000000,642.29000000,651.88000000,313560.81300000,204057655.69996000,1164772
1747353600000,2025-05-16,651.88000000,659.97000000,644.00000000,646.76000000,200793.60700000,131210358.66972000,766260
1747440000000,2025-05-17,646.76000000,646.90000000,635.05000000,639.51000000,141777.71100000,90893253.25120000,656073
1747526400000,2025-05-18,639.50000000,655.19000000,634.39000000,651.53000000,189475.29600000,122348372.20883000,690151
1747612800000,2025-05-19,651.54000000,653.53000000,633.51000000,649.62000000,210901.52000000,135603856.35643000,806175
1747699200000,2025-05-20,649.62000000,653.75000000,640.14000000,650.00000000,169584.29100000,109772099.60261000,632029
1747785600000,2025-05-21,650.00000000,678.00000000,648.49000000,673.31000000,470531.89500000,311660393.95119000,1133569
1747872000000,2025-05-22,673.31000000,690.02000000,673.00000000,686.57000000,390007.99600000,266404901.15309000,992245
1747958400000,2025-05-23,686.57000000,691.35000000,652.19000000,656.98000000,343668.70700000,231427488.36750000,1142401
1748044800000,2025-05-24,656.99000000,677.47000000,655.40000000,668.01000000,165142.03900000,110606139.47037000,627945
1748131200000,2025-05-25,668.00000000,671.67000000,657.10000000,669.44000000,169208.32200000,112315213.63574000,606622
1748217600000,2025-05-26,669.45000000,678.33000000,668.22000000,674.29000000,180148.25200000,121339916.24473000,575205
1748304000000,2025-05-27,674.30000000,697.73000000,666.56000000,686.91000000,326163.49100000,223248228.18154000,914236
1748390400000,2025-05-28,686.90000000,689.22000000,680.04000000,686.89000000,211875.74300000,145022738.54658000,713128
1748476800000,2025-05-29,686.89000000,691.24000000,673.33000000,675.02000000,260985.13600000,178247626.81514000,844624
1748563200000,2025-05-30,675.02000000,678.50000000,653.22000000,655.36000000,218723.50900000,146064088.43998000,990495
1748649600000,2025-05-31,655.36000000,661.42000000,645.04000000,658.01000000,158379.39000000,103495185.93207000,770569
1748736000000,2025-06-01,658.01000000,662.48000000,647.58000000,660.77000000,131807.44800000,86198532.12636000,571836
1748822400000,2025-06-02,660.77000000,667.00000000,650.05000000,665.93000000,143785.60500000,94585715.45310000,676770
1748908800000,2025-06-03,665.93000000,673.43000000,657.11000000,661.59000000,158377.45900000,105542302.93054000,615491
1748995200000,2025-06-04,661.60000000,671.76000000,660.84000000,663.23000000,124473.80200000,83119492.09170000,514423
1749081600000,2025-06-05,663.24000000,670.92000000,625.44000000,633.32000000,271543.14900000,176686621.86037000,1013492
1749168000000,2025-06-06,633.33000000,651.51000000,629.38000000,642.70000000,169535.95700000,108901056.43203000,625128
1749254400000,2025-06-07,642.71000000,653.81000000,639.69000000,650.82000000,90666.37000000,58781736.18277000,329816
1749340800000,2025-06-08,650.82000000,656.39000000,646.49000000,652.00000000,72300.31400000,47052170.18367000,304842
1749427200000,2025-06-09,652.00000000,667.74000000,648.01000000,665.58000000,127272.15800000,83644611.37634000,508179
1749513600000,2025-06-10,665.58000000,674.00000000,657.26000000,673.51000000,176645.05600000,117408553.72931000,713456
1749600000000,2025-06-11,673.51000000,674.80000000,662.20000000,667.43000000,177934.08500000,119080780.42267000,642930
1749686400000,2025-06-12,667.42000000,669.93000000,651.91000000,654.75000000,152793.97500000,101339742.77840000,651576
1749772800000,2025-06-13,654.76000000,659.42000000,639.01000000,655.35000000,223303.91700000,145072177.30440000,954080
1749859200000,2025-06-14,655.35000000,655.36000000,639.00000000,645.61000000,93690.14300000,60587334.88062000,370153
1749945600000,2025-06-15,645.61000000,652.00000000,642.77000000,648.19000000,79324.64600000,51386018.57671000,346804
1750032000000,2025-06-16,648.19000000,659.46000000,646.26000000,650.74000000,124203.78700000,81319264.39316000,476014
1750118400000,2025-06-17,650.74000000,659.00000000,640.11000000,648.08000000,182982.26300000,119391370.60418000,708532
1750204800000,2025-06-18,648.09000000,654.31000000,637.35000000,644.77000000,143725.67400000,92747657.02993000,604528
1750291200000,2025-06-19,644.77000000,646.50000000,638.66000000,644.65000000,80404.98500000,51715724.58785000,340969
1750377600000,2025-06-20,644.65000000,651.02000000,638.00000000,641.61000000,143279.62200000,92391446.73424000,479084
1750464000000,2025-06-21,641.61000000,644.84000000,621.94000000,628.97000000,143508.11600000,91039970.44005000,502284
1750550400000,2025-06-22,628.98000000,635.51000000,601.25000000,615.81000000,243515.03300000,150461464.40226000,908458
1750636800000,2025-06-23,615.81000000,642.79000000,615.05000000,640.49000000,219674.32900000,137434002.16861000,824397
1750723200000,2025-06-24,640.50000000,644.09000000,636.17000000,643.53000000,131607.23100000,84247712.66687000,495451
1750809600000,2025-06-25,643.53000000,652.64000000,641.85000000,646.07000000,169433.15400000,109446216.98338000,588673
1750896000000,2025-06-26,646.06000000,650.00000000,641.12000000,642.30000000,103057.28600000,66552033.67641000,455413
1750982400000,2025-06-27,642.30000000,648.44000000,639.16000000,645.71000000,81302.95500000,52434499.65195000,393437
1751068800000,2025-06-28,645.72000000,649.18000000,644.25000000,648.60000000,57714.96500000,37311567.00110000,219864
1751155200000,2025-06-29,648.61000000,656.00000000,646.72000000,654.90000000,73235.79600000,47617946.51691000,274297
1751241600000,2025-06-30,654.90000000,660.00000000,651.17000000,656.90000000,110702.19600000,72511068.06305000,424941
1751328000000,2025-07-01,656.90000000,659.10000000,644.00000000,646.33000000,85803.05500000,55853408.99266000,381179
1751414400000,2025-07-02,646.34000000,664.85000000,643.71000000,659.71000000,112807.95500000,74257373.93229000,413737
1751500800000,2025-07-03,659.70000000,664.57000000,656.70000000,663.59000000,99001.43600000,65465622.82548000,401632
1751587200000,2025-07-04,663.58000000,664.17000000,650.21000000,653.60000000,89027.41200000,58469301.05020000,377665
1751673600000,2025-07-05,653.60000000,656.75000000,652.00000000,656.16000000,51648.28900000,33813242.68712000,217046
1751760000000,2025-07-06,656.17000000,664.99000000,653.54000000,663.13000000,82399.11900000,54387999.31117000,299084
1751846400000,2025-07-07,663.13000000,663.50000000,656.77000000,661.06000000,83232.98400000,55019317.81961000,316562
1751932800000,2025-07-08,661.06000000,662.60000000,657.36000000,660.63000000,86374.04200000,57014603.70360000,333828
1752019200000,2025-07-09,660.63000000,671.50000000,659.05000000,668.68000000,123551.59500000,82087015.33234000,421990
1752105600000,2025-07-10,668.69000000,687.70000000,667.25000000,685.80000000,214967.53600000,145245124.55052000,623891
1752192000000,2025-07-11,685.80000000,697.24000000,682.83000000,689.99000000,268353.90400000,185244954.90644000,951072
1752278400000,2025-07-12,689.98000000,697.00000000,679.63000000,685.86000000,134785.18500000,92906122.92625000,632277
1752364800000,2025-07-13,685.86000000,694.12000000,685.12000000,692.00000000,84925.72300000,58641223.00475000,420139
1752451200000,2025-07-14,692.01000000,707.54000000,686.05000000,689.12000000,253634.99600000,177173266.82730000,916315
1752537600000,2025-07-15,689.13000000,693.21000000,675.30000000,689.92000000,188962.49100000,129048003.51493000,862340
1752624000000,2025-07-16,689.93000000,715.56000000,685.20000000,708.61000000,238334.93800000,167032328.53935000,890354
1752710400000,2025-07-17,708.61000000,727.85000000,706.14000000,720.65000000,409572.67500000,294063734.31481000,1476504
1752796800000,2025-07-18,720.64000000,765.56000000,718.73000000,729.92000000,556430.08500000,412241488.29112000,1898312
1752883200000,2025-07-19,729.92000000,742.50000000,718.76000000,733.20000000,188095.81000000,137599574.21818000,852649
1752969600000,2025-07-20,733.20000000,761.29000000,731.50000000,756.82000000,253255.20300000,189589685.25925000,1009318
1753056000000,2025-07-21,756.82000000,781.99000000,746.06000000,766.22000000,338419.95200000,259224085.92258000,1384348
1753142400000,2025-07-22,766.22000000,788.35000000,745.00000000,786.68000000,359074.05600000,274410540.66907000,1533013
1753228800000,2025-07-23,786.69000000,809.84000000,752.47000000,776.74000000,709087.15660000,558758062.20970900,2200934
1753315200000,2025-07-24,776.74000000,786.16000000,742.62000000,770.74000000,363436.73700000,279037336.76837000,1671053
1753401600000,2025-07-25,770.74000000,786.00000000,752.22000000,785.45000000,284068.12100000,218078862.99362000,1384684
1753488000000,2025-07-26,785.44000000,798.00000000,778.28000000,793.29000000,128764.39100000,101212044.16622000,550872
1753574400000,2025-07-27,793.30000000,847.12000000,791.04000000,844.00000000,397296.25550000,324733711.47652630,1227811
1753660800000,2025-07-28,844.00000000,861.10000000,820.64000000,824.07000000,517734.69120000,436930876.44892700,1777923
1753747200000,2025-07-29,824.07000000,835.06000000,800.12000000,805.10000000,427366.13200000,349478646.03652000,1731840
1753833600000,2025-07-30,805.11000000,811.64000000,766.21000000,793.51000000,369598.73600000,292598414.78571000,1494587
1753920000000,2025-07-31,793.51000000,814.80000000,781.38000000,783.14000000,335026.14500000,268061917.80243000,1282644
1754006400000,2025-08-01,783.13000000,795.40000000,744.69000000,757.08000000,393831.55800000,303104688.78998000,1865479
1754092800000,2025-08-02,757.08000000,770.11000000,732.36000000,736.42000000,209282.99200000,157038728.09590000,1112572
1754179200000,2025-08-03,736.43000000,755.53000000,730.01000000,751.21000000,142700.96500000,106592055.52365000,668939
1754265600000,2025-08-04,751.21000000,770.00000000,750.47000000,768.63000000,171505.40600000,130422799.09016000,719115
1754352000000,2025-08-05,768.62000000,769.79000000,745.11000000,755.13000000,179458.96000000,135631922.09486000,978941
1754438400000,2025-08-06,755.13000000,774.84000000,746.26000000,769.55000000,163684.71000000,124894215.68082000,768132
1754524800000,2025-08-07,769.55000000,788.68000000,764.17000000,788.67000000,188106.80200000,145543031.21357000,691791
1754611200000,2025-08-08,788.67000000,798.50000000,780.74000000,793.50000000,195309.71800000,154082425.69663000,900983
1754697600000,2025-08-09,793.50000000,819.44000000,792.81000000,798.83000000,202384.75300000,163260549.46883000,747875
1754784000000,2025-08-10,798.83000000,815.50000000,793.68000000,807.22000000,162735.30300000,130869121.44240000,744916
1754870400000,2025-08-11,807.22000000,827.59000000,792.00000000,805.09000000,316220.57200000,255934175.20574000,1304619
1754956800000,2025-08-12,805.09000000,839.90000000,797.73000000,832.47000000,268762.25900000,219773129.75768000,1077867
1755043200000,2025-08-13,832.48000000,858.89000000,828.23000000,848.01000000,395861.31300000,334799833.79984000,1373115
1755129600000,2025-08-14,848.02000000,869.40000000,820.60000000,840.42000000,592656.97930000,502655557.96402900,2131970
1755216000000,2025-08-15,840.42000000,853.53000000,812.57000000,827.81000000,252091.10800000,210411186.81867000,1250650
1755302400000,2025-08-16,827.80000000,839.79000000,825.06000000,838.71000000,114512.10000000,95367308.35974000,558186
1755388800000,2025-08-17,838.71000000,864.00000000,838.04000000,855.38000000,164953.85600000,140814256.94088000,711532
1755475200000,2025-08-18,855.38000000,858.51000000,825.00000000,846.99000000,233741.60300000,196010871.99911000,1162125
1755561600000,2025-08-19,847.00000000,851.95000000,823.00000000,824.11000000,211802.02600000,177598520.77224000,1210799
1755648000000,2025-08-20,824.10000000,881.02000000,818.57000000,869.05000000,392159.86150000,332759264.45614560,1503538
1755734400000,2025-08-21,869.05000000,883.86000000,833.46000000,839.49000000,277889.67600000,237896920.48474400,1224435
1755820800000,2025-08-22,839.49000000,900.71000000,839.23000000,900.21000000,430842.53170000,375716244.24275500,1822909
1755907200000,2025-08-23,900.20000000,900.21000000,875.55000000,880.42000000,209279.87200000,185676260.62180000,1034502
1755993600000,2025-08-24,880.42000000,886.66000000,859.34000000,876.51000000,289492.31700000,252241190.91150000,1153575
1756080000000,2025-08-25,876.51000000,880.75000000,832.76000000,839.32000000,320570.15500000,275451434.76334000,1681385
1756166400000,2025-08-26,839.32000000,868.00000000,829.59000000,863.70000000,194882.08900000,164870874.54430000,1093286
1756252800000,2025-08-27,863.70000000,867.10000000,852.90000000,855.18000000,135243.45700000,116374619.66615000,889218
1756339200000,2025-08-28,855.18000000,881.36000000,850.85000000,873.47000000,232414.92200000,202249121.93069000,1156281
1756425600000,2025-08-29,873.48000000,878.00000000,850.19000000,862.30000000,180524.21900000,155483294.41144000,1018319
1756512000000,2025-08-30,862.30000000,864.00000000,851.61000000,862.00000000,101039.98100000,86722431.33024000,565600
1756598400000,2025-08-31,862.00000000,867.70000000,857.00000000,857.65000000,94241.19300000,81214520.85845000,556584
1756684800000,2025-09-01,857.66000000,869.15000000,840.00000000,845.68000000,254185.71500000,217105498.75903000,1222034
1756771200000,2025-09-02,845.68000000,856.68000000,840.71000000,851.80000000,164333.16900000,139702195.82979000,786975
1756857600000,2025-09-03,851.80000000,864.06000000,848.91000000,854.76000000,116453.02200000,99662265.22545000,518178
1756944000000,2025-09-04,854.76000000,856.72000000,841.10000000,843.63000000,108195.90200000,91679289.64725000,512461
1757030400000,2025-09-05,843.62000000,857.73000000,842.22000000,850.14000000,120856.95100000,102670054.02438000,515156
1757116800000,2025-09-06,850.14000000,865.00000000,849.55000000,860.85000000,144234.05400000,123901879.62194000,468263
1757203200000,2025-09-07,860.86000000,884.05000000,860.55000000,880.05000000,136538.05800000,118996279.84708000,463226
1757289600000,2025-09-08,880.05000000,885.85000000,870.01000000,878.08000000,177574.78100000,156027069.01887000,604041
1757376000000,2025-09-09,878.08000000,884.83000000,871.38000000,880.01000000,150610.03000000,132237315.63281000,534537
1757462400000,2025-09-10,880.00000000,907.38000000,877.04000000,893.77000000,306830.17800000,274181538.83569200,870907
1757548800000,2025-09-11,893.77000000,904.53000000,888.38000000,902.77000000,179913.18200000,161378078.80814000,594895
1757635200000,2025-09-12,902.77000000,929.90000000,901.41000000,924.80000000,240267.93720000,219285340.43978610,864607
1757721600000,2025-09-13,924.81000000,943.86000000,922.11000000,933.68000000,251751.23240000,234836986.25964120,951149
1757808000000,2025-09-14,933.68000000,944.95000000,921.91000000,926.51000000,159814.97500000,149043322.80995000,733414
1757894400000,2025-09-15,926.51000000,935.72000000,910.64000000,919.68000000,175249.08700000,161428141.25427000,887020
1757980800000,2025-09-16,919.68000000,959.00000000,916.66000000,955.65000000,284918.83850000,267637447.74703920,1095803
1758067200000,2025-09-17,955.65000000,995.44000000,946.10000000,989.98000000,362193.19580000,348652678.69459790,1312915
1758153600000,2025-09-18,989.97000000,1006.88000000,979.48000000,981.04000000,402672.56170000,400199947.42999750,1191548
1758240000000,2025-09-19,981.05000000,1002.99000000,973.90000000,984.10000000,333582.76100000,329790921.50354000,1203920
1758326400000,2025-09-20,984.10000000,1048.00000000,982.90000000,1043.77000000,380966.07660000,385737171.31240270,1387842
1758412800000,2025-09-21,1043.77000000,1083.47000000,1039.20000000,1047.80000000,464411.28230000,492520656.67600100,1957353
1758499200000,2025-09-22,1047.80000000,1050.55000000,976.89000000,992.90000000,588730.39600000,596953882.44591000,2238187
1758585600000,2025-09-23,992.90000000,1027.37000000,962.38000000,1015.98000000,420071.07000000,421467277.89249000,1841480
1758672000000,2025-09-24,1015.98000000,1034.50000000,991.46000000,1018.49000000,363049.88200000,369092358.89094000,1604582
1758758400000,2025-09-25,1018.49000000,1019.90000000,939.55000000,945.90000000,635121.25400000,621318167.97413000,2137489
1758844800000,2025-09-26,945.90000000,966.23000000,932.01000000,960.80000000,384757.51400000,364408611.11634000,1633419
1758931200000,2025-09-27,960.81000000,985.79000000,955.56000000,968.45000000,245246.41500000,238037235.70271000,1042251
1759017600000,2025-09-28,968.46000000,993.65000000,962.68000000,993.01000000,188486.48000000,183624760.07743000,890962
1759104000000,2025-09-29,993.01000000,1036.00000000,991.12000000,1029.79000000,291982.50000000,295253054.46815000,1569259
1759190400000,2025-09-30,1029.79000000,1034.01000000,992.93000000,1008.51000000,258830.97100000,261981911.10553000,1437959
1759276800000,2025-10-01,1008.51000000,1036.20000000,1003.35000000,1026.50000000,269007.81100000,274516783.81454000,1361838
1759363200000,2025-10-02,1026.50000000,1099.22000000,1022.01000000,1090.22000000,380679.44500000,401900249.30658000,1876448
1759449600000,2025-10-03,1090.22000000,1192.42000000,1083.84000000,1189.40000000,744996.72060000,842965061.36155700,3184974
1759536000000,2025-10-04,1189.40000000,1190.47000000,1134.93000000,1150.75000000,337438.50900000,390930674.94389000,1735291
1759622400000,2025-10-05,1150.75000000,1189.00000000,1143.14000000,1167.38000000,306730.17800000,357420641.03322000,1748354
1759708800000,2025-10-06,1167.38000000,1239.94000000,1161.85000000,1223.19000000,587477.56010000,711781233.38062700,2594739
1759795200000,2025-10-07,1223.17000000,1349.99000000,1204.61000000,1304.43000000,1351678.48870000,1737403256.53866800,5035273
1759881600000,2025-10-08,1304.43000000,1334.19000000,1264.32000000,1307.40000000,826555.12300000,1076913281.89229000,3491480
1759968000000,2025-10-09,1307.40000000,1320.00000000,1224.38000000,1255.35000000,925627.60400000,1178510754.12517000,3147403
1760054400000,2025-10-10,1255.35000000,1278.52000000,860.11000000,1102.47000000,1505025.67300000,1738588911.96338000,4860775
1760140800000,2025-10-11,1102.57000000,1182.76000000,1073.00000000,1135.07000000,1050905.24500000,1181376420.04246000,4839241
1760227200000,2025-10-12,1135.07000000,1319.80000000,1107.43000000,1302.65000000,1205248.01600000,1490023746.48351000,5001950
1760313600000,2025-10-13,1302.65000000,1375.11000000,1251.28000000,1294.55000000,1483076.97190000,1944702007.14038000,5971974
1760400000000,2025-10-14,1294.54000000,1318.26000000,1143.01000000,1208.52000000,1398659.78200000,1691229151.13683000,6244627
1760486400000,2025-10-15,1208.55000000,1222.76000000,1148.92000000,1162.57000000,707327.74700000,836699442.94997000,3590517
1760572800000,2025-10-16,1162.57000000,1195.00000000,1122.31000000,1144.83000000,716826.49700000,835695242.85643000,3898793
1760659200000,2025-10-17,1144.83000000,1156.30000000,1021.00000000,1071.15000000,1066221.77100000,1143128765.33737000,5122105
1760745600000,2025-10-18,1071.15000000,1131.05000000,1069.41000000,1092.43000000,419996.51700000,462124290.22768000,2270208
1760832000000,2025-10-19,1092.42000000,1133.76000000,1068.04000000,1109.88000000,409987.57200000,451830662.14455000,2153017
1760918400000,2025-10-20,1109.88000000,1143.20000000,1088.19000000,1100.19000000,481311.05500000,535214259.16311000,2579921
1761004800000,2025-10-21,1100.20000000,1114.53000000,1052.46000000,1057.16000000,541524.50100000,586956054.55562000,2763340
1761091200000,2025-10-22,1057.16000000,1083.80000000,1053.25000000,1071.82000000,397249.06200000,424924796.09075000,2326963
1761177600000,2025-10-23,1071.83000000,1161.90000000,1071.83000000,1126.72000000,774946.71800000,864047274.96687000,3416697
1761264000000,2025-10-24,1126.71000000,1144.17000000,1097.39000000,1109.01000000,342712.64200000,385108586.81592000,1924437
1761350400000,2025-10-25,1109.00000000,1120.89000000,1100.96000000,1116.53000000,162716.58300000,181193804.95172000,845838
1761436800000,2025-10-26,1116.53000000,1143.35000000,1114.48000000,1138.19000000,240939.54500000,272038928.29650000,1275693
1761523200000,2025-10-27,1138.19000000,1182.60000000,1131.44000000,1138.88000000,494467.69500000,569610822.72901000,2424722
1761609600000,2025-10-28,1138.88000000,1148.94000000,1074.00000000,1103.45000000,351579.17000000,395192652.33630000,2071891
1761696000000,2025-10-29,1103.45000000,1121.35000000,1082.59000000,1107.70000000,459713.49600000,510072430.34674000,2344960
1761782400000,2025-10-30,1107.70000000,1129.55000000,1043.48000000,1079.05000000,508291.65700000,554615753.48928000,2818780
1761868800000,2025-10-31,1079.06000000,1104.93000000,1071.43000000,1088.90000000,537669.64600000,584994779.09792000,2726472
1761955200000,2025-11-01,1088.90000000,1096.93000000,1081.80000000,1094.53000000,163493.54800000,178160836.27944000,851250
1762041600000,2025-11-02,1094.54000000,1094.92000000,1071.74000000,1083.25000000,132402.54800000,143615965.50532000,808562
1762128000000,2025-11-03,1083.25000000,1087.24000000,960.18000000,993.54000000,685198.88500000,695307374.09516000,3297405
1762214400000,2025-11-04,993.54000000,1002.12000000,880.80000000,936.77000000,985275.51800000,924046511.24224000,4907198
1762300800000,2025-11-05,936.79000000,969.27000000,900.39000000,959.33000000,526144.02700000,497402208.36976000,2910960
1762387200000,2025-11-06,959.32000000,965.23000000,925.07000000,950.40000000,312622.42500000,295927015.25126000,1985255
1762473600000,2025-11-07,950.40000000,995.60000000,925.70000000,991.15000000,452713.50400000,434871852.02567000,2719761
1762560000000,2025-11-08,991.14000000,1007.41000000,980.05000000,991.03000000,301705.68900000,300155965.29685000,1766264
1762646400000,2025-11-09,991.01000000,1007.16000000,975.84000000,996.63000000,256660.74800000,254503411.11084000,1363066
1762732800000,2025-11-10,996.63000000,1019.56000000,976.22000000,991.98000000,281128.79600000,280689673.13887000,1713723
1762819200000,2025-11-11,991.99000000,1008.60000000,956.08000000,958.08000000,283951.86900000,278122345.76054000,1791482
1762905600000,2025-11-12,958.08000000,978.61000000,937.90000000,952.86000000,216987.11600000,207895272.16893000,1541836
1762992000000,2025-11-13,952.87000000,972.20000000,905.72000000,927.15000000,334345.07800000,314259121.50930000,2155736
1763078400000,2025-11-14,927.15000000,934.04000000,887.88000000,915.25000000,438193.00800000,401204627.31223000,2900970
1763164800000,2025-11-15,915.26000000,945.22000000,914.91000000,932.28000000,161984.70500000,151171632.97185000,1147540
1763251200000,2025-11-16,932.27000000,949.77000000,908.16000000,926.56000000,252157.87700000,233987143.94290000,1826002
1763337600000,2025-11-17,926.59000000,939.55000000,891.72000000,907.36000000,332891.85600000,305134278.30436000,2543671
1763424000000,2025-11-18,907.36000000,939.99000000,884.40000000,932.79000000,357275.45800000,326663851.75577000,2340875
1763510400000,2025-11-19,932.79000000,941.06000000,872.38000000,897.77000000,296358.27400000,268307936.85822000,2057310
1763596800000,2025-11-20,897.78000000,917.00000000,865.57000000,866.51000000,301802.98100000,269032673.70796000,2087055
1763683200000,2025-11-21,866.51000000,877.33000000,790.79000000,830.46000000,654486.04900000,542979217.98351000,3636424
1763769600000,2025-11-22,830.47000000,842.93000000,813.77000000,833.78000000,167225.62000000,138427266.23421000,1454706
1763856000000,2025-11-23,833.78000000,855.46000000,833.28000000,843.60000000,167524.17700000,141704290.78926000,1017588
1763942400000,2025-11-24,843.60000000,876.30000000,830.01000000,864.92000000,248464.80200000,211511619.02536000,1555651
1764028800000,2025-11-25,864.90000000,867.66000000,837.47000000,862.57000000,158750.85900000,135823380.71101000,1086897
1764115200000,2025-11-26,862.58000000,897.25000000,851.72000000,891.78000000,159649.39200000,139460353.89772000,1047100
1764201600000,2025-11-27,891.77000000,904.86000000,883.80000000,895.74000000,141249.08400000,126273074.47225000,811084
1764288000000,2025-11-28,895.75000000,906.50000000,876.15000000,887.19000000,174843.67700000,155822041.55361000,1120706
1764374400000,2025-11-29,887.20000000,889.00000000,868.25000000,872.90000000,80059.93200000,70344820.67889000,540333
1764460800000,2025-11-30,872.90000000,899.75000000,869.56000000,875.31000000,106230.58700000,94178228.95986000,654131
1764547200000,2025-12-01,875.30000000,877.12000000,801.70000000,826.61000000,342746.38500000,283999640.03460000,1933181
1764633600000,2025-12-02,826.60000000,885.00000000,820.46000000,876.61000000,233149.68000000,199034705.02779000,1487908
1764720000000,2025-12-03,876.60000000,922.63000000,873.60000000,920.76000000,227309.92900000,204499249.05121000,1408052
1764806400000,2025-12-04,920.77000000,928.24000000,886.79000000,899.92000000,165779.56300000,150836824.66394000,1257410
1764892800000,2025-12-05,899.92000000,907.92000000,870.18000000,883.57000000,137493.99900000,122346994.84129000,1186200
1764979200000,2025-12-06,883.57000000,897.90000000,878.01000000,890.38000000,81289.98100000,72211284.20858000,708493
1765065600000,2025-12-07,890.38000000,906.00000000,870.23000000,894.37000000,131888.81400000,117366943.71489000,1094327
1765152000000,2025-12-08,894.38000000,913.29000000,888.93000000,897.12000000,121354.06000000,109535418.55455000,1140074
1765238400000,2025-12-09,897.13000000,928.00000000,881.78000000,897.30000000,209645.57300000,189336040.76546000,1384532
1765324800000,2025-12-10,897.30000000,915.00000000,884.27000000,893.43000000,186333.02100000,166693561.34981000,1320366
1765411200000,2025-12-11,893.43000000,894.70000000,859.54000000,885.91000000,182476.86400000,159114587.16925000,1436206
1765497600000,2025-12-12,885.92000000,896.07000000,870.58000000,881.58000000,110640.46600000,97852155.11364000,973955
1765584000000,2025-12-13,881.59000000,904.22000000,880.32000000,896.82000000,92401.05400000,82431393.00693000,650049
1765670400000,2025-12-14,896.82000000,899.50000000,870.11000000,877.27000000,110914.02800000,98442378.82563000,858682
1765756800000,2025-12-15,877.27000000,895.42000000,840.75000000,858.60000000,210867.87100000,182971113.85925000,1586386
1765843200000,2025-12-16,858.61000000,878.44000000,847.00000000,875.63000000,240835.33600000,208552022.88205000,1573030
1765929600000,2025-12-17,875.64000000,876.16000000,833.39000000,843.07000000,378073.20900000,324665474.75020000,2026373
1766016000000,2025-12-18,843.07000000,853.49000000,818.39000000,830.07000000,432024.87800000,361452776.18740000,2203650
1766102400000,2025-12-19,830.08000000,862.33000000,822.38000000,856.17000000,1227346.95700000,1035735760.17278000,2543581
1766188800000,2025-12-20,856.17000000,859.70000000,850.90000000,854.17000000,57015.13200000,48685094.40048000,389041
1766275200000,2025-12-21,854.17000000,859.91000000,845.50000000,858.64000000,69986.81700000,59650811.23645000,577502
1766361600000,2025-12-22,858.63000000,871.00000000,850.85000000,858.66000000,147275.98800000,127026489.46550000,994531
1766448000000,2025-12-23,858.67000000,861.46000000,838.24000000,844.30000000,103894.87400000,88114840.52677000,770380
1766534400000,2025-12-24,844.30000000,850.00000000,835.21000000,846.58000000,84917.78100000,71413872.14449000,769130
1766620800000,2025-12-25,846.57000000,847.99000000,826.81000000,829.64000000,72777.08700000,61067016.30325000,602493
1766707200000,2025-12-26,829.63000000,847.16000000,821.21000000,834.72000000,120232.78600000,100443874.53481000,1020709
1766793600000,2025-12-27,834.72000000,846.54000000,834.00000000,845.04000000,89882.36600000,75505665.25729000,602676
1766880000000,2025-12-28,845.05000000,867.22000000,839.20000000,859.32000000,91601.98600000,78245545.48423000,640033
1766966400000,2025-12-29,859.32000000,872.12000000,846.00000000,852.46000000,127151.44700000,109137090.48325000,901806
1767052800000,2025-12-30,852.46000000,864.05000000,848.70000000,861.65000000,73233.04700000,62791986.89210000,583039
1767139200000,2025-12-31,861.66000000,877.29000000,857.69000000,864.30000000,149994.61800000,129779137.07024000,803509
1767225600000,2026-01-01,864.31000000,874.51000000,856.14000000,864.39000000,80713.66200000,69705177.29618000,492045
1767312000000,2026-01-02,864.40000000,891.14000000,859.64000000,881.25000000,129071.74200000,112918887.64463000,855739
1767398400000,2026-01-03,881.25000000,884.24000000,868.65000000,878.63000000,79965.20500000,70042659.04160000,496690
1767484800000,2026-01-04,878.64000000,902.85000000,878.47000000,895.43000000,118687.10700000,105626153.85529000,679228
1767571200000,2026-01-05,895.43000000,916.55000000,890.59000000,910.31000000,140352.78500000,126791973.03969000,902286
1767657600000,2026-01-06,910.31000000,923.93000000,891.66000000,917.64000000,166897.18900000,152112813.16727000,980125
1767744000000,2026-01-07,917.64000000,920.27000000,892.64000000,900.30000000,148651.79000000,135043755.77855000,945321
1767830400000,2026-01-08,900.31000000,905.00000000,875.10000000,892.26000000,134522.75500000,119360812.46211000,864836
1767916800000,2026-01-09,892.27000000,901.06000000,885.28000000,896.86000000,81581.36700000,72871176.25689000,626159
1768003200000,2026-01-10,896.87000000,915.91000000,896.81000000,907.93000000,124912.49300000,113143829.40285000,720398
1768089600000,2026-01-11,907.93000000,917.33000000,898.75000000,904.32000000,98621.08100000,89755695.35323000,551818
1768176000000,2026-01-12,904.32000000,910.81000000,894.00000000,905.78000000,108522.17300000,98140526.01559000,729122
1768262400000,2026-01-13,905.79000000,952.96000000,902.25000000,943.73000000,311914.99700000,287537661.49460000,1182451
1768348800000,2026-01-14,943.73000000,954.68000000,928.50000000,948.47000000,183208.69800000,172676671.03025000,1013997
1768435200000,2026-01-15,948.48000000,948.85000000,924.05000000,931.20000000,131201.46800000,122818352.97477000,838980
1768521600000,2026-01-16,931.21000000,939.43000000,923.69000000,938.16000000,77470.38300000,72238110.19100000,542202
1768608000000,2026-01-17,938.17000000,959.52000000,935.50000000,947.12000000,86187.33100000,81544127.02514000,486259
1768694400000,2026-01-18,947.11000000,953.33000000,931.70000000,932.51000000,76848.25000000,72695033.76926000,500379
1768780800000,2026-01-19,932.51000000,932.51000000,901.00000000,923.60000000,209440.56000000,193182830.06014000,1093909
1768867200000,2026-01-20,923.60000000,933.13000000,884.00000000,884.20000000,163760.22900000,148812503.80793000,1078653
1768953600000,2026-01-21,884.19000000,893.69000000,864.54000000,883.36000000,201618.22100000,177017116.38232000,1266425
1769040000000,2026-01-22,883.35000000,897.58000000,878.18000000,888.06000000,98786.47200000,87897354.20676000,652610
1769126400000,2026-01-23,888.06000000,904.99000000,883.10000000,891.63000000,96135.61000000,85731004.65856000,744307
1769212800000,2026-01-24,891.62000000,894.24000000,886.53000000,887.17000000,51272.56300000,45676993.99040000,323050
1769299200000,2026-01-25,887.18000000,887.75000000,856.00000000,866.02000000,120780.22600000,105238816.20596000,741112
1769385600000,2026-01-26,866.02000000,881.44000000,864.91000000,879.41000000,102700.70400000,89665450.66266000,629068
1769472000000,2026-01-27,879.41000000,901.22000000,876.20000000,898.36000000,138529.63900000,122795528.32960000,712731
1769558400000,2026-01-28,898.35000000,909.43000000,894.41000000,902.91000000,110273.24000000,99488384.44138000,638568
1769644800000,2026-01-29,902.92000000,906.67000000,852.81000000,868.69000000,270228.68600000,238573056.22689000,1294083
1769731200000,2026-01-30,868.69000000,869.77000000,831.83000000,858.81000000,295951.35400000,250705099.01046000,1700475
1769817600000,2026-01-31,858.81000000,860.85000000,750.00000000,781.38000000,407306.15100000,325750149.78876000,2051467
1769904000000,2026-02-01,781.39000000,789.72000000,739.63000000,758.54000000,259125.52000000,197918631.20065000,1778205
1769990400000,2026-02-02,758.54000000,781.58000000,728.44000000,773.94000000,306663.48400000,231808183.90377000,2070386
1770076800000,2026-02-03,773.94000000,783.57000000,736.08000000,754.78000000,243948.82300000,186179880.26269000,2021233
1770163200000,2026-02-04,754.78000000,765.33000000,687.30000000,697.27000000,424472.16700000,307855228.98581000,2681978
1770249600000,2026-02-05,697.27000000,703.00000000,602.17000000,608.30000000,799178.67000000,522394593.78958000,3847910
1770336000000,2026-02-06,608.30000000,669.65000000,570.06000000,657.21000000,593322.59300000,372108743.10323000,3501250
1770422400000,2026-02-07,657.21000000,663.88000000,630.83000000,647.00000000,217520.60100000,140501322.95354000,1196386
1770508800000,2026-02-08,647.01000000,653.00000000,632.30000000,639.93000000,124172.09200000,79946063.82796000,868821
1770595200000,2026-02-09,639.93000000,646.15000000,616.01000000,636.39000000,148751.24100000,94018464.11116000,1033241
1770681600000,2026-02-10,636.38000000,642.00000000,613.80000000,619.85000000,153549.27000000,96192842.47380000,931193
1770768000000,2026-02-11,619.85000000,624.14000000,587.14000000,608.11000000,236351.53900000,141941652.44398000,1068249
1770854400000,2026-02-12,608.11000000,620.87000000,600.60000000,614.29000000,121298.45700000,74239627.08287000,792593
1770940800000,2026-02-13,614.29000000,622.81000000,592.49000000,618.94000000,211419.81400000,128466424.29734000,992789
1771027200000,2026-02-14,618.93000000,637.24000000,615.70000000,632.77000000,113845.92400000,71434358.34732000,625588
1771113600000,2026-02-15,632.77000000,642.49000000,608.82000000,615.16000000,132426.59100000,82705229.27905000,756921
1771200000000,2026-02-16,615.17000000,631.24000000,604.49000000,627.19000000,105660.88300000,65167083.27991000,836758
1771286400000,2026-02-17,627.19000000,631.86000000,609.30000000,617.74000000,91934.08400000,57071374.85841000,770283
1771372800000,2026-02-18,617.76000000,626.57000000,601.30000000,604.80000000,97256.01000000,59649032.64721000,862456
1771459200000,2026-02-19,604.80000000,614.80000000,596.00000000,607.83000000,109354.36300000,66119479.69708000,824023
1771545600000,2026-02-20,607.82000000,629.74000000,601.23000000,625.91000000,159590.80600000,98064976.15346000,985248
1771632000000,2026-02-21,625.90000000,634.80000000,624.00000000,625.61000000,81656.56500000,51308152.44786000,503212
1771718400000,2026-02-22,625.61000000,626.87000000,610.02000000,614.80000000,68568.87900000,42391475.19087000,466567
1771804800000,2026-02-23,614.80000000,616.00000000,583.13000000,596.41000000,245062.96100000,146545469.16557000,1469415
1771891200000,2026-02-24,596.40000000,602.90000000,577.06000000,583.60000000,168285.85000000,98873700.15517000,1203900
1771977600000,2026-02-25,583.61000000,640.55000000,581.51000000,629.42000000,221645.31000000,136172252.02719000,1359372
1772064000000,2026-02-26,629.42000000,633.83000000,614.20000000,625.74000000,126675.34400000,79116947.84255000,1008924
1772150400000,2026-02-27,625.74000000,633.65000000,605.25000000,614.03000000,128167.72000000,79378256.08238000,886221
1772236800000,2026-02-28,614.03000000,621.49000000,588.64000000,617.14000000,172105.10000000,103755874.89134000,1145377
1772323200000,2026-03-01,617.14000000,632.16000000,610.89000000,617.96000000,169960.92700000,105952441.96004000,1101195
1772409600000,2026-03-02,617.96000000,652.87000000,612.96000000,637.79000000,202581.15000000,128306008.70904000,1277251
1772496000000,2026-03-03,637.79000000,643.29000000,621.00000000,633.56000000,150191.05600000,94808877.57976000,1181455
1772582400000,2026-03-04,633.57000000,666.16000000,626.20000000,657.99000000,199919.68300000,130078197.81306000,1379237
1772668800000,2026-03-05,658.00000000,665.42000000,646.14000000,647.85000000,128037.62400000,83739149.22326000,954090
1772755200000,2026-03-06,647.85000000,651.62000000,624.77000000,627.31000000,115031.73600000,73307014.99299000,903096
1772841600000,2026-03-07,627.31000000,630.19000000,617.80000000,620.26000000,63118.81400000,39462409.22281000,456293
1772928000000,2026-03-08,620.27000000,624.27000000,607.86000000,611.98000000,81939.55400000,50532305.76370000,657174
1773014400000,2026-03-09,611.99000000,643.00000000,611.01000000,634.64000000,121341.37600000,76493957.24374000,1099006
1773100800000,2026-03-10,634.64000000,652.36000000,634.38000000,642.00000000,100783.44600000,64968408.80016000,971812
1773187200000,2026-03-11,642.01000000,656.29000000,635.02000000,651.46000000,120145.81400000,77493770.03519000,1000059
1773273600000,2026-03-12,651.47000000,657.70000000,641.63000000,651.72000000,101534.05600000,65966807.13229000,787034
1773360000000,2026-03-13,651.72000000,679.00000000,650.34000000,655.73000000,231981.00000000,153973279.25295000,1473573
1773446400000,2026-03-14,655.72000000,658.27000000,650.11000000,657.70000000,55240.26500000,36131084.10072000,457430
1773532800000,2026-03-15,657.70000000,679.00000000,654.46000000,673.77000000,92999.09400000,61797092.11362000,790417
1773619200000,2026-03-16,673.77000000,687.82000000,670.13000000,679.71000000,226915.25600000,153962533.22807000,1802402
1773705600000,2026-03-17,679.70000000,686.53000000,663.40000000,668.61000000,147117.03300000,99192451.22816000,1289121
1773792000000,2026-03-18,668.62000000,676.47000000,644.43000000,652.27000000,144505.18600000,95190668.30481000,1183940
1773878400000,2026-03-19,652.28000000,656.40000000,633.32000000,639.15000000,117679.65800000,75669936.48842000,953730
1773964800000,2026-03-20,639.16000000,647.65000000,636.38000000,642.11000000,96688.00200000,62031631.98012000,844392
1774051200000,2026-03-21,642.11000000,646.38000000,627.76000000,630.70000000,54236.69900000,34733011.09930000,443462
1774137600000,2026-03-22,630.70000000,637.70000000,622.16000000,626.41000000,102353.57900000,64477538.30602000,887185
1774224000000,2026-03-23,626.41000000,650.85000000,620.33000000,639.11000000,257556.87400000,164379521.08965000,1612426
1774310400000,2026-03-24,639.12000000,640.17000000,626.99000000,638.30000000,101174.29900000,64099145.50250000,888237
1774396800000,2026-03-25,638.31000000,652.80000000,637.50000000,647.66000000,117518.94000000,75925439.33003000,837175
1774483200000,2026-03-26,647.67000000,648.47000000,623.01000000,628.86000000,94718.07300000,59890896.60571000,817433
1774569600000,2026-03-27,628.86000000,631.87000000,605.86000000,613.95000000,131734.63000000,81092767.48620000,886722
1774656000000,2026-03-28,613.95000000,619.00000000,609.90000000,611.08000000,70087.88200000,43031613.67827000,442352
1774742400000,2026-03-29,611.08000000,615.30000000,596.42000000,606.09000000,83411.71900000,50783703.52176000,565759
1774828800000,2026-03-30,606.09000000,621.40000000,605.09000000,609.29000000,122880.08300000,75659973.45205000,816091
1774915200000,2026-03-31,609.29000000,619.77000000,598.82000000,617.43000000,139130.61500000,84997108.68721000,949176
1775001600000,2026-04-01,617.42000000,621.90000000,609.58000000,610.81000000,126557.56500000,77893570.08412000,890781
1775088000000,2026-04-02,610.81000000,613.60000000,570.31000000,583.52000000,297618.31900000,174048190.49806000,1538408
1775174400000,2026-04-03,583.52000000,590.31000000,581.93000000,588.31000000,76506.37500000,44847916.33419000,560310
1775260800000,2026-04-04,588.32000000,596.58000000,587.10000000,593.36000000,59665.43400000,35254615.99161000,382321
1775347200000,2026-04-05,593.36000000,604.06000000,587.13000000,601.50000000,78031.95000000,46287970.03219000,541348
1775433600000,2026-04-06,601.50000000,610.29000000,596.25000000,600.11000000,104959.54900000,63421393.58738000,747798
1775520000000,2026-04-07,600.10000000,624.85000000,592.20000000,620.10000000,163526.89200000,99075907.03912000,974587
1775606400000,2026-04-08,620.11000000,621.46000000,599.45000000,601.16000000,162114.68600000,99086250.75171000,845088
1775692800000,2026-04-09,601.15000000,612.10000000,596.94000000,603.03000000,107305.17600000,64745254.92078000,730222
1775779200000,2026-04-10,603.03000000,610.34000000,597.40000000,605.54000000,104265.93200000,62943869.04619000,660899
1775865600000,2026-04-11,605.54000000,614.12000000,603.40000000,607.05000000,94267.47000000,57229812.41951000,494689
1775952000000,2026-04-12,607.06000000,607.44000000,589.10000000,592.19000000,103774.25100000,61708268.21820000,661063
1776038400000,2026-04-13,592.19000000,617.97000000,591.60000000,614.71000000,138504.50000000,83667752.56120000,862725
1776124800000,2026-04-14,614.71000000,625.38000000,610.86000000,613.75000000,173382.03100000,107004230.66104000,839311
1776211200000,2026-04-15,613.75000000,627.64000000,610.45000000,622.59000000,114943.22000000,71047431.25430000,677788
1776297600000,2026-04-16,622.58000000,637.40000000,614.89000000,635.77000000,131546.70100000,82305644.42310000,929913
1776384000000,2026-04-17,635.77000000,645.67000000,626.66000000,643.12000000,153486.83800000,97715237.01149000,991499
1776470400000,2026-04-18,643.12000000,648.79000000,628.03000000,629.90000000,119665.35900000,76422904.87484000,773964
1776556800000,2026-04-19,629.90000000,630.43000000,615.00000000,616.06000000,100590.74200000,62599268.67886000,717165
1776643200000,2026-04-20,616.07000000,632.08000000,615.97000000,629.26000000,92147.71100000,57634537.69358000,760489
1776729600000,2026-04-21,629.26000000,640.70000000,625.00000000,631.72000000,105373.23900000,66708621.66780000,755473
1776816000000,2026-04-22,631.73000000,654.19000000,631.19000000,637.47000000,134986.33900000,86905991.32744000,795265
1776902400000,2026-04-23,637.47000000,640.38000000,631.00000000,638.54000000,98409.25600000,62573305.06496000,672282
1776988800000,2026-04-24,638.55000000,640.49000000,632.04000000,636.21000000,70625.81800000,44968429.27877000,553287
1777075200000,2026-04-25,636.21000000,638.50000000,627.15000000,628.53000000,58918.33700000,37311178.08933000,380618
1777161600000,2026-04-26,628.52000000,638.06000000,627.00000000,635.76000000,54446.34000000,34415048.81529000,380170
1777248000000,2026-04-27,635.77000000,639.81000000,618.38000000,626.83000000,103945.48800000,65310537.06297000,666672
1777334400000,2026-04-28,626.83000000,627.58000000,619.00000000,624.55000000,62347.74200000,38868567.20818000,437927
1777420800000,2026-04-29,624.56000000,629.61000000,610.26000000,617.39000000,101813.17200000,63262853.78308000,659343
1777507200000,2026-04-30,617.39000000,620.53000000,613.47000000,615.38000000,78612.44500000,48478985.45592000,506354
1777593600000,2026-05-01,615.38000000,622.84000000,613.79000000,615.34000000,88053.74000000,54465481.58650000,489616
1777680000000,2026-05-02,615.34000000,621.81000000,614.15000000,618.03000000,51973.99400000,32066556.01918000,301097
1777766400000,2026-05-03,618.03000000,622.27000000,615.09000000,617.27000000,72850.13000000,45057448.71424000,374245
1777852800000,2026-05-04,617.28000000,639.00000000,615.61000000,622.63000000,206649.00100000,129546423.00309000,1028643
1777939200000,2026-05-05,622.64000000,635.00000000,622.58000000,630.42000000,147021.79500000,92527196.40466000,707735
1778025600000,2026-05-06,630.41000000,664.26000000,628.97000000,647.74000000,241695.25600000,156387243.87649000,1073411
1778112000000,2026-05-07,647.74000000,653.49000000,633.68000000,637.02000000,144173.80900000,92876311.73249000,858520
1778198400000,2026-05-08,637.02000000,651.53000000,634.76000000,649.36000000,107752.67600000,69043114.76978000,679524
1778284800000,2026-05-09,649.37000000,656.00000000,646.23000000,649.75000000,98352.89200000,64050089.11391000,518538
1778371200000,2026-05-10,649.76000000,666.66000000,644.84000000,663.55000000,119277.21700000,78052969.18864000,675636
1778457600000,2026-05-11,663.56000000,673.00000000,649.46000000,670.60000000,183665.24500000,120891525.79175000,970415
1778544000000,2026-05-12,670.60000000,671.47000000,650.49000000,664.95000000,161617.08900000,106821223.52236000,970952
1778630400000,2026-05-13,664.95000000,685.68000000,663.77000000,671.68000000,226062.76800000,152664824.09562000,1254124
1778716800000,2026-05-14,671.68000000,687.66000000,665.42000000,678.27000000,159800.03000000,108004625.97265000,1052466
1778803200000,2026-05-15,678.28000000,689.98000000,669.16000000,672.38000000,166504.37100000,113246350.97474000,1067843
1778889600000,2026-05-16,672.37000000,674.92000000,650.70000000,656.20000000,129778.33600000,85527861.87184000,826379
1778976000000,2026-05-17,656.20000000,657.60000000,640.01000000,649.48000000,95811.95200000,62475461.32270000,560711
1779062400000,2026-05-18,649.48000000,649.70000000,634.30000000,643.53000000,126181.22000000,80930592.70051000,813577
1779148800000,2026-05-19,643.53000000,647.19000000,636.10000000,640.02000000,80953.93700000,51927107.78688000,564331
1779235200000,2026-05-20,640.03000000,651.77000000,637.52000000,649.50000000,82942.65300000,53508039.16784000,548397
1779321600000,2026-05-21,649.50000000,659.82000000,646.33000000,658.58000000,103055.67800000,67332314.04883000,616029
1779408000000,2026-05-22,658.58000000,664.20000000,648.31000000,650.44000000,123907.62000000,81467709.91507000,660506
1779494400000,2026-05-23,650.45000000,663.93000000,635.29000000,656.26000000,113009.63800000,73178744.49039000,651522
1779580800000,2026-05-24,656.26000000,662.60000000,649.68000000,656.57000000,73668.17700000,48408849.31362000,490374
1779667200000,2026-05-25,656.58000000,673.07000000,655.76000000,663.15000000,114244.75300000,75917224.40367000,631699
1779753600000,2026-05-26,663.15000000,668.01000000,653.45000000,656.43000000,122333.28200000,80704734.83881000,830144
1779840000000,2026-05-27,656.43000000,659.90000000,646.57000000,648.84000000,101737.59400000,66485960.09763000,665191
1779926400000,2026-05-28,648.83000000,649.38000000,628.22000000,638.24000000,145257.68500000,92468552.20480000,854477
1780012800000,2026-05-29,638.23000000,645.00000000,630.86000000,643.10000000,115255.26300000,73622215.81009000,702285
1780099200000,2026-05-30,643.11000000,729.00000000,642.66000000,718.74000000,566380.96600000,394144069.03446000,1943687
1780185600000,2026-05-31,718.74000000,745.74000000,703.00000000,710.55000000,380165.73200000,275776613.37884000,1939172
1780272000000,2026-06-01,710.54000000,729.57000000,674.07000000,693.10000000,533342.52600000,372540495.34028000,2485041
1780358400000,2026-06-02,693.10000000,695.51000000,642.47000000,650.69000000,310137.34000000,208057216.11828000,1717553
1780444800000,2026-06-03,650.70000000,657.51000000,616.21000000,620.63000000,300913.44300000,191310282.31226000,1444090
1780531200000,2026-06-04,620.63000000,624.57000000,588.10000000,604.53000000,401431.76500000,242449840.94780000,1936141
1780617600000,2026-06-05,604.50000000,608.00000000,556.46000000,572.22000000,534838.03500000,310532272.74298000,2256688
1780704000000,2026-06-06,572.17000000,584.43000000,559.68000000,574.53000000,226190.52300000,129951323.11359000,1039286
1780790400000,2026-06-07,574.54000000,610.54000000,573.60000000,604.44000000,192844.36200000,113738381.38438000,792564
1780876800000,2026-06-08,604.44000000,610.44000000,591.55000000,601.86000000,121475.50600000,73050784.51563000,689316
1780963200000,2026-06-09,601.86000000,605.68000000,583.84000000,593.44000000,134636.72500000,80170071.45039000,819473
1781049600000,2026-06-10,593.44000000,598.52000000,580.68000000,586.53000000,114846.00200000,67590250.38691000,710105
1781136000000,2026-06-11,586.51000000,607.33000000,586.51000000,605.76000000,115805.92900000,69397543.62643000,594193
1781222400000,2026-06-12,605.77000000,613.39000000,596.58000000,603.83000000,105336.32700000,63775900.54681000,565770
1781308800000,2026-06-13,603.84000000,612.33000000,599.33000000,609.65000000,73491.15300000,44483001.45498000,409326
1781395200000,2026-06-14,609.66000000,617.24000000,602.79000000,616.79000000,122027.61100000,74470618.61585000,525593
1781481600000,2026-06-15,616.79000000,632.90000000,612.66000000,617.87000000,170537.64200000,106139404.52675000,881134
1781568000000,2026-06-16,617.87000000,619.50000000,601.33000000,604.94000000,192189.41700000,117462205.57618000,910311
1781654400000,2026-06-17,604.94000000,612.50000000,595.11000000,601.63000000,169384.18900000,102465922.67711000,855552
1781740800000,2026-06-18,601.63000000,604.31000000,573.00000000,578.48000000,151568.81200000,88839231.28714000,746589
1781827200000,2026-06-19,578.48000000,583.29000000,570.82000000,581.42000000,94343.19100000,54389487.24823000,532125
1781913600000,2026-06-20,581.41000000,589.43000000,580.12000000,588.03000000,84540.17000000,49421855.34596000,406266
1782000000000,2026-06-21,588.03000000,592.56000000,583.60000000,584.23000000,63361.25200000,37301627.22691000,394756
1782086400000,2026-06-22,584.23000000,602.31000000,584.07000000,590.15000000,105431.63000000,62673001.34260000,604551
1782172800000,2026-06-23,590.14000000,592.83000000,570.57000000,578.08000000,108854.88200000,62890190.27858000,712745
1782259200000,2026-06-24,578.09000000,582.21000000,546.60000000,564.67000000,160907.99800000,90778322.86100000,895885
1782345600000,2026-06-25,564.66000000,572.72000000,540.60000000,560.62000000,156267.91600000,87344228.77500000,912777
1782432000000,2026-06-26,560.63000000,570.34000000,550.37000000,567.64000000,186203.40700000,104713816.98439000,984078
1782518400000,2026-06-27,567.65000000,568.66000000,554.53000000,557.20000000,81411.91000000,45904086.81035000,503344
1782604800000,2026-06-28,557.19000000,558.89000000,545.62000000,551.07000000,76867.85700000,42564591.74599000,534457
1782691200000,2026-06-29,551.07000000,563.16000000,546.17000000,559.52000000,105794.12400000,58670866.41269000,646953
1782777600000,2026-06-30,559.51000000,560.40000000,543.68000000,546.52000000,106315.52000000,58376211.53132000,587187
1782864000000,2026-07-01,546.52000000,559.55000000,537.25000000,550.44000000,162073.17200000,88883129.92751000,712373
1782950400000,2026-07-02,550.45000000,567.17000000,546.21000000,558.96000000,152316.81400000,85009822.49729000,677623
1783036800000,2026-07-03,558.95000000,575.21000000,556.99000000,573.81000000,104658.99100000,59201149.53531000,566044
1783123200000,2026-07-04,573.81000000,578.82000000,568.70000000,575.37000000,96714.13400000,55482575.89718000,520837
1783209600000,2026-07-05,575.38000000,593.47000000,568.19000000,589.87000000,132836.83400000,77257707.18526000,705859
1783296000000,2026-07-06,589.88000000,593.10000000,570.12000000,586.01000000,140805.49500000,81931809.83170000,771174
1783382400000,2026-07-07,586.02000000,587.92000000,575.28000000,576.82000000,93068.48900000,54068491.67432000,584287
1783468800000,2026-07-08,576.83000000,579.00000000,560.40000000,568.66000000,99416.98800000,56346330.68462000,626174
1783555200000,2026-07-09,568.66000000,577.15000000,565.48000000,568.72000000,85621.60900000,48898339.44846000,514072
1783641600000,2026-07-10,568.73000000,578.31000000,568.02000000,575.43000000,87506.37400000,50344709.82249000,466361
1783728000000,2026-07-11,575.44000000,583.01000000,573.06000000,574.65000000,65716.33900000,37993351.16803000,348621
1783814400000,2026-07-12,574.65000000,584.63000000,570.13000000,573.91000000,81716.05200000,47128670.03892000,406979
1783900800000,2026-07-13,573.91000000,579.89000000,562.37000000,567.49000000,76725.12300000,43668448.05344000,484442
1783987200000,2026-07-14,567.50000000,584.64000000,566.74000000,581.87000000,123235.18600000,71075369.20261000,524670
1784073600000,2026-07-15,581.88000000,585.30000000,575.80000000,580.55000000,112895.85700000,65498064.68784000,531945
1784160000000,2026-07-16,580.56000000,585.87000000,571.69000000,572.45000000,86349.24300000,49947464.31045000,456659
1784246400000,2026-07-17,572.45000000,574.84000000,555.59000000,568.09000000,142665.19100000,80666143.31847000,578505
1784332800000,2026-07-18,568.09000000,572.75000000,566.25000000,570.65000000,62539.54300000,35589831.41197000,299646
1784419200000,2026-07-19,570.66000000,572.61000000,566.33000000,571.06000000,55097.20300000,31357803.77329000,327920
1784505600000,2026-07-20,571.06000000,575.91000000,562.97000000,571.27000000,102746.80700000,58551909.45761000,599879
1784592000000,2026-07-21,571.28000000,579.79000000,570.75000000,573.95000000,102980.46400000,59272898.35526000,488251
1784678400000,2026-07-22,573.96000000,575.63000000,566.89000000,571.08000000,84883.99600000,48521751.61668000,448459
