open_time_ms,date,open,high,low,close,volume,quote_volume,trades
1698364800000,2023-10-27,34151.66000000,34245.00000000,33390.95000000,33892.02000000,32330.40106000,1096889423.41984200,1112240
1698451200000,2023-10-28,33892.01000000,34493.33000000,33860.00000000,34081.00000000,16880.13144000,575936523.34735300,607438
1698537600000,2023-10-29,34081.01000000,34750.11000000,33930.00000000,34525.89000000,20685.52176000,711652985.17909640,717480
1698624000000,2023-10-30,34525.88000000,34856.00000000,34062.84000000,34474.73000000,33657.95976000,1159771907.64210540,1117727
1698710400000,2023-10-31,34474.74000000,34720.49000000,34025.00000000,34639.77000000,32737.89822000,1125442444.48848820,1179053
1698796800000,2023-11-01,34639.78000000,35582.00000000,34097.39000000,35421.43000000,53473.28165000,1856348820.47945360,1624635
1698883200000,2023-11-02,35421.43000000,35984.99000000,34300.00000000,34941.59000000,48015.57732000,1686141698.09217100,1450837
1698969600000,2023-11-03,34941.58000000,34946.50000000,34120.00000000,34716.78000000,39071.20644000,1347962831.56586230,1237373
1699056000000,2023-11-04,34716.78000000,35255.00000000,34585.18000000,35062.07000000,18377.55545000,639958598.41983530,794787
1699142400000,2023-11-05,35062.06000000,35380.00000000,34448.00000000,35011.88000000,24528.73376000,859350974.00148930,1038468
1699228800000,2023-11-06,35011.89000000,35276.33000000,34725.90000000,35046.09000000,22346.47086000,782427702.26532050,988246
1699315200000,2023-11-07,35046.09000000,35888.00000000,34523.06000000,35399.12000000,38688.73692000,1358031361.19785270,1352796
1699401600000,2023-11-08,35399.13000000,36106.00000000,35100.00000000,35624.72000000,33401.34137000,1185492160.49272780,1132568
1699488000000,2023-11-09,35624.72000000,37972.24000000,35534.05000000,36701.09000000,82537.88885000,3033417922.78268170,2138765
1699574400000,2023-11-10,36701.10000000,37526.00000000,36324.71000000,37301.63000000,43414.04898000,1605069174.52410320,1297729
1699660800000,2023-11-11,37301.63000000,37408.26000000,36666.93000000,37130.00000000,22984.97235000,851924612.73394270,923300
1699747200000,2023-11-12,37129.99000000,37222.22000000,36731.10000000,37064.13000000,17687.18874000,655570813.13827110,810885
1699833600000,2023-11-13,37064.13000000,37417.99000000,36333.00000000,36462.93000000,32798.18252000,1208037462.30414440,1217191
1699920000000,2023-11-14,36462.93000000,36744.00000000,34800.00000000,35551.19000000,45503.68416000,1639130785.08681010,1404428
1700006400000,2023-11-15,35551.20000000,37980.00000000,35360.00000000,37858.20000000,53569.13385000,1963249656.50947370,1545427
1700092800000,2023-11-16,37858.20000000,37929.54000000,35500.00000000,36163.51000000,47490.39566000,1744503339.01517260,1542446
1700179200000,2023-11-17,36163.51000000,36800.00000000,35861.10000000,36613.92000000,38283.61112000,1391225051.19232720,1349322
1700265600000,2023-11-18,36613.91000000,36845.49000000,36178.58000000,36568.10000000,17102.24186000,624434069.52566340,784498
1700352000000,2023-11-19,36568.11000000,37500.00000000,36384.02000000,37359.86000000,21246.34648000,781531839.43715920,862400
1700438400000,2023-11-20,37359.85000000,37750.00000000,36677.00000000,37448.78000000,36022.70291000,1343722642.38647510,1485050
1700524800000,2023-11-21,37448.79000000,37649.44000000,35735.00000000,35741.65000000,47646.54804000,1756747495.98185460,1936895
1700611200000,2023-11-22,35741.65000000,37861.10000000,35632.01000000,37408.34000000,45051.30697000,1657141022.42734800,1648374
1700697600000,2023-11-23,37408.35000000,37653.44000000,36870.00000000,37294.28000000,23827.92882000,888826648.85414730,992284
1700784000000,2023-11-24,37294.27000000,38414.00000000,37251.51000000,37713.57000000,44680.80646000,1688715728.07914810,1379414
1700870400000,2023-11-25,37713.57000000,37888.00000000,37591.10000000,37780.67000000,11396.14464000,430165251.76097490,569448
1700956800000,2023-11-26,37780.67000000,37814.63000000,37150.00000000,37447.43000000,21264.53723000,797321193.58939910,848020
1701043200000,2023-11-27,37447.42000000,37569.23000000,36707.00000000,37242.70000000,30001.07376000,1112557435.27679220,1238017
1701129600000,2023-11-28,37242.70000000,38377.00000000,36868.41000000,37818.87000000,37544.46667000,1414360251.68234560,1272779
1701216000000,2023-11-29,37818.88000000,38450.00000000,37570.00000000,37854.64000000,32994.19107000,1252586505.66259010,1131353
1701302400000,2023-11-30,37854.65000000,38145.85000000,37500.00000000,37723.96000000,24740.29147000,934491058.96081410,1007791
1701388800000,2023-12-01,37723.97000000,38999.00000000,37615.86000000,38682.52000000,43415.66324000,1669750777.62398140,1523417
1701475200000,2023-12-02,38682.51000000,39717.14000000,38641.61000000,39450.35000000,26696.92161000,1043421976.76606520,1034690
1701561600000,2023-12-03,39450.35000000,40250.00000000,39274.86000000,39972.26000000,26710.65335000,1059860641.04944440,1151524
1701648000000,2023-12-04,39972.26000000,42420.00000000,39972.26000000,41991.10000000,79272.33059000,3285736844.14088080,2112219
1701734400000,2023-12-05,41991.10000000,44488.00000000,41414.00000000,44073.32000000,67490.74644000,2890205389.49012660,2072700
1701820800000,2023-12-06,44073.82000000,44297.21000000,43335.28000000,43762.69000000,51431.10492000,2256979505.59480470,1876282
1701907200000,2023-12-07,43762.69000000,44047.33000000,42821.10000000,43273.14000000,47103.26845000,2046945851.88364460,1414759
1701993600000,2023-12-08,43273.15000000,44700.00000000,43081.10000000,44170.99000000,42900.37556000,1875581755.44691050,1311268
1702080000000,2023-12-09,44171.00000000,44358.02000000,43584.51000000,43713.60000000,24925.97008000,1096487106.56483380,987352
1702166400000,2023-12-10,43713.59000000,44049.00000000,43563.00000000,43789.51000000,18956.61758000,830485162.55695350,830667
1702252800000,2023-12-11,43789.50000000,43804.50000000,40222.00000000,41253.40000000,76663.89804000,3205540835.51143390,2087142
1702339200000,2023-12-12,41253.41000000,42104.12000000,40680.00000000,41492.39000000,42722.69773000,1773961284.33756360,1526411
1702425600000,2023-12-13,41492.38000000,43475.20000000,40555.00000000,42869.03000000,45865.99773000,1919703389.48488040,1724659
1702512000000,2023-12-14,42869.03000000,43420.00000000,41400.00000000,43022.26000000,42047.05709000,1798740625.30166000,1599536
1702598400000,2023-12-15,43022.26000000,43080.81000000,41666.00000000,41940.30000000,33421.79320000,1416898938.50997890,1323628
1702684800000,2023-12-16,41940.29000000,42724.43000000,41605.00000000,42278.03000000,24118.85747000,1020469627.88573310,1180886
1702771200000,2023-12-17,42278.02000000,42424.07000000,41252.00000000,41374.65000000,27722.11452000,1161963642.96279640,1227634
1702857600000,2023-12-18,41374.64000000,42757.81000000,40542.93000000,42657.80000000,46734.09250000,1936003306.08257260,1741647
1702944000000,2023-12-19,42657.80000000,43497.00000000,41811.10000000,42275.99000000,40927.86444000,1747830242.46159370,1609188
1703030400000,2023-12-20,42275.99000000,44283.00000000,42206.00000000,43668.93000000,48710.29470000,2115813869.77961900,1934588
1703116800000,2023-12-21,43668.92000000,44242.35000000,43286.72000000,43861.80000000,34624.29384000,1514529919.18777960,1500702
1703203200000,2023-12-22,43861.79000000,44398.26000000,43412.54000000,43969.04000000,32783.19638000,1436074497.51285980,1404109
1703289600000,2023-12-23,43969.04000000,43988.68000000,43291.10000000,43702.16000000,16557.12930000,722943825.33321760,849658
1703376000000,2023-12-24,43702.15000000,43946.00000000,42500.00000000,42991.50000000,25144.33496000,1093460634.88942270,1137678
1703462400000,2023-12-25,42991.50000000,43802.32000000,42720.43000000,43576.13000000,27021.23992000,1172053386.51098150,1168428
1703548800000,2023-12-26,43576.12000000,43592.68000000,41637.60000000,42508.93000000,41010.04282000,1746333612.30494510,1475816
1703635200000,2023-12-27,42508.93000000,43677.00000000,42098.69000000,43428.85000000,36191.21136000,1554082990.05227590,1439770
1703721600000,2023-12-28,43428.86000000,43787.57000000,42241.79000000,42563.76000000,35150.52485000,1508408742.37808110,1391826
1703808000000,2023-12-29,42563.76000000,43111.00000000,41300.00000000,42066.95000000,42597.18912000,1803086285.24657750,1571137
1703894400000,2023-12-30,42066.94000000,42612.32000000,41520.30000000,42140.28000000,22906.57818000,964875790.98493500,936545
1703980800000,2023-12-31,42140.29000000,42899.00000000,41965.84000000,42283.58000000,23585.91603000,1001519241.55590540,1016484
1704067200000,2024-01-01,42283.58000000,44184.10000000,42180.77000000,44179.55000000,27174.29903000,1169995682.02800140,1114623
1704153600000,2024-01-02,44179.55000000,45879.63000000,44148.34000000,44946.91000000,65146.40661000,2944331821.82307620,2247532
1704240000000,2024-01-03,44946.91000000,45500.00000000,40750.00000000,42845.23000000,81194.55173000,3507104563.74423210,2658041
1704326400000,2024-01-04,42845.23000000,44729.58000000,42613.77000000,44151.10000000,48038.06334000,2095095359.49363480,1819944
1704412800000,2024-01-05,44151.10000000,44357.46000000,42450.00000000,44145.11000000,48075.25327000,2100953924.36871550,2064845
1704499200000,2024-01-06,44145.12000000,44214.42000000,43397.05000000,43968.32000000,17835.06144000,781212883.49160610,956642
1704585600000,2024-01-07,43968.32000000,44480.59000000,43572.09000000,43929.02000000,23023.85080000,1014635096.12414820,1109259
1704672000000,2024-01-08,43929.01000000,47248.99000000,43175.00000000,46951.04000000,72814.57589000,3298772150.68150740,2364464
1704758400000,2024-01-09,46951.04000000,47972.00000000,44748.67000000,46110.00000000,69927.66617000,3251442072.80839630,2637745
1704844800000,2024-01-10,46110.00000000,47695.93000000,44300.36000000,46653.99000000,89911.41203000,4123809481.71276720,3133588
1704931200000,2024-01-11,46654.00000000,48969.48000000,45606.06000000,46339.16000000,87470.32960000,4105139605.02830200,2998451
1705017600000,2024-01-12,46339.16000000,46515.53000000,41500.00000000,42782.73000000,86327.93707000,3827483735.57605690,2809192
1705104000000,2024-01-13,42782.74000000,43257.00000000,42436.12000000,42847.99000000,36118.47464000,1547370611.55316620,1434243
1705190400000,2024-01-14,42847.99000000,43079.00000000,41720.00000000,41732.35000000,28228.40894000,1202212782.25769300,1235727
1705276800000,2024-01-15,41732.35000000,43400.43000000,41718.05000000,42511.10000000,40269.89303000,1718982911.10810270,1657611
1705363200000,2024-01-16,42511.10000000,43578.01000000,42050.00000000,43137.95000000,45045.74589000,1931947150.05907020,1716580
1705449600000,2024-01-17,43137.94000000,43198.00000000,42200.69000000,42776.10000000,33266.21388000,1419888430.92288920,1438172
1705536000000,2024-01-18,42776.09000000,42930.00000000,40683.28000000,41327.50000000,43907.51641000,1839426541.26357900,1466087
1705622400000,2024-01-19,41327.51000000,42196.86000000,40280.00000000,41659.03000000,48342.74559000,1993846466.53875190,1641428
1705708800000,2024-01-20,41659.03000000,41872.56000000,41456.30000000,41696.04000000,15923.99493000,662768008.15093430,807324
1705795200000,2024-01-21,41696.05000000,41881.39000000,41500.98000000,41580.33000000,11730.16301000,489151571.03090430,657817
1705881600000,2024-01-22,41580.32000000,41689.65000000,39431.58000000,39568.02000000,55426.19911000,2247452153.79543270,2147250
1705968000000,2024-01-23,39568.02000000,40176.74000000,38555.00000000,39897.60000000,57956.63351000,2275851990.64682690,2043925
1706054400000,2024-01-24,39897.59000000,40555.00000000,39484.19000000,40084.88000000,39293.82861000,1569704923.83074920,1675615
1706140800000,2024-01-25,40084.89000000,40300.24000000,39550.00000000,39961.09000000,31022.11853000,1238813296.15261370,1291233
1706227200000,2024-01-26,39961.09000000,42246.82000000,39822.52000000,41823.51000000,47384.96726000,1951700659.28980700,1624861
1706313600000,2024-01-27,41823.51000000,42200.00000000,41394.34000000,42120.63000000,16224.41667000,678418702.35094450,751148
1706400000000,2024-01-28,42120.63000000,42842.68000000,41620.81000000,42031.06000000,27294.99838000,1154365891.66825870,1032493
1706486400000,2024-01-29,42031.05000000,43333.00000000,41804.88000000,43302.70000000,31542.74207000,1343462280.36186840,1197856
1706572800000,2024-01-30,43302.71000000,43882.36000000,42683.99000000,42941.10000000,37619.24546000,1633251085.67135960,1316610
1706659200000,2024-01-31,42941.10000000,43745.11000000,42276.84000000,42580.00000000,39871.13688000,1711665577.05308240,1499559
1706745600000,2024-02-01,42580.00000000,43285.13000000,41884.28000000,43082.94000000,35231.04664000,1497121440.64400210,1392269
1706832000000,2024-02-02,43082.95000000,43488.00000000,42546.79000000,43200.00000000,29672.14418000,1277919437.29056120,1086342
1706918400000,2024-02-03,43199.99000000,43380.01000000,42880.00000000,43011.09000000,12033.40998000,518775350.03360090,609962
1707004800000,2024-02-04,43011.10000000,43119.04000000,42222.00000000,42582.88000000,17066.89404000,730999557.70836820,931235
1707091200000,2024-02-05,42582.88000000,43569.76000000,42258.10000000,42708.70000000,29467.75905000,1262620640.54071730,1317397
1707177600000,2024-02-06,42708.70000000,43399.98000000,42574.00000000,43098.95000000,24675.85433000,1061049582.60027670,1120760
1707264000000,2024-02-07,43098.96000000,44396.50000000,42788.00000000,44349.60000000,34392.59915000,1496013692.38292190,1378809
1707350400000,2024-02-08,44349.60000000,45614.30000000,44331.10000000,45288.65000000,45439.62231000,2042912128.15176650,1863650
1707436800000,2024-02-09,45288.66000000,48200.00000000,45242.12000000,47132.77000000,73503.48100000,3453043306.42097590,2323884
1707523200000,2024-02-10,47132.78000000,48170.00000000,46800.00000000,47751.09000000,24802.35936000,1176079377.69227620,1323421
1707609600000,2024-02-11,47751.08000000,48592.66000000,47557.16000000,48299.99000000,29958.80837000,1443314885.77140530,1407270
1707696000000,2024-02-12,48300.00000000,50334.82000000,47710.01000000,49917.27000000,59009.96705000,2898220863.01818030,1939394
1707782400000,2024-02-13,49917.28000000,50368.61000000,48300.95000000,49699.59000000,55551.56706000,2745025370.06744710,1741811
1707868800000,2024-02-14,49699.60000000,52043.71000000,49225.01000000,51795.17000000,57046.37401000,2919604456.72331270,1859392
1707955200000,2024-02-15,51795.17000000,52816.62000000,51314.00000000,51880.00000000,53816.03055000,2802825737.99201540,1786569
1708041600000,2024-02-16,51880.01000000,52572.08000000,51566.00000000,52124.11000000,37772.25318000,1965003863.97133420,1583711
1708128000000,2024-02-17,52124.10000000,52162.82000000,50625.00000000,51642.64000000,25674.00622000,1319908544.97908910,1427773
1708214400000,2024-02-18,51642.64000000,52377.00000000,51163.28000000,52137.67000000,21992.10363000,1139209588.43346260,1375422
1708300800000,2024-02-19,52137.68000000,52488.77000000,51677.00000000,51774.73000000,29534.99432000,1539600521.60077290,1542990
1708387200000,2024-02-20,51774.74000000,52985.00000000,50760.37000000,52258.82000000,49614.47318000,2574874999.37871740,1971912
1708473600000,2024-02-21,52258.82000000,52366.80000000,50625.00000000,51849.39000000,43079.40049000,2210278288.72509470,1824860
1708560000000,2024-02-22,51849.38000000,52065.78000000,50940.78000000,51288.42000000,35309.44574000,1820949707.15853400,1688184
1708646400000,2024-02-23,51288.42000000,51548.54000000,50521.00000000,50744.15000000,30545.79544000,1559143576.82961640,1487039
1708732800000,2024-02-24,50744.15000000,51698.00000000,50585.00000000,51568.22000000,16560.42110000,847793393.57186800,855015
1708819200000,2024-02-25,51568.21000000,51958.55000000,51279.80000000,51728.85000000,18721.63159000,966951114.45046290,923992
1708905600000,2024-02-26,51728.85000000,54910.00000000,50901.44000000,54476.47000000,51256.72199000,2710403072.98059510,1808909
1708992000000,2024-02-27,54476.48000000,57588.15000000,54450.13000000,57037.34000000,67194.98562000,3795949115.22493150,2414285
1709078400000,2024-02-28,57037.35000000,64000.00000000,56691.85000000,62432.10000000,118763.46984000,7162581994.48573950,3895062
1709164800000,2024-02-29,62432.11000000,63676.35000000,60364.70000000,61130.98000000,78425.07603000,4872212871.27608040,3169405
1709251200000,2024-03-01,61130.99000000,63114.23000000,60777.00000000,62387.90000000,47737.93473000,2956537377.96602980,1947444
1709337600000,2024-03-02,62387.90000000,62433.19000000,61561.12000000,61987.28000000,25534.73659000,1582566973.83409310,1641808
1709424000000,2024-03-03,61987.28000000,63231.88000000,61320.00000000,63113.97000000,28994.90903000,1804536272.94434580,1992011
1709510400000,2024-03-04,63113.97000000,68499.00000000,62300.00000000,68245.71000000,84835.16005000,5568877537.08125230,3887853
1709596800000,2024-03-05,68245.71000000,69000.00000000,59005.00000000,63724.01000000,132696.78130000,8674526591.28714170,5310706
1709683200000,2024-03-06,63724.01000000,67641.10000000,62779.14000000,66074.04000000,78738.85491000,5197743036.59727550,3302981
1709769600000,2024-03-07,66074.04000000,67980.00000000,65551.00000000,66823.17000000,53059.88690000,3548088039.27360850,2428227
1709856000000,2024-03-08,66823.18000000,69990.00000000,66082.66000000,68124.19000000,74261.93284200,5044395324.39905431,2943927
1709942400000,2024-03-09,68124.20000000,68541.10000000,67861.10000000,68313.27000000,19872.89743000,1355964036.90929860,1345341
1710028800000,2024-03-10,68313.28000000,69887.61000000,68094.75000000,68955.88000000,38404.66835000,2659307501.09457810,2139518
1710115200000,2024-03-11,68955.88000000,72800.00000000,67024.96000000,72078.10000000,75292.82572600,5352704377.61880469,3043414
1710201600000,2024-03-12,72078.10000000,73000.00000000,68620.82000000,71452.01000000,68783.54669100,4909667978.55933818,3047890
1710288000000,2024-03-13,71452.00000000,73650.25000000,71333.31000000,73072.41000000,52659.71164700,3829764501.25379279,2501197
1710374400000,2024-03-14,73072.40000000,73777.00000000,68555.00000000,71388.94000000,71757.62874600,5132189849.09663160,2994869
1710460800000,2024-03-15,71388.94000000,72419.71000000,65600.00000000,69499.85000000,103334.03546000,7065279917.87211180,3904445
1710547200000,2024-03-16,69499.84000000,70043.00000000,64780.00000000,65300.63000000,55926.95336000,3788544202.88485590,2729019
1710633600000,2024-03-17,65300.64000000,68904.40000000,64533.00000000,68393.48000000,49742.21589000,3322963634.24251290,2449156
1710720000000,2024-03-18,68393.47000000,68956.00000000,66565.20000000,67609.99000000,55691.08088000,3768277912.41891810,2464515
1710806400000,2024-03-19,67610.00000000,68124.11000000,61555.00000000,61937.40000000,101005.32487000,6484805948.53539280,3593832
1710892800000,2024-03-20,61937.41000000,68100.00000000,60775.00000000,67840.51000000,90420.58592000,5769770052.06258300,3549793
1710979200000,2024-03-21,67840.51000000,68240.47000000,64529.01000000,65501.27000000,53357.48002000,3551223142.96441700,2388390
1711065600000,2024-03-22,65501.28000000,66649.62000000,62260.00000000,63796.64000000,51482.37821000,3310481978.10764530,2492881
1711152000000,2024-03-23,63796.64000000,65999.00000000,63000.00000000,63990.01000000,26410.11409000,1706152172.63161340,1753566
1711238400000,2024-03-24,63990.02000000,67628.69000000,63772.29000000,67209.99000000,31395.78015000,2059312948.64868730,1880774
1711324800000,2024-03-25,67210.00000000,71150.00000000,66385.06000000,69880.01000000,53431.14486000,3679964073.81121250,2632220
1711411200000,2024-03-26,69880.00000000,71561.10000000,69280.00000000,69988.00000000,38934.38417000,2738537345.33588000,2176807
1711497600000,2024-03-27,69987.99000000,71769.54000000,68359.18000000,69469.99000000,49119.35685000,3426458581.94334340,2453366
1711584000000,2024-03-28,69469.99000000,71552.06000000,68903.62000000,70780.60000000,35439.03239000,2500571208.00262760,1799897
1711670400000,2024-03-29,70780.60000000,70916.16000000,69009.00000000,69850.54000000,25445.08353000,1779608477.32245370,1522607
1711756800000,2024-03-30,69850.53000000,70321.10000000,69540.00000000,69582.18000000,13644.61142000,954555919.68557450,1110488
1711843200000,2024-03-31,69582.17000000,71366.00000000,69562.99000000,71280.01000000,19396.34433000,1367523707.26124510,1181926
1711929600000,2024-04-01,71280.00000000,71288.23000000,68062.86000000,69649.80000000,41445.32039000,2876486469.46552290,1893438
1712016000000,2024-04-02,69649.81000000,69674.23000000,64550.00000000,65463.99000000,71799.82793000,4750030717.92242550,2662410
1712102400000,2024-04-03,65463.99000000,66903.63000000,64493.07000000,65963.28000000,39887.21778000,2630556596.13592860,2172096
1712188800000,2024-04-04,65963.27000000,69309.91000000,65064.52000000,68487.79000000,41510.48453000,2795469450.57238580,2000945
1712275200000,2024-04-05,68487.80000000,68756.67000000,65952.56000000,67820.62000000,37915.23073000,2555458935.23600890,1901980
1712361600000,2024-04-06,67820.63000000,69692.00000000,67447.83000000,68896.00000000,20134.28919000,1373131967.76481860,1171460
1712448000000,2024-04-07,68896.00000000,70326.29000000,68824.00000000,69360.39000000,21534.74433000,1496213373.18557760,1269048
1712534400000,2024-04-08,69360.38000000,72797.99000000,69043.24000000,71620.00000000,45723.87624000,3270853309.66294220,2037025
1712620800000,2024-04-09,71620.00000000,71758.19000000,68210.00000000,69146.00000000,39293.90242000,2749007421.64210750,1804157
1712707200000,2024-04-10,69146.00000000,71172.08000000,67518.00000000,70631.08000000,42006.02377000,2901564970.81580420,1852170
1712793600000,2024-04-11,70631.08000000,71305.89000000,69567.21000000,70006.23000000,31917.25595000,2247473274.61625790,1658995
1712880000000,2024-04-12,70006.22000000,71227.46000000,65086.86000000,67116.52000000,56072.86229000,3843551585.32127470,2496617
1712966400000,2024-04-13,67116.52000000,67929.00000000,60660.57000000,63924.51000000,71395.22019000,4614468627.80904480,3341340
1713052800000,2024-04-14,63924.52000000,65840.00000000,62134.00000000,65661.84000000,61599.17818000,3946124834.69703540,2657953
1713139200000,2024-04-15,65661.85000000,66867.07000000,62274.40000000,63419.99000000,52389.53069000,3398072231.56122360,2539048
1713225600000,2024-04-16,63419.99000000,64365.00000000,61600.00000000,63793.39000000,53435.29331000,3355338198.44691320,2604354
1713312000000,2024-04-17,63793.40000000,64499.00000000,59678.16000000,61277.37000000,50610.54509000,3128625247.47385340,2458327
1713398400000,2024-04-18,61277.38000000,64117.09000000,60803.35000000,63470.08000000,43601.60918000,2726741448.88680220,2142511
1713484800000,2024-04-19,63470.09000000,65450.00000000,59600.01000000,63818.01000000,69774.30271000,4419893235.18328730,2828284
1713571200000,2024-04-20,63818.01000000,65419.00000000,63090.07000000,64940.59000000,23137.42975000,1486949581.43947920,1376712
1713657600000,2024-04-21,64940.58000000,65695.56000000,64237.50000000,64941.15000000,19316.42152000,1254396628.15317660,1390153
1713744000000,2024-04-22,64941.15000000,67232.35000000,64500.00000000,66819.32000000,31397.99371000,2071690434.97655200,1816591
1713830400000,2024-04-23,66819.32000000,67183.01000000,65765.81000000,66414.00000000,22599.90004000,1502139968.71988170,1433915
1713916800000,2024-04-24,66414.00000000,67070.43000000,63606.06000000,64289.59000000,33595.69637000,2195714861.65765590,1784897
1714003200000,2024-04-25,64289.58000000,65297.94000000,62794.00000000,64498.34000000,31341.46338000,2007704069.26227290,1375324
1714089600000,2024-04-26,64498.33000000,64820.01000000,63297.48000000,63770.01000000,27085.19346000,1736631357.35373870,1025561
1714176000000,2024-04-27,63770.00000000,63923.41000000,62391.24000000,63461.98000000,20933.06052000,1320337707.78711590,912422
1714262400000,2024-04-28,63461.98000000,64370.00000000,62781.00000000,63118.62000000,16949.20005000,1078450016.47322960,790652
1714348800000,2024-04-29,63118.62000000,64228.35000000,61765.53000000,63866.00000000,28150.22947000,1765038324.68372130,1152296
1714435200000,2024-04-30,63866.00000000,64734.00000000,59191.60000000,60672.00000000,54947.65535000,3372142467.43225250,1985671
1714521600000,2024-05-01,60672.01000000,60841.63000000,56552.82000000,58364.97000000,81166.46823000,4705572361.74020020,2401089
1714608000000,2024-05-02,58364.97000000,59625.00000000,56911.84000000,59060.61000000,47583.81961000,2778840305.05057860,1572898
1714694400000,2024-05-03,59060.60000000,63333.00000000,58811.32000000,62882.01000000,43628.40143000,2658193708.34790420,1558661
1714780800000,2024-05-04,62882.01000000,64540.00000000,62541.03000000,63892.04000000,24368.69282000,1547468697.87657970,1113509
1714867200000,2024-05-05,63892.03000000,64646.00000000,62822.17000000,64012.00000000,18526.75029000,1182572239.53061830,992921
1714953600000,2024-05-06,64012.00000000,65500.00000000,62700.00000000,63165.19000000,34674.91949000,2218131198.46613250,1392557
1715040000000,2024-05-07,63165.18000000,64422.41000000,62261.00000000,62312.08000000,25598.79472000,1624531631.59237700,1272898
1715126400000,2024-05-08,62312.07000000,63020.22000000,60888.00000000,61193.03000000,26121.19004000,1623561041.12551880,1415152
1715212800000,2024-05-09,61193.03000000,63429.03000000,60630.00000000,63074.01000000,30660.80610000,1895849912.77347550,1381957
1715299200000,2024-05-10,63074.00000000,63469.13000000,60187.12000000,60799.99000000,36529.34025000,2255550468.41385220,1500643
1715385600000,2024-05-11,60799.99000000,61515.00000000,60487.09000000,60825.99000000,13374.56936000,814928013.45732880,753281
1715472000000,2024-05-12,60825.99000000,61888.00000000,60610.00000000,61483.99000000,12753.13236000,781041632.46238350,727113
1715558400000,2024-05-13,61484.00000000,63450.00000000,60749.21000000,62940.08000000,32733.41839000,2041896626.61081470,1371433
1715644800000,2024-05-14,62940.09000000,63118.36000000,61142.77000000,61577.49000000,29088.72041000,1800171876.16766540,1127939
1715731200000,2024-05-15,61577.49000000,66444.16000000,61319.47000000,66206.50000000,43559.74719000,2794259631.89104640,1729454
1715817600000,2024-05-16,66206.51000000,66752.01000000,64602.77000000,65235.21000000,31106.36710000,2045507646.82938490,1269793
1715904000000,2024-05-17,65235.21000000,67451.20000000,65106.38000000,67024.00000000,26292.23409000,1745971822.34474550,1117254
1715990400000,2024-05-18,67024.00000000,67400.01000000,66600.00000000,66915.20000000,14441.25774000,967145944.68353170,734067
1716076800000,2024-05-19,66915.20000000,67700.00000000,65857.25000000,66274.01000000,18025.30409000,1204989222.87686860,823729
1716163200000,2024-05-20,66274.00000000,71515.56000000,66060.31000000,71446.62000000,50816.70110000,3485474763.75229410,1930939
1716249600000,2024-05-21,71446.62000000,71979.00000000,69162.94000000,70148.34000000,49607.43360000,3509345769.23360780,2137448
1716336000000,2024-05-22,70148.34000000,70666.00000000,68842.19000000,69166.62000000,27673.18026000,1931700812.30321440,1371973
1716422400000,2024-05-23,69166.62000000,70096.12000000,66312.16000000,67969.65000000,40513.17374000,2766790260.78860240,1827855
1716508800000,2024-05-24,67969.66000000,69250.00000000,66600.12000000,68549.99000000,28095.83664000,1906438696.71560120,1165907
1716595200000,2024-05-25,68549.99000000,69610.00000000,68500.00000000,69290.57000000,12130.39418000,837339788.98389610,703803
1716681600000,2024-05-26,69290.56000000,69562.23000000,68128.01000000,68507.67000000,11872.11797000,818914878.99088980,722849
1716768000000,2024-05-27,68507.67000000,70687.56000000,68250.00000000,69436.43000000,23136.92737000,1604722197.83740280,1219341
1716854400000,2024-05-28,69436.43000000,69591.81000000,67277.91000000,68398.39000000,32622.97042000,2224860225.79922270,1459351
1716940800000,2024-05-29,68398.40000000,68935.68000000,67124.65000000,67652.42000000,23159.83149000,1573095221.64839840,1221044
1717027200000,2024-05-30,67652.41000000,69500.00000000,67128.00000000,68352.17000000,28478.21840000,1945001081.52158660,1272851
1717113600000,2024-05-31,68352.17000000,69044.10000000,66670.00000000,67540.01000000,26690.32184000,1812659052.24967660,1177860
1717200000000,2024-06-01,67540.01000000,67900.00000000,67428.44000000,67766.85000000,8837.66133000,598305207.99320460,638484
1717286400000,2024-06-02,67766.84000000,68460.00000000,67257.47000000,67765.63000000,15426.32529000,1046827665.38293130,812348
1717372800000,2024-06-03,67765.62000000,70288.00000000,67612.48000000,68809.90000000,29633.37400000,2047757076.22683570,1253789
1717459200000,2024-06-04,68809.89000000,71063.45000000,68567.32000000,70537.84000000,29619.78489000,2069902136.99324010,1254515
1717545600000,2024-06-05,70537.83000000,71758.00000000,70383.66000000,71108.00000000,28703.18082000,2040073765.86763960,1055115
1717632000000,2024-06-06,71108.00000000,71700.00000000,70117.64000000,70799.06000000,21842.00449000,1551467659.15429660,900226
1717718400000,2024-06-07,70799.06000000,71997.02000000,68420.00000000,69355.60000000,35598.45045000,2507250591.33297820,1516415
1717804800000,2024-06-08,69355.60000000,69582.20000000,69168.02000000,69310.46000000,9773.82967000,678267390.53103880,714103
1717891200000,2024-06-09,69310.46000000,69857.14000000,69130.24000000,69648.14000000,9890.56709000,687344656.07255660,575583
1717977600000,2024-06-10,69648.15000000,70195.94000000,69172.29000000,69540.00000000,17122.66941000,1192466549.96912270,936731
1718064000000,2024-06-11,69540.00000000,69590.01000000,66051.00000000,67314.24000000,41436.01588000,2793799020.46912430,1782415
1718150400000,2024-06-12,67314.23000000,69999.00000000,66905.00000000,68263.99000000,37175.32356000,2550285139.18437200,1670745
1718236800000,2024-06-13,68263.98000000,68449.30000000,66251.78000000,66773.01000000,29079.55571000,1958897960.91729170,1518202
1718323200000,2024-06-14,66773.01000000,67370.24000000,65078.00000000,66043.99000000,28408.18797000,1884451554.42828490,1736314
1718409600000,2024-06-15,66043.99000000,66478.48000000,65857.10000000,66228.25000000,11451.80242000,758175888.02833720,700886
1718496000000,2024-06-16,66228.25000000,66998.70000000,66034.50000000,66676.87000000,9392.52223000,624653672.61385750,703295
1718582400000,2024-06-17,66676.86000000,67298.81000000,65130.00000000,66504.33000000,27386.16851000,1812061226.75656550,1542620
1718668800000,2024-06-18,66504.33000000,66588.23000000,64060.00000000,65175.32000000,42350.10244000,2755141806.03109010,2151711
1718755200000,2024-06-19,65175.32000000,65727.54000000,64666.00000000,64974.37000000,20060.79576000,1307731953.95453160,1078458
1718841600000,2024-06-20,64974.37000000,66482.94000000,64559.15000000,64869.99000000,24265.29031000,1584896152.16637010,1282687
1718928000000,2024-06-21,64869.99000000,65066.66000000,63379.35000000,64143.56000000,25993.56442000,1665541539.70861590,1362617
1719014400000,2024-06-22,64143.56000000,64546.81000000,63943.82000000,64262.01000000,7308.95542000,470027247.34020830,562832
1719100800000,2024-06-23,64262.01000000,64521.00000000,63178.32000000,63210.01000000,8224.45447000,526848525.00294520,592759
1719187200000,2024-06-24,63210.01000000,63369.80000000,58402.00000000,60293.30000000,52161.35414000,3180853460.92475080,2190787
1719273600000,2024-06-25,60293.30000000,62420.00000000,60257.06000000,61806.01000000,31189.24361000,1914901308.84587010,1277481
1719360000000,2024-06-26,61806.01000000,62487.81000000,60712.00000000,60864.99000000,22485.66463000,1381716993.35549190,1112152
1719446400000,2024-06-27,60864.98000000,62389.22000000,60606.63000000,61706.47000000,18344.28631000,1126705164.78289200,1062176
1719532800000,2024-06-28,61706.46000000,62225.31000000,60063.00000000,60427.84000000,24821.19255000,1519872032.02663600,1479626
1719619200000,2024-06-29,60427.84000000,61224.00000000,60383.77000000,60986.68000000,11509.55904000,701345872.48811430,767669
1719705600000,2024-06-30,60986.68000000,63058.76000000,60712.21000000,62772.01000000,17326.30136000,1070250012.54466050,1108912
1719792000000,2024-07-01,62772.01000000,63861.76000000,62497.20000000,62899.99000000,24547.10538000,1550980813.67013450,1461508
1719878400000,2024-07-02,62900.00000000,63288.83000000,61806.28000000,62135.47000000,18573.11875000,1160792332.61755960,1308816
1719964800000,2024-07-03,62135.46000000,62285.94000000,59400.00000000,60208.58000000,32160.11127000,1945901232.90665710,1839372
1720051200000,2024-07-04,60208.57000000,60498.19000000,56771.00000000,57050.01000000,54568.77276000,3168619756.24364850,2523236
1720137600000,2024-07-05,57050.02000000,57546.00000000,53485.93000000,56628.79000000,81348.24756000,4515040083.53651490,3749255
1720224000000,2024-07-06,56628.79000000,58475.00000000,56018.00000000,58230.13000000,21651.31558000,1235398733.43570290,1411065
1720310400000,2024-07-07,58230.13000000,58449.46000000,55724.37000000,55857.81000000,19118.93918000,1094135752.45286890,1289229
1720396800000,2024-07-08,55857.81000000,58236.73000000,54260.16000000,56714.62000000,48090.20490000,2699942701.37551110,2554389
1720483200000,2024-07-09,56714.61000000,58296.00000000,56289.45000000,58050.00000000,27732.20788000,1592351321.65538700,1757693
1720569600000,2024-07-10,58050.00000000,59470.00000000,57157.79000000,57725.85000000,24951.73799000,1452293495.65014880,1766696
1720656000000,2024-07-11,57725.85000000,59650.00000000,57050.00000000,57339.89000000,29761.05735000,1728929618.05838440,2157661
1720742400000,2024-07-12,57339.89000000,58526.68000000,56542.47000000,57889.10000000,23652.45690000,1360201319.07615040,1749738
1720828800000,2024-07-13,57889.09000000,59850.00000000,57756.63000000,59204.02000000,15357.74519000,900429281.14823270,1114391
1720915200000,2024-07-14,59204.01000000,61420.69000000,59194.01000000,60797.91000000,21178.33907000,1273562988.61117610,1456088
1721001600000,2024-07-15,60797.91000000,64900.00000000,60632.30000000,64724.14000000,38690.97820000,2435540879.02893340,2600425
1721088000000,2024-07-16,64724.06000000,65388.97000000,62373.24000000,65043.99000000,42530.52915000,2725231969.28845080,2484783
1721174400000,2024-07-17,65044.00000000,66128.63000000,63854.00000000,64087.99000000,29567.52954000,1922412273.08820950,1868671
1721260800000,2024-07-18,64087.99000000,65133.30000000,63238.48000000,63987.92000000,22568.72250000,1449872437.64979730,1696742
1721347200000,2024-07-19,63987.92000000,67386.00000000,63300.67000000,66660.00000000,35634.72739000,2331517674.36865920,2184889
1721433600000,2024-07-20,66660.01000000,67598.00000000,66222.46000000,67139.96000000,14386.92434000,961878801.84822110,995093
1721520000000,2024-07-21,67139.97000000,68366.66000000,65777.00000000,68165.34000000,21819.11191000,1465757867.97474330,1322942
1721606400000,2024-07-22,68165.35000000,68474.55000000,66559.97000000,67532.01000000,21451.04303000,1448418369.84670970,1558140
1721692800000,2024-07-23,67532.00000000,67750.98000000,65441.08000000,65936.01000000,31406.15316000,2088544473.32350770,1772089
1721779200000,2024-07-24,65936.00000000,67102.01000000,65111.00000000,65376.00000000,23082.56277000,1526490826.46699670,1391053
1721865600000,2024-07-25,65376.01000000,66175.49000000,63456.70000000,65799.95000000,35126.42934000,2266419771.22486380,1830360
1721952000000,2024-07-26,65799.95000000,68200.00000000,65722.63000000,67907.99000000,24244.36023000,1630839588.69665470,1406982
1722038400000,2024-07-27,67908.00000000,69399.99000000,66650.00000000,67896.50000000,31710.21921000,2162335067.02341760,1690591
1722124800000,2024-07-28,67896.49000000,68318.43000000,67066.66000000,68249.88000000,10868.69394000,736755676.13774510,821210
1722211200000,2024-07-29,68249.88000000,70079.99000000,66428.00000000,66784.69000000,36467.29633000,2499265962.09145500,1952812
1722297600000,2024-07-30,66784.68000000,67000.00000000,65302.67000000,66188.00000000,23132.25441000,1533270724.79942100,1622083
1722384000000,2024-07-31,66188.00000000,66849.24000000,64530.00000000,64628.00000000,22625.43905000,1489443332.59601170,1609976
1722470400000,2024-08-01,64628.01000000,65659.78000000,62302.00000000,65354.02000000,35542.26854000,2270877792.65867990,2397257
1722556800000,2024-08-02,65354.02000000,65596.14000000,61230.01000000,61498.33000000,38820.42937000,2469588785.69815740,2457735
1722643200000,2024-08-03,61498.34000000,62198.22000000,59850.00000000,60697.99000000,28034.71567000,1711555901.18010990,1669555
1722729600000,2024-08-04,60697.99000000,61117.63000000,57122.77000000,58161.00000000,31616.52003000,1874490041.54373530,1886195
1722816000000,2024-08-05,58161.00000000,58305.59000000,49000.00000000,54018.81000000,162065.59186000,8580928177.42990090,7568497
1722902400000,2024-08-06,54018.82000000,57040.99000000,53950.00000000,56022.01000000,55884.77676000,3119018848.32988790,3433824
1722988800000,2024-08-07,56022.00000000,57736.05000000,54558.62000000,55134.16000000,44269.37684000,2490553853.60258280,2397504
1723075200000,2024-08-08,55133.76000000,62745.14000000,54730.00000000,61685.99000000,48349.52949000,2836312292.43181820,2603042
1723161600000,2024-08-09,61686.00000000,61744.37000000,59535.00000000,60837.99000000,30972.48017000,1878350555.51226330,1827809
1723248000000,2024-08-10,60837.99000000,61470.58000000,60242.00000000,60923.51000000,9995.20621000,607372221.24603980,800499
1723334400000,2024-08-11,60923.51000000,61858.00000000,58286.73000000,58712.59000000,19189.84512000,1152081498.15677740,1319469
1723420800000,2024-08-12,58712.59000000,60711.09000000,57642.21000000,59346.64000000,37009.91743000,2186851067.31658610,2293837
1723507200000,2024-08-13,59346.64000000,61578.10000000,58392.88000000,60587.15000000,27858.95851000,1668247896.84771860,1713485
1723593600000,2024-08-14,60587.16000000,61800.00000000,58433.18000000,58683.39000000,28422.76326000,1705464263.50586500,1729342
1723680000000,2024-08-15,58683.39000000,59849.38000000,56078.54000000,57541.06000000,37686.17622000,2194915865.05222870,2507858
1723766400000,2024-08-16,57541.05000000,59817.76000000,57098.62000000,58874.60000000,27610.84344000,1614654900.33327160,1999539
1723852800000,2024-08-17,58874.59000000,59700.00000000,58785.05000000,59491.99000000,7721.72931000,457737705.77228390,807159
1723939200000,2024-08-18,59491.99000000,60284.99000000,58408.92000000,58427.35000000,13634.85717000,813166580.72648510,1099730
1724025600000,2024-08-19,58427.35000000,59617.63000000,57787.30000000,59438.50000000,22809.31251000,1336287900.19763400,1636295
1724112000000,2024-08-20,59438.50000000,61400.00000000,58548.23000000,59013.80000000,31477.44548000,1890620149.79102020,1904519
1724198400000,2024-08-21,59013.80000000,61820.93000000,58783.47000000,61156.03000000,27983.64220000,1682529555.09605460,1981525
1724284800000,2024-08-22,61156.03000000,61400.00000000,59724.87000000,60375.84000000,21241.20588000,1288544247.95601750,1718280
1724371200000,2024-08-23,60375.83000000,64955.00000000,60342.14000000,64037.24000000,38118.07089000,2375916932.79354870,2555682
1724457600000,2024-08-24,64037.24000000,64494.50000000,63531.00000000,64157.01000000,15857.15616000,1015774255.17407640,1551856
1724544000000,2024-08-25,64157.02000000,65000.00000000,63773.27000000,64220.00000000,12305.47977000,789935122.99302420,1263065
1724630400000,2024-08-26,64219.99000000,64481.00000000,62800.00000000,62834.00000000,19470.05276000,1238341818.43201660,2152841
1724716800000,2024-08-27,62834.00000000,63212.00000000,58034.01000000,59415.00000000,35135.94178000,2158144642.99299270,2995281
1724803200000,2024-08-28,59415.00000000,60234.98000000,57860.00000000,59034.90000000,36868.54275000,2183054412.97408700,3664134
1724889600000,2024-08-29,59034.90000000,61166.99000000,58713.09000000,59359.01000000,27020.90743000,1617931684.25857600,2743900
1724976000000,2024-08-30,59359.00000000,59944.07000000,57701.10000000,59123.99000000,28519.32195000,1680918972.46584970,2845696
1725062400000,2024-08-31,59123.99000000,59462.38000000,58744.00000000,58973.99000000,8798.40900000,519849184.86904460,895944
1725148800000,2024-09-01,58974.00000000,59076.59000000,57201.00000000,57301.86000000,20705.15741000,1202176847.39105850,2153180
1725235200000,2024-09-02,57301.77000000,59425.69000000,57128.00000000,59132.13000000,22895.01461000,1333092369.44656860,1966119
1725321600000,2024-09-03,59132.12000000,59809.65000000,57415.00000000,57487.73000000,22828.18447000,1335076815.85992480,2208758
1725408000000,2024-09-04,57487.74000000,58519.00000000,55606.00000000,57970.90000000,35560.82146000,2027630870.17967540,3177549
1725494400000,2024-09-05,57970.90000000,58327.07000000,55643.65000000,56180.00000000,27806.91413000,1577770853.10079750,3368058
1725580800000,2024-09-06,56180.00000000,57008.00000000,52550.00000000,53962.97000000,54447.76826000,2988914918.92433420,5287281
1725667200000,2024-09-07,53962.97000000,54850.00000000,53745.54000000,54160.86000000,16694.04774000,905693342.58983220,1920923
1725753600000,2024-09-08,54160.86000000,55318.00000000,53629.01000000,54869.95000000,16274.14779000,885743172.91847590,1796092
1725840000000,2024-09-09,54869.95000000,58088.00000000,54591.96000000,57042.00000000,32384.51737000,1809715390.04932940,3355912
1725926400000,2024-09-10,57042.01000000,58044.36000000,56386.40000000,57635.99000000,23626.78126000,1349365460.09005710,2843148
1726012800000,2024-09-11,57635.99000000,57981.71000000,55545.19000000,57338.00000000,33026.56757000,1875738697.37841530,4045103
1726099200000,2024-09-12,57338.00000000,58588.00000000,57324.00000000,58132.32000000,31074.40631000,1802848638.07570170,3706764
1726185600000,2024-09-13,58132.31000000,60625.00000000,57632.62000000,60498.00000000,29825.23333000,1760671733.54929960,3378012
1726272000000,2024-09-14,60497.99000000,60610.45000000,59400.00000000,59993.03000000,12137.90901000,728527024.34169630,1288784
1726358400000,2024-09-15,59993.02000000,60395.80000000,58691.05000000,59132.00000000,13757.92361000,822410872.39069560,1552950
1726444800000,2024-09-16,59132.00000000,59210.70000000,57493.30000000,58213.99000000,26477.56420000,1543273198.70274520,3145152
1726531200000,2024-09-17,58213.99000000,61320.00000000,57610.01000000,60313.99000000,33116.25878000,1983378424.77570380,3918209
1726617600000,2024-09-18,60313.99000000,61786.24000000,59174.80000000,61759.99000000,36087.02469000,2174000496.82077610,5167671
1726704000000,2024-09-19,61759.98000000,63850.00000000,61555.00000000,62947.99000000,34332.52608000,2153175931.17387170,4438284
1726790400000,2024-09-20,62948.00000000,64133.32000000,62350.00000000,63201.05000000,25466.37794000,1611195963.99080440,3969296
1726876800000,2024-09-21,63201.05000000,63559.90000000,62758.00000000,63348.96000000,8375.34608000,528657852.31830240,1283611
1726963200000,2024-09-22,63348.97000000,64000.00000000,62357.93000000,63578.76000000,14242.19892000,897477338.37351270,2145736
1727049600000,2024-09-23,63578.76000000,64745.88000000,62538.75000000,63339.99000000,24078.05287000,1531015038.36802670,3999187
1727136000000,2024-09-24,63339.99000000,64688.00000000,62700.00000000,64262.70000000,23185.04759000,1472720338.85629160,3870157
1727222400000,2024-09-25,64262.70000000,64817.99000000,62947.08000000,63152.01000000,17813.11168000,1135250828.27321490,3355531
1727308800000,2024-09-26,63152.01000000,65839.00000000,62670.00000000,65173.99000000,28373.30593000,1831204595.94489680,4361333
1727395200000,2024-09-27,65173.99000000,66498.00000000,64819.90000000,65769.95000000,22048.80487000,1448852210.36022120,3498529
1727481600000,2024-09-28,65769.95000000,66260.00000000,65422.23000000,65858.00000000,9127.23316000,600118483.12225210,1341703
1727568000000,2024-09-29,65858.00000000,66076.12000000,65432.00000000,65602.01000000,8337.74111000,547980013.71523030,1413449
1727654400000,2024-09-30,65602.01000000,65618.80000000,62856.30000000,63327.59000000,30011.08752000,1920250261.74421610,3978584
1727740800000,2024-10-01,63327.60000000,64130.63000000,60164.00000000,60805.78000000,43671.48108000,2723672081.83262550,5607069
1727827200000,2024-10-02,60804.92000000,62390.31000000,60000.00000000,60649.28000000,31534.70118000,1928377637.83678390,5313210
1727913600000,2024-10-03,60649.27000000,61477.19000000,59828.11000000,60752.71000000,26221.43472000,1590773866.80744340,5244004
1728000000000,2024-10-04,60752.72000000,62484.85000000,60459.90000000,62086.00000000,21294.65994000,1311145630.50204980,3798631
1728086400000,2024-10-05,62086.00000000,62370.56000000,61689.26000000,62058.00000000,7807.46141000,484588468.34191230,1183175
1728172800000,2024-10-06,62058.01000000,62975.00000000,61798.97000000,62819.91000000,8906.86177000,555669634.47735140,1556553
1728259200000,2024-10-07,62819.91000000,64478.19000000,62128.00000000,62224.00000000,25966.18520000,1646315506.57919460,4809342
1728345600000,2024-10-08,62224.01000000,63200.00000000,61860.31000000,62160.49000000,19702.22371000,1230076253.81865700,3798438
1728432000000,2024-10-09,62160.50000000,62543.75000000,60301.00000000,60636.02000000,20011.15684000,1234778807.59324170,3668363
1728518400000,2024-10-10,60636.01000000,61321.68000000,58946.00000000,60326.39000000,23967.92481000,1445604381.93637920,3872577
1728604800000,2024-10-11,60326.40000000,63417.56000000,60087.64000000,62540.00000000,23641.35209000,1462219576.84986490,3222180
1728691200000,2024-10-12,62539.99000000,63480.00000000,62487.23000000,63206.22000000,10911.30116000,686978508.98875430,1770837
1728777600000,2024-10-13,63206.23000000,63285.72000000,62050.00000000,62870.02000000,11909.21995000,746564374.20823870,2242529
1728864000000,2024-10-14,62870.02000000,66500.00000000,62457.81000000,66083.99000000,37669.95222000,2450094472.81354500,4977577
1728950400000,2024-10-15,66084.00000000,67950.00000000,64800.01000000,67074.14000000,43683.95423000,2894021862.31951800,6245619
1729036800000,2024-10-16,67074.14000000,68424.00000000,66750.49000000,67620.01000000,29938.25544000,2024560410.10626740,5109685
1729123200000,2024-10-17,67620.00000000,67939.40000000,66666.00000000,67421.78000000,25328.22861000,1702164439.56545950,3981960
1729209600000,2024-10-18,67421.78000000,69000.00000000,67192.36000000,68428.00000000,28725.63500000,1959735899.87696440,4010969
1729296000000,2024-10-19,68427.99000000,68693.26000000,68010.00000000,68378.00000000,8193.66737000,559628628.96131050,1152428
1729382400000,2024-10-20,68377.99000000,69400.00000000,68100.00000000,69031.99000000,12442.47378000,854082429.81058610,1563795
1729468800000,2024-10-21,69032.00000000,69519.52000000,66840.67000000,67377.50000000,31374.42184000,2130833593.54669770,3686777
1729555200000,2024-10-22,67377.50000000,67836.01000000,66571.42000000,67426.00000000,24598.96268000,1654285791.66055570,3669291
1729641600000,2024-10-23,67426.01000000,67472.83000000,65260.00000000,66668.65000000,25530.24070000,1695101430.91874660,3807365
1729728000000,2024-10-24,66668.65000000,68850.00000000,66510.00000000,68198.28000000,22589.83877000,1526736320.91293800,3797462
1729814400000,2024-10-25,68198.27000000,68771.49000000,65596.29000000,66698.33000000,34479.71125000,2320667435.29325390,5332593
1729900800000,2024-10-26,66698.32000000,67454.55000000,66439.90000000,67092.76000000,11842.90770000,792887047.14789200,2373501
1729987200000,2024-10-27,67092.76000000,68332.05000000,66913.73000000,68021.70000000,8653.19592000,585006148.47048090,1771989
1730073600000,2024-10-28,68021.69000000,70270.00000000,67618.00000000,69962.21000000,29046.75459000,2005105729.81744490,4432446
1730160000000,2024-10-29,69962.21000000,73620.12000000,69760.00000000,72736.42000000,50128.60594000,3602465986.89175740,5645430
1730246400000,2024-10-30,72736.41000000,72961.00000000,71436.00000000,72344.74000000,26885.99056000,1941210537.28828680,4040734
1730332800000,2024-10-31,72344.75000000,72700.00000000,69685.76000000,70292.01000000,29352.10297000,2091144977.49468470,4525542
1730419200000,2024-11-01,70292.01000000,71632.95000000,68820.14000000,69496.01000000,38301.86755000,2677358022.00497000,4569271
1730505600000,2024-11-02,69496.00000000,69914.37000000,69000.14000000,69374.74000000,10521.67243000,731232427.63115480,1603561
1730592000000,2024-11-03,69374.74000000,69391.00000000,67478.73000000,68775.99000000,24995.70243000,1709666206.40620230,3668029
1730678400000,2024-11-04,68775.99000000,69500.00000000,66835.00000000,67850.01000000,29800.39187000,2033902307.00277610,5377048
1730764800000,2024-11-05,67850.01000000,70577.91000000,67476.63000000,69372.01000000,33355.06888000,2310418908.06992200,4955644
1730851200000,2024-11-06,69372.01000000,76400.00000000,69298.00000000,75571.99000000,104126.99478700,7702283270.25800886,8434184
1730937600000,2024-11-07,75571.99000000,76849.99000000,74416.00000000,75857.89000000,44869.42234500,3391796661.97195520,5207722
1731024000000,2024-11-08,75857.89000000,77199.99000000,75555.00000000,76509.78000000,36521.09958300,2784449097.53151828,4877489
1731110400000,2024-11-09,76509.78000000,76900.00000000,75714.66000000,76677.46000000,16942.07915000,1294709001.60288990,2585264
1731196800000,2024-11-10,76677.46000000,81500.00000000,76492.00000000,80370.01000000,61830.10043500,4905441473.90073684,7128598
1731283200000,2024-11-11,80370.01000000,89530.54000000,80216.01000000,88647.99000000,82323.66577600,6944268709.94272134,9348890
1731369600000,2024-11-12,88648.00000000,89940.00000000,85072.00000000,87952.01000000,97299.88791100,8540084566.27981860,11499058
1731456000000,2024-11-13,87952.00000000,93265.64000000,86127.99000000,90375.20000000,86763.85412700,7790928962.04303818,11962100
1731542400000,2024-11-14,90375.21000000,91790.00000000,86668.21000000,87325.59000000,56729.51086000,5073860815.92866480,9828858
1731628800000,2024-11-15,87325.59000000,91850.00000000,87073.38000000,91032.07000000,47927.95068000,4276238971.18142940,8009111
1731715200000,2024-11-16,91032.08000000,91779.66000000,90056.17000000,90586.92000000,22717.87689000,2067958511.90484730,4239455
1731801600000,2024-11-17,90587.98000000,91449.99000000,88722.00000000,89855.99000000,23867.55609000,2153871724.81039480,4930719
1731888000000,2024-11-18,89855.98000000,92594.00000000,89376.90000000,90464.08000000,46545.03448000,4239909950.66189400,7161125
1731974400000,2024-11-19,90464.07000000,93905.51000000,90357.00000000,92310.79000000,43660.04682000,4025108502.84961394,5647789
1732060800000,2024-11-20,92310.80000000,94831.97000000,91500.00000000,94286.56000000,42203.19871200,3950932314.64606898,7365987
1732147200000,2024-11-21,94286.56000000,98988.00000000,94040.00000000,98317.12000000,69228.36047700,6722807908.32565552,9048605
1732233600000,2024-11-22,98317.12000000,99588.01000000,97122.11000000,98892.00000000,46189.30924300,4555536773.36320499,7271311
1732320000000,2024-11-23,98892.00000000,98908.85000000,97136.00000000,97672.40000000,24757.84367000,2431609866.32951430,3839138
1732406400000,2024-11-24,97672.40000000,98564.00000000,95734.77000000,97900.04000000,31200.97838000,3034172011.95178840,4964720
1732492800000,2024-11-25,97900.05000000,98871.80000000,92600.19000000,93010.01000000,50847.45096000,4883444806.32219350,8289691
1732579200000,2024-11-26,93010.01000000,94973.37000000,90791.10000000,91965.16000000,57858.73138000,5370918648.81816690,10225809
1732665600000,2024-11-27,91965.16000000,97208.21000000,91792.14000000,95863.11000000,41153.42734000,3894358511.61756510,6648690
1732752000000,2024-11-28,95863.11000000,96564.00000000,94640.00000000,95643.98000000,28814.54357000,2749861591.25960980,4988161
1732838400000,2024-11-29,95643.99000000,98619.99000000,95364.99000000,97460.00000000,27701.78231000,2690451030.63428740,5094070
1732924800000,2024-11-30,97460.00000000,97463.95000000,96092.01000000,96407.99000000,14503.83306000,1402672950.69982080,3354759
1733011200000,2024-12-01,96407.99000000,97836.00000000,95693.88000000,97185.18000000,16938.60452000,1641327626.60622060,3342200
1733097600000,2024-12-02,97185.17000000,98130.00000000,94395.00000000,95840.62000000,37958.66981000,3646639621.73758780,7560103
1733184000000,2024-12-03,95840.61000000,96305.52000000,93578.17000000,95849.69000000,35827.32283000,3413995542.01865610,5361712
1733270400000,2024-12-04,95849.69000000,99000.00000000,94587.83000000,98587.32000000,43850.53728000,4241994533.78610610,6648724
1733356800000,2024-12-05,98587.32000000,104088.00000000,90500.00000000,96945.63000000,109921.72966200,11048002942.14993118,12012364
1733443200000,2024-12-06,96945.63000000,101898.99000000,95981.72000000,99740.84000000,45049.53310000,4456641685.36444370,6919102
1733529600000,2024-12-07,99740.84000000,100439.18000000,98844.00000000,99831.99000000,14931.94590000,1487953846.83854580,2634566
1733616000000,2024-12-08,99831.99000000,101351.00000000,98657.70000000,101109.59000000,14612.99688000,1459576946.40215100,2994709
1733702400000,2024-12-09,101109.60000000,101215.93000000,94150.05000000,97276.47000000,53949.11595000,5283626995.70564880,8445872
1733788800000,2024-12-10,97276.48000000,98270.00000000,94256.54000000,96593.00000000,51708.68933000,4988660195.09242860,11556189
1733875200000,2024-12-11,96593.00000000,101888.00000000,95658.24000000,101125.00000000,37753.78291000,3745703763.01844990,8250511
1733961600000,2024-12-12,101125.00000000,102540.00000000,99311.64000000,100004.29000000,29232.08745000,2949462583.86617050,8066322
1734048000000,2024-12-13,100004.29000000,101895.26000000,99205.00000000,101424.25000000,21904.03923000,2203903393.07410050,5481660
1734134400000,2024-12-14,101424.24000000,102650.00000000,100609.41000000,101420.00000000,14191.70326000,1441594367.04631920,3374538
1734220800000,2024-12-15,101420.00000000,105250.00000000,101237.14000000,104463.99000000,22228.92177500,2290462903.83579120,3638809
1734307200000,2024-12-16,104463.99000000,107793.07000000,103333.00000000,106058.66000000,41302.40274000,4364964400.63455291,8048054
1734393600000,2024-12-17,106058.65000000,108353.00000000,105321.49000000,106133.74000000,29064.93646600,3103833327.77510671,7212799
1734480000000,2024-12-18,106133.74000000,106524.98000000,100000.00000000,100204.01000000,50307.99755000,5194263316.25923660,8762120
1734566400000,2024-12-19,100204.01000000,102800.11000000,95700.00000000,97461.86000000,55147.39800000,5487546517.70775260,7273941
1734652800000,2024-12-20,97461.86000000,98233.00000000,92232.54000000,97805.44000000,62884.13570000,6022845238.83232620,7429007
1734739200000,2024-12-21,97805.44000000,99540.61000000,96398.39000000,97291.99000000,23483.54143000,2296232055.19592620,3717638
1734825600000,2024-12-22,97292.00000000,97448.08000000,94250.35000000,95186.27000000,19353.83036000,1857819866.36039980,3633551
1734912000000,2024-12-23,95186.28000000,96538.92000000,92520.00000000,94881.47000000,32810.76703000,3100007213.49456320,5464919
1734998400000,2024-12-24,94881.47000000,99487.99000000,93569.02000000,98663.58000000,23674.22488000,2287214424.70647590,3421549
1735084800000,2024-12-25,98663.58000000,99569.15000000,97632.02000000,99429.60000000,14474.16510000,1426143976.04936360,3283028
1735171200000,2024-12-26,99429.61000000,99963.70000000,95199.14000000,95791.60000000,21192.36727000,2049123567.38677240,5203490
1735257600000,2024-12-27,95791.60000000,97544.58000000,93500.01000000,94299.03000000,26501.26429000,2528567849.77946140,5718866
1735344000000,2024-12-28,94299.03000000,95733.99000000,94135.66000000,95300.00000000,8385.89290000,794651624.83495550,2732061
1735430400000,2024-12-29,95300.00000000,95340.00000000,93009.52000000,93738.20000000,13576.00578000,1278370863.97684710,2865838
1735516800000,2024-12-30,93738.19000000,95024.50000000,91530.45000000,92792.05000000,27619.42250000,2573126059.76947800,5560563
1735603200000,2024-12-31,92792.05000000,96250.00000000,92033.73000000,93576.00000000,19612.03389000,1845718801.92270400,3347847
1735689600000,2025-01-01,93576.00000000,95151.15000000,92888.00000000,94591.79000000,10373.32613000,975444194.13799830,1516556
1735776000000,2025-01-02,94591.78000000,97839.50000000,94392.00000000,96984.79000000,21970.48948000,2118411852.68127950,3569079
1735862400000,2025-01-03,96984.79000000,98976.91000000,96100.01000000,98174.18000000,15253.82936000,1486610768.59079170,2851164
1735948800000,2025-01-04,98174.17000000,98778.43000000,97514.79000000,98220.50000000,8990.05651000,881223751.63536030,1559982
1736035200000,2025-01-05,98220.51000000,98836.85000000,97276.79000000,98363.61000000,8095.63723000,793931715.95463240,1685799
1736121600000,2025-01-06,98363.61000000,102480.00000000,97920.00000000,102235.60000000,25263.43375000,2540561688.77714340,3853702
1736208000000,2025-01-07,102235.60000000,102724.38000000,96181.81000000,96954.61000000,32059.87537000,3170421659.71723590,4480562
1736294400000,2025-01-08,96954.60000000,97268.65000000,92500.90000000,95060.61000000,33704.67894000,3205849081.11296200,5171208
1736380800000,2025-01-09,95060.61000000,95382.32000000,91203.67000000,92552.49000000,34544.83685000,3217669887.24539790,6027161
1736467200000,2025-01-10,92552.49000000,95836.00000000,92206.02000000,94726.11000000,31482.86424000,2962085343.28370360,5531444
1736553600000,2025-01-11,94726.10000000,95050.94000000,93831.73000000,94599.99000000,7047.90430000,665685994.93301000,1496191
1736640000000,2025-01-12,94599.99000000,95450.10000000,93711.19000000,94545.06000000,8606.86622000,813278829.65839490,1658863
1736726400000,2025-01-13,94545.07000000,95940.00000000,89256.69000000,94536.10000000,42619.56423000,3930666134.34745740,5740963
1736812800000,2025-01-14,94536.11000000,97371.00000000,94346.22000000,96560.86000000,27846.61753000,2676048470.35695040,4532923
1736899200000,2025-01-15,96560.85000000,100681.94000000,96500.00000000,100497.35000000,30509.99179000,3006242382.88679460,3487945
1736985600000,2025-01-16,100497.35000000,100866.66000000,97335.13000000,99987.30000000,27832.85317000,2765162040.63979910,3762755
1737072000000,2025-01-17,99987.30000000,105865.22000000,99950.77000000,104077.48000000,39171.85292000,4040993985.47504680,3886907
1737158400000,2025-01-18,104077.47000000,104988.88000000,102277.55000000,104556.23000000,24307.82998000,2521522119.37952530,3403162
1737244800000,2025-01-19,104556.23000000,106422.43000000,99651.60000000,101331.57000000,43397.28298000,4513423971.41025210,5271920
1737331200000,2025-01-20,101331.57000000,109588.00000000,99550.00000000,102260.01000000,89529.23173200,9398787064.32071500,11597937
1737417600000,2025-01-21,102260.00000000,107240.81000000,100119.04000000,106143.82000000,45941.02002000,4768512258.15650130,6842980
1737504000000,2025-01-22,106143.82000000,106394.46000000,103339.12000000,103706.66000000,22248.69254000,2331144640.65857870,4364035
1737590400000,2025-01-23,103706.66000000,106850.00000000,101262.28000000,103910.34000000,53953.12031000,5610760848.13163840,6961383
1737676800000,2025-01-24,103910.35000000,107120.00000000,102750.00000000,104870.50000000,23609.24017000,2483818574.37374800,4798886
1737763200000,2025-01-25,104870.51000000,105286.52000000,104106.09000000,104746.85000000,9068.32377000,949511531.35780170,1770765
1737849600000,2025-01-26,104746.86000000,105500.00000000,102520.44000000,102620.00000000,9812.51238000,1024352365.47155230,1813011
1737936000000,2025-01-27,102620.01000000,103260.00000000,97777.77000000,102082.83000000,50758.13410000,5092886322.82924400,9368910
1738022400000,2025-01-28,102082.83000000,103800.00000000,100272.68000000,101335.52000000,22022.05765000,2253977324.03620920,5428644
1738108800000,2025-01-29,101335.52000000,104782.68000000,101328.01000000,103733.24000000,23155.35802000,2380383694.77213620,5189699
1738195200000,2025-01-30,103733.25000000,106457.44000000,103278.54000000,104722.94000000,19374.07472000,2038112603.51264120,3990075
1738281600000,2025-01-31,104722.94000000,106012.00000000,101560.00000000,102429.56000000,21983.18193000,2282174002.19521760,4331904
1738368000000,2025-02-01,102429.56000000,102783.71000000,100279.51000000,100635.65000000,12290.95747000,1250354228.23722970,2588786
1738454400000,2025-02-02,100635.66000000,101456.60000000,96150.00000000,97700.59000000,34619.49939000,3412084312.58362790,7202339
1738540800000,2025-02-03,97700.59000000,102500.01000000,91231.00000000,101328.52000000,75164.73850000,7228589180.71162140,10625262
1738627200000,2025-02-04,101328.51000000,101732.31000000,96150.00000000,97763.13000000,40267.98697000,3989698644.26493070,6618911
1738713600000,2025-02-05,97763.14000000,99149.00000000,96155.00000000,96612.43000000,26233.30444000,2562342153.82968530,4471763
1738800000000,2025-02-06,96612.44000000,99120.00000000,95676.64000000,96554.35000000,23515.20405000,2289071921.21756010,4242807
1738886400000,2025-02-07,96554.35000000,100137.99000000,95620.34000000,96506.80000000,31794.22065000,3107592434.67383420,5012456
1738972800000,2025-02-08,96506.80000000,96880.00000000,95688.00000000,96444.74000000,10147.24294000,977040267.51586310,1757892
1739059200000,2025-02-09,96444.75000000,97323.09000000,94713.00000000,96462.75000000,14120.91613000,1359495152.31079740,2293192
1739145600000,2025-02-10,96462.75000000,98345.00000000,95256.00000000,97430.82000000,20572.87537000,1999112052.66878620,3475919
1739232000000,2025-02-11,97430.82000000,98478.42000000,94876.88000000,95778.20000000,18647.76379000,1806534846.38631950,3716586
1739318400000,2025-02-12,95778.21000000,98119.99000000,94088.23000000,97869.99000000,29151.16625000,2800142168.39436540,4992737
1739404800000,2025-02-13,97870.00000000,98083.91000000,95217.36000000,96608.14000000,19921.77616000,1916988246.39211860,3909456
1739491200000,2025-02-14,96608.13000000,98826.00000000,96252.82000000,97500.48000000,18173.02646000,1768073218.86901540,3499564
1739577600000,2025-02-15,97500.47000000,97972.26000000,97223.58000000,97569.66000000,7349.37683000,717245393.77809200,1694327
1739664000000,2025-02-16,97569.67000000,97704.47000000,96046.18000000,96118.12000000,8191.42490000,794694242.29497320,1596701
1739750400000,2025-02-17,96118.12000000,97046.59000000,95205.00000000,95780.00000000,16492.04510000,1584593526.17546780,2831237
1739836800000,2025-02-18,95780.01000000,96753.91000000,93388.09000000,95671.74000000,23368.19471000,2223994802.89200520,4234248
1739923200000,2025-02-19,95671.74000000,96899.99000000,95029.99000000,96644.37000000,16438.50954000,1576817572.10325050,2784225
1740009600000,2025-02-20,96644.37000000,98711.36000000,96415.09000000,98305.00000000,17057.39177000,1663386824.73155060,2386973
1740096000000,2025-02-21,98305.01000000,99475.00000000,94871.95000000,96181.98000000,32249.28140000,3143975917.57346420,4528525
1740182400000,2025-02-22,96181.99000000,96980.00000000,95770.49000000,96551.01000000,11268.17708000,1087077133.82263640,1506418
1740268800000,2025-02-23,96551.01000000,96650.00000000,95227.94000000,96258.00000000,10884.84913000,1044392011.79102410,1457368
1740355200000,2025-02-24,96258.00000000,96500.00000000,91349.26000000,91552.88000000,31550.10299000,2981809595.44537670,4972684
1740441600000,2025-02-25,91552.88000000,92540.69000000,86050.99000000,88680.40000000,78333.11111000,6962982500.90447390,10289145
1740528000000,2025-02-26,88680.39000000,89414.15000000,82256.01000000,84250.09000000,56893.54409000,4898429925.63647610,8490006
1740614400000,2025-02-27,84250.09000000,87078.46000000,82716.49000000,84708.58000000,42505.45439000,3618738891.22216230,6357581
1740700800000,2025-02-28,84708.57000000,85120.00000000,78258.52000000,84349.94000000,83648.03969000,6806705236.69067870,11344216
1740787200000,2025-03-01,84349.95000000,86558.00000000,83824.78000000,86064.53000000,25785.05464000,2194003507.85264280,3700728
1740873600000,2025-03-02,86064.54000000,95000.00000000,85050.60000000,94270.00000000,54889.09045000,4972549515.78866870,7403218
1740960000000,2025-03-03,94269.99000000,94416.46000000,85117.11000000,86220.61000000,59171.10218000,5321123743.47192310,9797860
1741046400000,2025-03-04,86221.16000000,88967.52000000,81500.00000000,87281.98000000,55609.10706000,4704901219.59043560,10326631
1741132800000,2025-03-05,87281.98000000,91000.00000000,86334.53000000,90606.01000000,38264.01163000,3400243670.30497560,8070266
1741219200000,2025-03-06,90606.00000000,92810.64000000,87836.00000000,89931.89000000,34342.44902000,3105145628.39939920,7643526
1741305600000,2025-03-07,89931.88000000,91283.02000000,84667.03000000,86801.75000000,57980.35713000,5097554826.61315770,9510442
1741392000000,2025-03-08,86801.74000000,86897.25000000,85218.47000000,86222.45000000,12989.23054000,1119358968.65200550,2553974
1741478400000,2025-03-09,86222.46000000,86500.00000000,80000.00000000,80734.37000000,26115.39345000,2173552660.45447930,5189138
1741564800000,2025-03-10,80734.48000000,84123.46000000,77459.91000000,78595.86000000,47633.38405000,3834924947.75818610,8701538
1741651200000,2025-03-11,78595.86000000,83617.40000000,76606.00000000,82932.99000000,48770.06853000,3927000827.11079190,6983310
1741737600000,2025-03-12,82932.99000000,84539.85000000,80607.65000000,83680.12000000,31933.98600000,2638600996.82539610,5253577
1741824000000,2025-03-13,83680.12000000,84336.33000000,79939.90000000,81115.78000000,27546.27412000,2260870111.23938940,4367093
1741910400000,2025-03-14,81115.78000000,85309.71000000,80818.84000000,83983.20000000,26858.52755000,2244729595.54117160,3290987
1741996800000,2025-03-15,83983.19000000,84676.28000000,83618.00000000,84338.44000000,11324.73320000,953445671.83375050,1329670
1742083200000,2025-03-16,84338.44000000,85117.04000000,81981.12000000,82574.53000000,17596.12531000,1468056556.29672260,2767947
1742169600000,2025-03-17,82574.52000000,84756.83000000,82456.00000000,84010.03000000,17214.74358000,1437716814.04687390,3014756
1742256000000,2025-03-18,84010.02000000,84021.74000000,81134.66000000,82715.03000000,17610.89883000,1450813055.47972610,3126371
1742342400000,2025-03-19,82715.03000000,87000.00000000,82547.16000000,86845.94000000,28151.05374000,2375813941.94376220,3774761
1742428800000,2025-03-20,86845.93000000,87453.67000000,83655.23000000,84223.39000000,22090.30463000,1885241921.15565180,3252595
1742515200000,2025-03-21,84223.38000000,84850.33000000,83175.25000000,84088.79000000,11956.97443000,1005135519.25600170,2360005
1742601600000,2025-03-22,84088.79000000,84539.17000000,83625.10000000,83840.59000000,5420.22114000,456235443.80165220,864481
1742688000000,2025-03-23,83840.59000000,86129.64000000,83809.75000000,86082.50000000,8461.97813000,718692319.14990380,1206533
1742774400000,2025-03-24,86082.50000000,88765.43000000,85519.09000000,87498.16000000,30115.62111000,2636765917.95184350,2916713
1742860800000,2025-03-25,87498.16000000,88539.63000000,86310.00000000,87392.87000000,22643.25248000,1979571590.89829370,2802815
1742947200000,2025-03-26,87392.88000000,88275.00000000,85860.00000000,86909.17000000,18408.78485000,1606406955.58646330,2380154
1743033600000,2025-03-27,86909.17000000,87756.39000000,85800.00000000,87232.01000000,17098.03897000,1487968807.70790220,2376381
1743120000000,2025-03-28,87232.01000000,87515.67000000,83585.00000000,84424.38000000,27182.73169000,2309946560.66411380,3236085
1743206400000,2025-03-29,84424.38000000,84624.73000000,81644.81000000,82648.54000000,11696.39864000,970199917.98687160,2172387
1743292800000,2025-03-30,82648.53000000,83534.64000000,81565.00000000,82389.99000000,9864.49508000,816584795.52881260,1907663
1743379200000,2025-03-31,82390.00000000,83943.08000000,81278.52000000,82550.01000000,20569.13885000,1696009191.08096490,3964358
1743465600000,2025-04-01,82550.00000000,85579.46000000,82432.74000000,85158.34000000,20190.39697000,1698895702.57546820,3328693
1743552000000,2025-04-02,85158.35000000,88500.00000000,82320.00000000,82516.29000000,39931.45700000,3417279759.83076360,5338238
1743638400000,2025-04-03,82516.28000000,83998.02000000,81211.24000000,83213.09000000,27337.84135000,2259299724.86439270,4117486
1743724800000,2025-04-04,83213.09000000,84720.00000000,81659.00000000,83889.87000000,32915.53976000,2739842666.42673680,4992586
1743811200000,2025-04-05,83889.87000000,84266.00000000,82379.95000000,83537.99000000,9360.40468000,779626577.90134360,1575750
1743897600000,2025-04-06,83537.99000000,83817.63000000,77153.83000000,78430.00000000,27942.71436000,2239085051.15296450,3948493
1743984000000,2025-04-07,78430.00000000,81243.58000000,74508.00000000,79163.24000000,78387.53089000,6084614024.15064720,9736596
1744070400000,2025-04-08,79163.24000000,80867.99000000,76239.90000000,76322.42000000,35317.32063000,2775277777.10246080,5512751
1744156800000,2025-04-09,76322.42000000,83588.00000000,74620.00000000,82615.22000000,75488.28772000,5980231256.22249600,7741252
1744243200000,2025-04-10,82615.22000000,82753.21000000,78464.36000000,79607.30000000,33284.80718000,2690294353.84784260,4529545
1744329600000,2025-04-11,79607.30000000,84300.00000000,78969.58000000,83423.84000000,34435.43797000,2830363945.17875230,4423157
1744416000000,2025-04-12,83423.83000000,85905.00000000,82792.95000000,85276.90000000,18470.74437000,1557403252.92675150,2501196
1744502400000,2025-04-13,85276.91000000,86100.00000000,83034.23000000,83760.00000000,24680.04181000,2086106375.43925540,3275879
1744588800000,2025-04-14,83760.00000000,85799.99000000,83678.00000000,84591.58000000,28659.09348000,2429132805.08152890,3921522
1744675200000,2025-04-15,84591.58000000,86496.42000000,83600.00000000,83643.99000000,20910.99528000,1780972414.39560070,2910533
1744761600000,2025-04-16,83643.99000000,85500.00000000,83111.64000000,84030.38000000,20867.24519000,1753910031.20092420,3264730
1744848000000,2025-04-17,84030.38000000,85470.01000000,83736.26000000,84947.91000000,13728.84772000,1161659427.38626280,2003405
1744934400000,2025-04-18,84947.92000000,85132.08000000,84303.96000000,84474.69000000,6529.96315000,552648483.64748710,840009
1745020800000,2025-04-19,84474.70000000,85677.99000000,84364.45000000,85077.01000000,9666.58153000,823222752.28424930,875226
1745107200000,2025-04-20,85077.00000000,85320.76000000,83949.52000000,85179.24000000,8091.67725000,685253644.89183620,944130
1745193600000,2025-04-21,85179.24000000,88465.99000000,85144.76000000,87516.23000000,31773.37262000,2773299591.46706560,3041395
1745280000000,2025-04-22,87516.22000000,93888.00000000,87076.03000000,93442.99000000,43872.74705000,3967785064.12817020,3268475
1745366400000,2025-04-23,93442.99000000,94696.05000000,91935.41000000,93691.08000000,27404.16808000,2560279933.94795160,3016536
1745452800000,2025-04-24,93691.07000000,94005.00000000,91660.01000000,93980.47000000,19497.06071000,1811120137.31467870,2797383
1745539200000,2025-04-25,93980.47000000,95758.04000000,92855.96000000,94638.68000000,27500.66648000,2596877713.64017280,3331828
1745625600000,2025-04-26,94638.68000000,95199.00000000,93870.69000000,94628.00000000,9415.06875000,889627361.84144470,1475983
1745712000000,2025-04-27,94628.00000000,95369.00000000,93602.58000000,93749.30000000,11162.84100000,1052334792.18661890,1918160
1745798400000,2025-04-28,93749.29000000,95630.00000000,92800.01000000,95011.18000000,22157.53351000,2092532996.55517170,3424740
1745884800000,2025-04-29,95011.18000000,95461.53000000,93742.54000000,94256.82000000,16955.34020000,1607154803.46754770,3020875
1745971200000,2025-04-30,94256.82000000,95228.45000000,92910.00000000,94172.00000000,17661.27510000,1664825670.98312510,3214149
1746057600000,2025-05-01,94172.00000000,97424.02000000,94130.43000000,96489.91000000,21380.45343000,2053857614.27326720,2925716
1746144000000,2025-05-02,96489.90000000,97895.68000000,96350.00000000,96887.14000000,14905.74811000,1446387651.58405750,2698263
1746230400000,2025-05-03,96887.13000000,96935.67000000,95753.01000000,95856.42000000,9723.34838000,935906144.96514980,1181239
1746316800000,2025-05-04,95856.42000000,96304.48000000,94151.38000000,94277.62000000,11036.38342000,1053542403.85315880,1674726
1746403200000,2025-05-05,94277.61000000,95199.00000000,93514.10000000,94733.68000000,17251.18189000,1626999380.17599680,2623300
1746489600000,2025-05-06,94733.68000000,96920.65000000,93377.00000000,96834.02000000,16122.64513000,1526847764.56366820,2512960
1746576000000,2025-05-07,96834.02000000,97732.00000000,95784.61000000,97030.50000000,16644.83854000,1611730124.59245430,2849139
1746662400000,2025-05-08,97030.50000000,104145.76000000,96876.29000000,103261.60000000,34962.02847000,3508645830.56501440,4991147
1746748800000,2025-05-09,103261.61000000,104361.30000000,102315.14000000,102971.99000000,27617.39907000,2847518447.98151310,4406929
1746835200000,2025-05-10,102971.99000000,104984.57000000,102818.76000000,104809.53000000,15324.78611000,1588386278.50241500,2227845
1746921600000,2025-05-11,104809.53000000,104972.00000000,103345.06000000,104118.00000000,17987.12197000,1873381777.21242540,3100176
1747008000000,2025-05-12,104118.00000000,105819.45000000,100718.37000000,102791.32000000,31272.77792000,3242348937.38306910,5298407
1747094400000,2025-05-13,102791.32000000,104976.25000000,101429.70000000,104103.72000000,21253.42409000,2197244118.15236690,3703531
1747180800000,2025-05-14,104103.72000000,104356.95000000,102602.05000000,103507.82000000,16452.90810000,1704708279.38841090,3025221
1747267200000,2025-05-15,103507.83000000,104192.70000000,101383.07000000,103763.71000000,17998.98604000,1850183474.52920360,4139477
1747353600000,2025-05-16,103763.71000000,104550.33000000,103100.49000000,103463.90000000,15683.88024000,1628832372.32414810,3237442
1747440000000,2025-05-17,103463.90000000,103709.86000000,102612.50000000,103126.65000000,11250.89622000,1160418362.95061810,2568597
1747526400000,2025-05-18,103126.65000000,106660.00000000,103105.09000000,106454.26000000,21599.98726000,2262214972.07493840,3193300
1747612800000,2025-05-19,106454.27000000,107108.62000000,102000.00000000,105573.74000000,30260.03524000,3150324504.59545150,4881371
1747699200000,2025-05-20,105573.73000000,107320.00000000,104184.72000000,106849.99000000,23705.48275000,2509102444.66959820,3878351
1747785600000,2025-05-21,106850.00000000,110797.38000000,106100.01000000,109643.99000000,45531.04034500,4914709514.32002680,6835279
1747872000000,2025-05-22,109643.99000000,111980.00000000,109177.37000000,111696.21000000,31630.77313000,3509432834.57341730,5794216
1747958400000,2025-05-23,111696.22000000,111800.00000000,106800.00000000,107318.30000000,31737.72309000,3469704446.39040470,5251192
1748044800000,2025-05-24,107318.30000000,109506.03000000,106875.41000000,107761.91000000,16782.53129000,1819958819.77485860,2805418
1748131200000,2025-05-25,107761.90000000,109299.99000000,106600.64000000,109004.19000000,17710.04695000,1904366455.42585800,3151168
1748217600000,2025-05-26,109004.20000000,110422.22000000,108670.58000000,109434.79000000,14649.11593000,1605578282.10790310,2887863
1748304000000,2025-05-27,109434.78000000,110718.00000000,107516.57000000,108938.17000000,21276.65635000,2327603851.11926510,3735509
1748390400000,2025-05-28,108938.17000000,109284.70000000,106769.43000000,107781.78000000,15633.78829000,1689136748.51303130,2933262
1748476800000,2025-05-29,107781.78000000,108891.91000000,105322.86000000,105589.75000000,19834.70116000,2128639017.50816180,3774926
1748563200000,2025-05-30,105589.75000000,106313.12000000,103621.00000000,103985.48000000,23706.49799000,2493078549.59186090,4307572
1748649600000,2025-05-31,103985.47000000,104900.00000000,103068.55000000,104591.88000000,11289.35922000,1174000801.50703790,2343787
1748736000000,2025-06-01,104591.88000000,105866.91000000,103752.49000000,105642.93000000,9709.70006000,1016188486.95059960,1939359
1748822400000,2025-06-02,105642.93000000,105935.63000000,103659.88000000,105857.99000000,13453.98813000,1409004206.98637330,2997656
1748908800000,2025-06-03,105858.00000000,106794.67000000,104872.50000000,105376.89000000,13259.52634000,1402493746.59932180,2470698
1748995200000,2025-06-04,105376.90000000,106000.00000000,104179.00000000,104696.86000000,14034.89482000,1476928482.36887810,2274464
1749081600000,2025-06-05,104696.86000000,105909.71000000,100372.26000000,101508.68000000,22321.50154000,2301567892.53054470,3963295
1749168000000,2025-06-06,101508.69000000,105333.00000000,101095.80000000,104288.44000000,15839.07385000,1642382404.93557530,2709327
1749254400000,2025-06-07,104288.43000000,105900.00000000,103871.09000000,105552.15000000,8344.93206000,877915380.95482310,1402494
1749340800000,2025-06-08,105552.15000000,106488.14000000,104964.14000000,105734.00000000,8048.06305000,850887129.42829760,1295154
1749427200000,2025-06-09,105734.01000000,110530.17000000,105318.37000000,110263.02000000,19975.37451000,2154922022.22117280,2839846
1749513600000,2025-06-10,110263.02000000,110400.00000000,108331.03000000,110274.39000000,17071.82839000,1867620550.19217290,3003420
1749600000000,2025-06-11,110274.39000000,110392.01000000,108064.00000000,108645.12000000,13115.91638000,1434884639.75063030,2667014
1749686400000,2025-06-12,108645.13000000,108813.55000000,105671.72000000,105671.73000000,17778.67218000,1908309274.08683440,3517420
1749772800000,2025-06-13,105671.74000000,106179.53000000,102664.31000000,106066.59000000,26180.81734000,2735461890.69297020,5452577
1749859200000,2025-06-14,106066.59000000,106252.00000000,104300.00000000,105414.64000000,8798.93969000,925568614.17840650,1521776
1749945600000,2025-06-15,105414.63000000,106128.57000000,104494.53000000,105594.01000000,7164.20047000,754596887.87480040,1564768
1750032000000,2025-06-16,105594.02000000,108952.38000000,104980.37000000,106794.53000000,14922.66540000,1599849840.73252440,2928998
1750118400000,2025-06-17,106794.53000000,107771.34000000,103371.02000000,104551.17000000,17866.33025000,1883173484.89909980,3723010
1750204800000,2025-06-18,104551.17000000,105550.27000000,103500.00000000,104886.78000000,13968.64167000,1461383024.36220930,3468170
1750291200000,2025-06-19,104886.79000000,105226.17000000,103929.27000000,104658.59000000,7678.60737000,803402575.96204490,1718045
1750377600000,2025-06-20,104658.59000000,106524.65000000,102345.00000000,103297.99000000,16419.06283000,1714411911.01140170,3029404
1750464000000,2025-06-21,103297.98000000,103982.64000000,100837.90000000,102120.01000000,11154.21332000,1144829784.73064180,2172578
1750550400000,2025-06-22,102120.02000000,103399.62000000,98200.00000000,100963.87000000,28746.41072000,2892695407.80868790,5121309
1750636800000,2025-06-23,100963.87000000,106074.20000000,99613.33000000,105333.93000000,27666.50609000,2836166831.04444880,4944207
1750723200000,2025-06-24,105333.94000000,106290.00000000,104622.02000000,106083.00000000,14651.69335000,1543451113.45636120,2973481
1750809600000,2025-06-25,106083.00000000,108135.30000000,105808.03000000,107340.58000000,16701.15551000,1789545470.94629000,2988892
1750896000000,2025-06-26,107340.59000000,108272.45000000,106562.50000000,106947.06000000,10573.27279000,1136093974.68160140,2597742
1750982400000,2025-06-27,106947.06000000,107735.34000000,106356.76000000,107047.59000000,12232.44042000,1308420348.91000950,2304499
1751068800000,2025-06-28,107047.58000000,107577.75000000,106811.51000000,107296.79000000,3282.17352000,352025390.60311350,653305
1751155200000,2025-06-29,107296.79000000,108528.50000000,107172.52000000,108356.93000000,6831.73640000,736708189.94956840,1223202
1751241600000,2025-06-30,108356.93000000,108789.99000000,106733.33000000,107146.50000000,9754.12491000,1050407152.34505800,1773485
1751328000000,2025-07-01,107146.51000000,107540.00000000,105250.85000000,105681.14000000,10505.62437000,1117432945.89263660,2013289
1751414400000,2025-07-02,105681.13000000,109730.00000000,105100.19000000,108849.60000000,17691.89592000,1915699005.87728970,2444708
1751500800000,2025-07-03,108849.59000000,110529.18000000,108530.40000000,109584.78000000,13047.08225000,1429459048.63832610,2568944
1751587200000,2025-07-04,109584.77000000,109767.59000000,107245.00000000,107984.24000000,11793.86615000,1276215111.66836520,1975212
1751673600000,2025-07-05,107984.25000000,108420.56000000,107756.31000000,108198.12000000,3736.97570000,403928702.19674760,710020
1751760000000,2025-07-06,108198.12000000,109700.00000000,107800.01000000,109203.84000000,6447.60700000,700733299.51121990,1256591
1751846400000,2025-07-07,109203.85000000,109700.00000000,107513.20000000,108262.94000000,9405.37601000,1020848316.05370420,1961940
1751932800000,2025-07-08,108262.94000000,109216.56000000,107429.57000000,108922.98000000,9216.02080000,1000112813.43989430,1723244
1752019200000,2025-07-09,108922.99000000,111999.79000000,108324.53000000,111233.99000000,17282.28650000,1902054744.19492400,2328484
1752105600000,2025-07-10,111234.00000000,116868.00000000,110500.00000000,116010.00000000,24883.45066500,2826460280.44522334,3227017
1752192000000,2025-07-11,116010.01000000,118869.98000000,115222.22000000,117527.66000000,25873.52114800,3039521803.02724685,3708194
1752278400000,2025-07-12,117527.66000000,118200.00000000,116900.05000000,117420.00000000,8446.60437000,993093353.40689040,1441851
1752364800000,2025-07-13,117420.00000000,119488.00000000,117224.79000000,119086.64000000,9550.79294700,1132096857.01169159,1650283
1752451200000,2025-07-14,119086.65000000,123218.00000000,118905.18000000,119841.18000000,27269.34887700,3299746181.07707340,4076133
1752537600000,2025-07-15,119841.17000000,119940.83000000,115736.92000000,117758.09000000,32018.46083000,3755258445.55327170,3805374
1752624000000,2025-07-16,117758.08000000,120063.84000000,117017.29000000,118630.43000000,17039.90851000,2023850383.72348730,2429625
1752710400000,2025-07-17,118630.44000000,120998.71000000,117453.57000000,119177.56000000,15728.57651000,1869114355.12316430,2347985
1752796800000,2025-07-18,119177.56000000,120820.71000000,116812.76000000,117924.84000000,19924.66266000,2367355518.47030790,2805236
1752883200000,2025-07-19,117924.84000000,118499.90000000,117277.34000000,117840.00000000,6635.80306000,783327898.49696960,1133382
1752969600000,2025-07-20,117840.01000000,118856.80000000,116467.02000000,117265.12000000,12962.92889000,1528864683.81608200,1615935
1753056000000,2025-07-21,117265.11000000,119676.73000000,116515.00000000,117380.36000000,17107.33128000,2020783266.96336490,2509543
1753142400000,2025-07-22,117380.36000000,120247.80000000,116128.00000000,119954.42000000,20959.12973000,2481252763.65191060,2778733
1753228800000,2025-07-23,119954.43000000,120090.00000000,117301.00000000,118755.99000000,14558.75083000,1722126986.88666100,2101404
1753315200000,2025-07-24,118756.00000000,119450.00000000,117103.10000000,118340.99000000,15806.89043000,1873181653.20180740,2081435
1753401600000,2025-07-25,118340.98000000,118451.57000000,114723.16000000,117614.31000000,38406.34873000,4456778786.62049410,3282355
1753488000000,2025-07-26,117614.31000000,118297.35000000,117138.38000000,117919.99000000,6991.67206000,823629079.74931030,790372
1753574400000,2025-07-27,117919.99000000,119766.65000000,117825.50000000,119415.55000000,9328.30919000,1107883542.16079820,1095080
1753660800000,2025-07-28,119415.56000000,119800.00000000,117427.50000000,118062.32000000,13961.74754000,1655882235.89651800,1824777
1753747200000,2025-07-29,118062.32000000,119273.36000000,116950.75000000,117950.76000000,15137.93445000,1788682083.68564630,1956694
1753833600000,2025-07-30,117950.75000000,118792.00000000,115796.23000000,117840.30000000,15586.73631000,1832696878.22298590,1997369
1753920000000,2025-07-31,117840.29000000,118922.45000000,115500.00000000,115764.08000000,17010.00730000,2002870016.70224260,1859532
1754006400000,2025-08-01,115764.07000000,116052.00000000,112722.58000000,113297.93000000,24487.10206000,2810268577.15136990,4160829
1754092800000,2025-08-02,113297.92000000,114063.49000000,112003.00000000,112546.35000000,11507.33428000,1301882737.32672200,2165714
1754179200000,2025-08-03,112546.35000000,114799.97000000,111920.00000000,114208.80000000,7397.76046000,841090034.15425410,1419281
1754265600000,2025-08-04,114208.81000000,115720.00000000,114107.60000000,115055.03000000,9667.67916000,1109938874.06297080,1954230
1754352000000,2025-08-05,115055.03000000,115127.81000000,112650.00000000,114129.75000000,12042.79078000,1371861747.14661660,2581052
1754438400000,2025-08-06,114129.75000000,115716.00000000,113355.13000000,114992.27000000,9761.15318000,1118028732.85891840,2026500
1754524800000,2025-08-07,114992.27000000,117621.00000000,114259.00000000,117472.01000000,13468.56263000,1564454297.83692700,2314671
1754611200000,2025-08-08,117472.02000000,117630.00000000,115878.71000000,116674.74000000,10045.31278000,1172199778.72425470,2095304
1754697600000,2025-08-09,116674.74000000,117944.05000000,116299.13000000,116462.25000000,9514.13144000,1111837601.70237220,1390951
1754784000000,2025-08-10,116462.25000000,119311.11000000,116460.63000000,119294.01000000,14322.77073000,1694198747.87187080,2317065
1754870400000,2025-08-11,119294.27000000,122335.16000000,118050.11000000,118686.00000000,26494.33429000,3194611530.54106930,4021743
1754956800000,2025-08-12,118686.00000000,120324.43000000,118207.47000000,120134.08000000,16720.10893000,1992762473.58525770,2737841
1755043200000,2025-08-13,120134.09000000,123667.79000000,118920.92000000,123306.43000000,23210.07102000,2811581348.38745740,3712817
1755129600000,2025-08-14,123306.44000000,124474.00000000,117180.00000000,118295.09000000,27980.94758600,3359128391.10852380,4350449
1755216000000,2025-08-15,118295.09000000,119216.82000000,116803.99000000,117342.05000000,13623.33874000,1607609329.68510110,2895016
1755302400000,2025-08-16,117342.04000000,117898.99000000,117143.98000000,117380.66000000,6393.68117000,751719391.77236380,1179842
1755388800000,2025-08-17,117380.66000000,118575.00000000,117172.21000000,117405.01000000,5898.64192000,695629197.90380730,1177563
1755475200000,2025-08-18,117405.01000000,117543.75000000,114640.14000000,116227.05000000,17745.93954000,2053814085.47177750,3346280
1755561600000,2025-08-19,116227.05000000,116725.69000000,112732.58000000,112872.94000000,18065.47424000,2065010895.85846640,3291182
1755648000000,2025-08-20,112872.95000000,114615.38000000,112380.00000000,114271.24000000,15636.34194000,1776149566.12477360,2998370
1755734400000,2025-08-21,114271.23000000,114821.76000000,112015.67000000,112500.00000000,10839.69235000,1227373788.61556290,2357380
1755820800000,2025-08-22,112500.00000000,117429.05000000,111684.79000000,116935.99000000,23128.09037000,2656625122.27778650,3438518
1755907200000,2025-08-23,116936.00000000,117030.00000000,114560.00000000,115438.05000000,11329.36197000,1308825428.01435860,1559569
1755993600000,2025-08-24,115438.06000000,115666.68000000,110680.00000000,113493.59000000,21175.98462000,2411284606.18917640,2573906
1756080000000,2025-08-25,113493.59000000,113667.28000000,109274.10000000,110111.98000000,25182.79379000,2805570653.63102300,4695718
1756166400000,2025-08-26,110111.98000000,112371.00000000,108666.66000000,111763.22000000,18452.43877000,2033437347.49993920,4077474
1756252800000,2025-08-27,111763.22000000,112625.00000000,110345.42000000,111262.01000000,13392.60875000,1493774927.19083180,3111496
1756339200000,2025-08-28,111262.01000000,113485.90000000,110862.42000000,112566.90000000,11104.27744000,1250788481.94532180,2066780
1756425600000,2025-08-29,112566.90000000,112638.64000000,107463.90000000,108377.40000000,22580.31045000,2475492492.57752970,3606959
1756512000000,2025-08-30,108377.40000000,108926.15000000,107350.10000000,108816.33000000,10708.39159000,1160666772.73875230,1411040
1756598400000,2025-08-31,108816.33000000,109480.02000000,108076.93000000,108246.35000000,9489.51596000,1031806894.35133180,1366633
1756684800000,2025-09-01,108246.36000000,109912.40000000,107255.00000000,109237.42000000,16053.60219000,1742516638.78113520,2729384
1756771200000,2025-09-02,109237.43000000,111771.52000000,108393.39000000,111240.01000000,18510.28756000,2042681451.90163840,2596328
1756857600000,2025-09-03,111240.01000000,112575.27000000,110528.71000000,111705.71000000,11773.72084000,1313762617.34366450,2214249
1756944000000,2025-09-04,111705.72000000,112180.00000000,109329.12000000,110730.87000000,12203.13536000,1349031325.53208460,2230255
1757030400000,2025-09-05,110730.87000000,113384.62000000,110206.96000000,110659.99000000,21587.40888000,2413132200.62332500,2970419
1757116800000,2025-09-06,110660.00000000,111307.70000000,109977.00000000,110187.97000000,5000.29897000,552785936.54346990,795201
1757203200000,2025-09-07,110187.98000000,111600.00000000,110180.00000000,111137.34000000,5681.29944000,630447950.15886890,874961
1757289600000,2025-09-08,111137.35000000,112924.37000000,110621.78000000,112065.23000000,11582.40211000,1295903862.46496030,1744598
1757376000000,2025-09-09,112065.23000000,113293.29000000,110766.66000000,111546.39000000,15379.28248000,1721465997.90636600,2143242
1757462400000,2025-09-10,111546.38000000,114313.13000000,110917.45000000,113960.00000000,17517.41823000,1978834750.22231150,2182534
1757548800000,2025-09-11,113960.00000000,115488.09000000,113430.00000000,115482.69000000,13676.73119000,1562241144.95654100,2166359
1757635200000,2025-09-12,115482.69000000,116665.63000000,114740.99000000,116029.42000000,15324.10719000,1772122269.50186350,2481491
1757721600000,2025-09-13,116029.41000000,116298.78000000,115127.27000000,115918.29000000,8269.40394000,957724220.64976110,1223635
1757808000000,2025-09-14,115918.29000000,116165.19000000,115135.00000000,115268.01000000,6707.60197000,775762364.96859910,1237218
1757894400000,2025-09-15,115268.01000000,116757.99000000,114384.00000000,115349.71000000,13212.51149000,1522648235.22351530,2857989
1757980800000,2025-09-16,115349.71000000,116964.27000000,114737.11000000,116788.96000000,10926.90940000,1265779287.51692670,2047058
1758067200000,2025-09-17,116788.96000000,117286.73000000,114720.81000000,116447.59000000,16754.24540000,1946083704.62174570,3227418
1758153600000,2025-09-18,116447.60000000,117900.00000000,116092.76000000,117073.53000000,11657.23365000,1367513347.48650940,2252654
1758240000000,2025-09-19,117073.53000000,117459.99000000,115100.00000000,115632.38000000,8992.09065000,1045792401.45323890,1732471
1758326400000,2025-09-20,115632.39000000,116121.81000000,115408.47000000,115685.63000000,4674.92752000,541264273.24168940,740451
1758412800000,2025-09-21,115685.63000000,115819.06000000,115188.00000000,115232.29000000,4511.52219000,521299751.15040960,945965
1758499200000,2025-09-22,115232.29000000,115379.25000000,111800.00000000,112650.99000000,20781.71356000,2348872511.69887510,3045876
1758585600000,2025-09-23,112650.99000000,113290.50000000,111458.73000000,111998.80000000,12301.32030000,1383869800.27370310,2455729
1758672000000,2025-09-24,111998.80000000,113940.00000000,111042.66000000,113307.00000000,12369.25967000,1394470628.50258200,2229837
1758758400000,2025-09-25,113307.01000000,113510.23000000,108631.51000000,108994.49000000,21231.14957000,2356639689.92521460,4409953
1758844800000,2025-09-26,108994.49000000,110300.00000000,108620.07000000,109643.46000000,14243.01591000,1557098915.93925960,3257155
1758931200000,2025-09-27,109643.46000000,109743.91000000,109064.40000000,109635.85000000,5501.78643000,601947588.99707650,919594
1759017600000,2025-09-28,109635.85000000,112350.00000000,109189.99000000,112163.95000000,7542.33160000,832254944.32033530,1484866
1759104000000,2025-09-29,112163.96000000,114400.00000000,111560.65000000,114311.96000000,15541.12005000,1755247635.87113600,2442653
1759190400000,2025-09-30,114311.97000000,114792.00000000,112656.27000000,114048.93000000,15044.15633000,1710713267.13009550,3018331
1759276800000,2025-10-01,114048.94000000,118649.10000000,113966.67000000,118594.99000000,20036.39516000,2332096981.26593350,3430343
1759363200000,2025-10-02,118594.99000000,121022.07000000,118279.31000000,120529.35000000,19670.83503000,2349861127.34458050,3472073
1759449600000,2025-10-03,120529.35000000,123894.99000000,119248.30000000,122232.00000000,23936.32800000,2907381076.68131880,4246820
1759536000000,2025-10-04,122232.21000000,122800.00000000,121510.00000000,122391.00000000,8208.16678000,1002272903.34464720,1703590
1759622400000,2025-10-05,122390.99000000,125708.42000000,122136.00000000,123482.31000000,22043.09755300,2730817470.93956400,3690670
1759708800000,2025-10-06,123482.32000000,126199.63000000,123084.00000000,124658.54000000,19494.62879300,2428828952.26531830,4206167
1759795200000,2025-10-07,124658.54000000,125126.00000000,120574.94000000,121332.95000000,21633.99385000,2657405799.87054860,4390785
1759881600000,2025-10-08,121332.96000000,124197.25000000,121066.14000000,123306.00000000,17012.61800000,2084842842.44161690,4184997
1759968000000,2025-10-09,123306.01000000,123762.94000000,119651.47000000,121662.40000000,21559.36007000,2621438087.56673310,4231167
1760054400000,2025-10-10,121662.41000000,122550.00000000,102000.00000000,112774.50000000,64171.93927000,7349750905.04115730,11404522
1760140800000,2025-10-11,112774.49000000,113322.39000000,109561.59000000,110644.40000000,35448.51652000,3961069473.23113630,6661929
1760227200000,2025-10-12,110644.40000000,115770.00000000,109565.06000000,114958.80000000,32255.30272000,3638546528.74015580,6048575
1760313600000,2025-10-13,114958.81000000,115963.81000000,113616.50000000,115166.00000000,22557.24033000,2591831660.98574920,5739352
1760400000000,2025-10-14,115166.00000000,115409.96000000,109866.00000000,113028.14000000,31870.32974000,3578140778.80849870,7425642
1760486400000,2025-10-15,113028.13000000,113612.35000000,110164.00000000,110763.28000000,22986.48811000,2569639641.35276860,5243141
1760572800000,2025-10-16,110763.28000000,111982.45000000,107427.00000000,108194.28000000,29857.17252000,3277596494.76191940,6127094
1760659200000,2025-10-17,108194.27000000,109240.00000000,103528.23000000,106431.68000000,37920.66838000,4022645635.22120190,7570685
1760745600000,2025-10-18,106431.68000000,107499.00000000,106322.20000000,107185.01000000,11123.18766000,1189002999.14311300,2105450
1760832000000,2025-10-19,107185.00000000,109450.07000000,106103.36000000,108642.78000000,15480.66423000,1670074079.58023430,3205640
1760918400000,2025-10-20,108642.77000000,111705.56000000,107402.52000000,110532.09000000,19193.44160000,2119912185.59346830,4283542
1761004800000,2025-10-21,110532.09000000,114000.00000000,107473.72000000,108297.67000000,37228.01659000,4114477849.93205410,6004063
1761091200000,2025-10-22,108297.66000000,109163.88000000,106666.69000000,107567.44000000,28610.78451000,3090291706.44398170,5547903
1761177600000,2025-10-23,107567.45000000,111293.61000000,107500.00000000,110078.18000000,17573.09294000,1924582289.41139380,3721614
1761264000000,2025-10-24,110078.19000000,112104.98000000,109700.01000000,111004.89000000,15005.16913000,1662806764.95333240,3241022
1761350400000,2025-10-25,111004.90000000,111943.19000000,110672.86000000,111646.27000000,6407.96864000,714201332.97512240,1238199
1761436800000,2025-10-26,111646.27000000,115466.80000000,111260.45000000,114559.40000000,13454.47737000,1525108635.87482900,2463951
1761523200000,2025-10-27,114559.41000000,116400.00000000,113830.01000000,114107.65000000,21450.23241000,2470872744.54896810,3660488
1761609600000,2025-10-28,114107.65000000,116086.00000000,112211.00000000,112898.45000000,15523.42257000,1772753529.86427430,3829845
1761696000000,2025-10-29,112898.44000000,113643.73000000,109200.00000000,110021.29000000,21079.71376000,2356715986.53354560,4481480
1761782400000,2025-10-30,110021.30000000,111592.00000000,106304.34000000,108322.88000000,25988.82838000,2827221287.42279770,6373451
1761868800000,2025-10-31,108322.87000000,111190.00000000,108275.28000000,109608.01000000,21518.20439000,2361590437.94141060,5256872
1761955200000,2025-11-01,109608.01000000,110564.49000000,109394.81000000,110098.10000000,7378.50431000,812389216.43467980,1994214
1762041600000,2025-11-02,110098.10000000,111250.01000000,109471.34000000,110540.68000000,12107.00087000,1336870531.14150130,2652188
1762128000000,2025-11-03,110540.69000000,110750.00000000,105306.56000000,106583.04000000,28681.18779000,3076006652.00156760,7074546
1762214400000,2025-11-04,106583.05000000,107299.00000000,98944.36000000,101497.22000000,50534.87376000,5197697635.21241310,9099609
1762300800000,2025-11-05,101497.23000000,104534.74000000,98966.80000000,103885.16000000,33778.77571000,3454273922.70038500,6500368
1762387200000,2025-11-06,103885.16000000,104200.00000000,100300.95000000,101346.04000000,25814.62139000,2641767846.30582700,5755001
1762473600000,2025-11-07,101346.04000000,104096.36000000,99260.86000000,103339.08000000,32059.50942000,3251112979.30588400,6335759
1762560000000,2025-11-08,103339.09000000,103406.22000000,101454.00000000,102312.94000000,12390.77985000,1267165565.37527010,2743819
1762646400000,2025-11-09,102312.95000000,105495.62000000,101400.00000000,104722.96000000,16338.97096000,1687020822.36682080,3404204
1762732800000,2025-11-10,104722.95000000,106670.11000000,104265.02000000,106011.13000000,22682.25673000,2400141664.38934170,4710957
1762819200000,2025-11-11,106011.13000000,107500.00000000,102476.09000000,103058.99000000,24196.50718000,2532279071.00692150,5532149
1762905600000,2025-11-12,103059.00000000,105333.33000000,100813.59000000,101654.37000000,20457.63906000,2108514405.26087720,5314132
1762992000000,2025-11-13,101654.37000000,104085.01000000,98000.40000000,99692.02000000,36198.50771000,3654698026.54038050,8125404
1763078400000,2025-11-14,99692.03000000,99866.02000000,94012.45000000,94594.00000000,47288.14481000,4566085156.74720680,9551025
1763164800000,2025-11-15,94594.00000000,96846.68000000,94558.49000000,95596.24000000,15110.89391000,1449074019.06748560,4263558
1763251200000,2025-11-16,95596.23000000,96635.11000000,93005.55000000,94261.44000000,23889.40510000,2261295524.81733930,5141394
1763337600000,2025-11-17,94261.45000000,96043.00000000,91220.00000000,92215.14000000,39218.59806000,3674562070.23860600,8134322
1763424000000,2025-11-18,92215.14000000,93836.01000000,89253.78000000,92960.83000000,39835.14769000,3641033186.30045840,8786593
1763510400000,2025-11-19,92960.83000000,92980.22000000,88608.00000000,91554.96000000,32286.63760000,2925773651.25595790,6822174
1763596800000,2025-11-20,91554.96000000,93160.00000000,86100.00000000,86637.23000000,39733.19073000,3548950335.09842180,7841395
1763683200000,2025-11-21,86637.22000000,87498.94000000,80600.00000000,85129.43000000,72256.12679000,6061348756.34156410,11826480
1763769600000,2025-11-22,85129.42000000,85620.00000000,83500.00000000,84739.74000000,14193.93263000,1197657354.96903850,4697593
1763856000000,2025-11-23,84739.75000000,88127.64000000,84667.57000000,86830.00000000,19734.46418000,1708685030.27986950,5063493
1763942400000,2025-11-24,86830.00000000,89228.00000000,85272.00000000,88300.01000000,24663.12795000,2150393686.92031830,6189156
1764028800000,2025-11-25,88300.01000000,88519.99000000,86116.00000000,87369.96000000,19567.04110000,1708989000.03893710,4838747
1764115200000,2025-11-26,87369.97000000,90656.08000000,86306.77000000,90484.02000000,21675.82239000,1916851896.66996890,4668280
1764201600000,2025-11-27,90484.01000000,91950.00000000,90089.91000000,91333.95000000,16833.50932000,1535778106.57870780,3920172
1764288000000,2025-11-28,91333.94000000,93092.00000000,90180.63000000,90890.70000000,18830.86012000,1721418035.07955960,4229754
1764374400000,2025-11-29,90890.71000000,91165.65000000,90155.47000000,90802.44000000,7429.88291000,673725652.97876550,1677860
1764460800000,2025-11-30,90802.44000000,92000.01000000,90336.90000000,90360.00000000,9687.74175000,884051773.16553380,2154030
1764547200000,2025-12-01,90360.01000000,90417.00000000,83822.76000000,86286.01000000,34509.01227000,2977024047.22316070,7709685
1764633600000,2025-12-02,86286.01000000,92307.65000000,86184.39000000,91277.88000000,28210.22732000,2519515177.66236480,6397299
1764720000000,2025-12-03,91277.88000000,94150.00000000,90990.23000000,93429.95000000,25712.52585000,2386223626.86139030,6733182
1764806400000,2025-12-04,93429.95000000,94080.00000000,90889.00000000,92078.06000000,19803.94059000,1836645629.33462010,5856049
1764892800000,2025-12-05,92078.06000000,92692.36000000,88056.00000000,89330.04000000,19792.97218000,1788436983.81065460,5520352
1764979200000,2025-12-06,89330.04000000,90289.97000000,88908.01000000,89236.79000000,8409.50016000,753420679.80632590,2482221
1765065600000,2025-12-07,89236.80000000,91760.00000000,87719.28000000,90395.31000000,13021.11185000,1167866486.84552130,3953071
1765152000000,2025-12-08,90395.32000000,92287.15000000,89612.00000000,90634.34000000,15793.63887000,1436920018.89361330,5458731
1765238400000,2025-12-09,90634.35000000,94588.99000000,89500.00000000,92678.80000000,21240.43014000,1956261065.60717330,5940223
1765324800000,2025-12-10,92678.81000000,94476.00000000,91563.15000000,92015.37000000,18998.68083000,1758773276.24780480,6025707
1765411200000,2025-12-11,92015.38000000,93555.00000000,89260.63000000,92513.38000000,19972.58758000,1814322119.06584890,6250438
1765497600000,2025-12-12,92513.38000000,92754.00000000,89480.00000000,90268.42000000,16679.19169000,1521683425.56480040,4956719
1765584000000,2025-12-13,90268.43000000,90634.55000000,89766.39000000,90240.01000000,5895.70788000,532250544.59040150,1363754
1765670400000,2025-12-14,90240.00000000,90472.40000000,87577.36000000,88172.17000000,9416.94004000,839079130.83786510,3115749
1765756800000,2025-12-15,88172.16000000,90052.64000000,85146.64000000,86432.08000000,19778.69190000,1732823429.50172870,6747167
1765843200000,2025-12-16,86432.08000000,88175.98000000,85266.00000000,87863.42000000,18456.05017000,1604673428.65278360,6099692
1765929600000,2025-12-17,87863.43000000,90365.85000000,85314.00000000,86243.22000000,19834.11729000,1733348496.67035940,6058638
1766016000000,2025-12-18,86243.23000000,89477.61000000,84450.01000000,85516.41000000,25405.41763000,2204223872.66964650,6946947
1766102400000,2025-12-19,85516.41000000,89399.97000000,85110.24000000,88136.94000000,21256.65004000,1863236625.93286390,6482253
1766188800000,2025-12-20,88136.95000000,88573.07000000,87795.76000000,88360.90000000,5123.13194000,451919022.72775950,1174426
1766275200000,2025-12-21,88360.91000000,89081.77000000,87600.04000000,88658.86000000,7132.87258000,629720971.78666510,2030666
1766361600000,2025-12-22,88658.87000000,90588.23000000,87900.00000000,88620.79000000,14673.21970000,1310235631.74792590,4847747
1766448000000,2025-12-23,88620.79000000,88940.00000000,86601.90000000,87486.00000000,13910.32904000,1219899607.26775480,4465080
1766534400000,2025-12-24,87486.00000000,88049.89000000,86420.00000000,87669.45000000,9140.84320000,797460526.47384620,2877239
1766620800000,2025-12-25,87669.44000000,88592.74000000,86934.72000000,87225.27000000,7096.58235000,622970453.64976470,1992172
1766707200000,2025-12-26,87225.27000000,89567.75000000,86655.08000000,87369.56000000,18344.61505000,1616722115.63664600,4509482
1766793600000,2025-12-27,87369.56000000,87984.00000000,87253.05000000,87877.01000000,4469.55156000,391274205.27443600,957536
1766880000000,2025-12-28,87877.00000000,88088.75000000,87435.00000000,87952.71000000,4446.29285000,390327299.15027630,1241426
1766966400000,2025-12-29,87952.71000000,90406.08000000,86806.50000000,87237.13000000,19894.98575000,1762011993.03779530,4793589
1767052800000,2025-12-30,87237.13000000,89400.00000000,86845.66000000,88485.49000000,13105.91001000,1155016404.47867530,3542176
1767139200000,2025-12-31,88485.50000000,89200.00000000,87250.00000000,87648.22000000,11558.62047000,1019746835.27952680,2897396
1767225600000,2026-01-01,87648.21000000,88919.45000000,87550.43000000,88839.04000000,6279.57133000,552991635.29110020,1449281
1767312000000,2026-01-02,88839.05000000,90961.81000000,88379.88000000,89995.13000000,17396.97301000,1558958860.88708750,5010211
1767398400000,2026-01-03,89995.14000000,90741.16000000,89314.01000000,90628.01000000,7057.46716000,635514773.60936550,1684214
1767484800000,2026-01-04,90628.01000000,91810.00000000,90628.00000000,91529.73000000,10426.52970000,952160980.52120840,2207037
1767571200000,2026-01-05,91529.74000000,94789.08000000,91514.81000000,93859.71000000,20673.59584000,1927455243.54807600,5485489
1767657600000,2026-01-06,93859.71000000,94444.44000000,91262.94000000,93747.97000000,18546.41829000,1728045542.29837500,5018686
1767744000000,2026-01-07,93747.97000000,93747.97000000,90675.52000000,91364.16000000,14276.49025000,1311906952.97497360,4340252
1767830400000,2026-01-08,91364.16000000,91687.99000000,89311.00000000,91099.99000000,16132.79117000,1460622501.20738820,4923472
1767916800000,2026-01-09,91100.00000000,92082.55000000,89694.66000000,90641.28000000,15590.27939000,1416907180.18704820,4155703
1768003200000,2026-01-10,90641.27000000,90832.00000000,90404.00000000,90504.70000000,3104.11722000,281321375.48029810,766357
1768089600000,2026-01-11,90504.70000000,91283.89000000,90236.00000000,91013.65000000,5477.13594000,497245863.93194990,1282029
1768176000000,2026-01-12,91013.66000000,92519.95000000,90128.44000000,91296.20000000,16188.08268000,1479964862.26930640,4099509
1768262400000,2026-01-13,91296.20000000,96495.00000000,91042.66000000,95414.00000000,23021.51482000,2149770801.11770380,5025071
1768348800000,2026-01-14,95413.99000000,97924.49000000,94559.28000000,96951.78000000,22851.89428000,2201535821.64861470,5346212
1768435200000,2026-01-15,96951.78000000,97193.34000000,95134.48000000,95604.80000000,21725.81369000,2093008182.84373360,4493095
1768521600000,2026-01-16,95604.81000000,95871.47000000,94293.46000000,95550.94000000,11167.71460000,1064019408.07725140,2971559
1768608000000,2026-01-17,95550.94000000,95639.45000000,95021.67000000,95147.77000000,4280.80137000,408161941.67190790,1020527
1768694400000,2026-01-18,95147.77000000,95531.12000000,93615.40000000,93673.14000000,6895.17819000,654773743.26771180,1488785
1768780800000,2026-01-19,93673.14000000,93673.14000000,91910.20000000,92631.00000000,14295.52747000,1326770336.04904700,3359066
1768867200000,2026-01-20,92630.99000000,92870.00000000,87895.98000000,88427.66000000,22007.32610000,1989676668.59417830,6064031
1768953600000,2026-01-21,88427.66000000,90574.00000000,87263.53000000,89454.73000000,20617.50372000,1837708115.35970330,6419053
1769040000000,2026-01-22,89454.73000000,90359.99000000,88515.37000000,89559.67000000,10825.50492000,969910623.35598860,3743412
1769126400000,2026-01-23,89559.68000000,91224.99000000,88578.36000000,89600.26000000,13918.48919000,1248772265.67884300,4619907
1769212800000,2026-01-24,89600.26000000,89957.39000000,89162.08000000,89225.34000000,4226.56737000,378464146.09188120,959854
1769299200000,2026-01-25,89225.34000000,89319.13000000,86074.72000000,86670.36000000,14426.22019000,1264233689.84158100,3720178
1769385600000,2026-01-26,86670.36000000,88860.00000000,86509.63000000,88347.08000000,17766.51453000,1560135758.98921480,4798083
1769472000000,2026-01-27,88347.08000000,89523.16000000,87304.33000000,89250.00000000,13125.40425000,1160026853.58950320,3787336
1769558400000,2026-01-28,89249.99000000,90600.00000000,88833.65000000,89299.99000000,14332.18502000,1283919840.85147180,4385791
1769644800000,2026-01-29,89300.00000000,89348.00000000,83383.33000000,84650.16000000,30431.38201000,2610381587.91000350,5598749
1769731200000,2026-01-30,84650.16000000,84735.75000000,81118.00000000,84260.49000000,35195.84793000,2918624066.48183200,8998829
1769817600000,2026-01-31,84260.50000000,84270.02000000,75719.90000000,78741.09000000,39491.89133000,3155264093.62304410,7384976
1769904000000,2026-02-01,78741.10000000,79424.00000000,75700.00000000,76968.21000000,25395.48168000,1974920557.04738660,8001906
1769990400000,2026-02-02,76968.22000000,79360.00000000,74604.00000000,78738.61000000,42273.59016000,3260752444.46132960,10085578
1770076800000,2026-02-03,78738.60000000,79186.81000000,72945.50000000,75770.21000000,39120.10889000,2986903008.57479190,9199445
1770163200000,2026-02-04,75770.21000000,76971.52000000,71888.00000000,73165.83000000,38375.36000000,2852834631.53914640,10724002
1770249600000,2026-02-05,73165.84000000,73341.18000000,62345.00000000,62909.86000000,106298.82899000,7198745594.28069360,15364010
1770336000000,2026-02-06,62909.87000000,71751.33000000,60000.00000000,70580.26000000,92539.21531000,6134056670.61150540,13228528
1770422400000,2026-02-07,70580.26000000,71690.07000000,67300.00000000,69289.38000000,44255.48036000,3058983879.06915240,7167427
1770508800000,2026-02-08,69289.37000000,72271.41000000,68888.00000000,70330.38000000,21420.53168000,1510003758.65284210,4870449
1770595200000,2026-02-09,70330.38000000,71453.53000000,68308.00000000,70138.00000000,29152.72842000,2038959539.42097760,6644769
1770681600000,2026-02-10,70138.00000000,70527.59000000,67800.00000000,68841.29000000,20373.77072000,1408623623.35992530,4558658
1770768000000,2026-02-11,68841.28000000,69292.88000000,65756.00000000,67082.52000000,28718.24602000,1930513947.54411460,6956577
1770854400000,2026-02-12,67082.52000000,68410.52000000,65118.00000000,66272.17000000,24271.74283000,1622162145.33420660,6778280
1770940800000,2026-02-13,66272.17000000,69482.97000000,65872.46000000,68853.96000000,20244.54955000,1371286022.33005480,6450842
1771027200000,2026-02-14,68853.97000000,70560.01000000,68730.13000000,69822.95000000,18114.78393000,1260259314.36002640,3803163
1771113600000,2026-02-15,69822.94000000,70983.00000000,68000.00000000,68832.58000000,22290.05208000,1545094572.13681450,4598633
1771200000000,2026-02-16,68832.59000000,70126.67000000,67294.11000000,68892.43000000,15515.76534000,1062797918.25359710,5233849
1771286400000,2026-02-17,68892.43000000,69241.50000000,66621.06000000,67503.52000000,16489.06921000,1117987651.29481200,5994853
1771372800000,2026-02-18,67503.52000000,68476.22000000,65870.00000000,66461.00000000,15492.43839000,1040493524.65212360,4548997
1771459200000,2026-02-19,66461.00000000,67320.00000000,65631.83000000,67003.73000000,14542.26988000,968863572.78215260,4679351
1771545600000,2026-02-20,67003.73000000,68318.39000000,66280.20000000,68020.01000000,35351.87091000,2378079150.56784730,5044912
1771632000000,2026-02-21,68020.00000000,68698.70000000,67534.69000000,67975.93000000,8032.84131000,547592078.84719890,1593539
1771718400000,2026-02-22,67975.93000000,68245.00000000,67190.00000000,67643.40000000,8175.13484000,553613335.57741360,2160900
1771804800000,2026-02-23,67643.39000000,67684.86000000,63888.79000000,64656.02000000,33075.90923000,2158158656.12151660,8268695
1771891200000,2026-02-24,64656.01000000,65026.75000000,62510.28000000,64058.15000000,23102.83622000,1469512159.71993510,7553629
1771977600000,2026-02-25,64058.15000000,69988.83000000,63913.27000000,67988.04000000,30749.99259000,2064089702.84443500,7096715
1772064000000,2026-02-26,67988.04000000,68860.00000000,66500.00000000,67485.18000000,20737.77792000,1404774665.56456080,5426137
1772150400000,2026-02-27,67485.19000000,68216.80000000,64914.46000000,65872.10000000,21228.58424000,1412033823.56197280,3856064
1772236800000,2026-02-28,65872.09000000,67760.00000000,63030.00000000,66973.26000000,22548.71649000,1462864408.26156650,5268514
1772323200000,2026-03-01,66973.26000000,68199.99000000,65056.00000000,65776.47000000,23201.85859000,1545783742.90620010,5312013
1772409600000,2026-03-02,65776.48000000,70096.00000000,65259.21000000,68830.06000000,32010.38431000,2164578841.84591730,8397526
1772496000000,2026-03-03,68830.06000000,69258.08000000,66158.00000000,68338.00000000,24972.24180000,1691848669.94301820,7648119
1772582400000,2026-03-04,68338.01000000,74050.00000000,67400.00000000,72666.77000000,44919.07610000,3202864447.63246060,8618302
1772668800000,2026-03-05,72666.77000000,73558.15000000,70645.47000000,70890.72000000,26590.51253000,1917514690.38783410,6709160
1772755200000,2026-03-06,70891.02000000,71419.98000000,67744.78000000,68114.02000000,22629.88722000,1574601198.87488800,5302899
1772841600000,2026-03-07,68114.02000000,68551.04000000,66915.26000000,67262.91000000,12719.54315000,861729861.85304880,2067476
1772928000000,2026-03-08,67262.91000000,68200.00000000,65618.49000000,65971.20000000,21593.63901000,1447522160.31545460,3028392
1773014400000,2026-03-09,65971.20000000,69516.65000000,65821.97000000,68432.16000000,28896.72130000,1967622051.44968020,5093667
1773100800000,2026-03-10,68432.16000000,71777.00000000,68391.41000000,69948.63000000,32602.57726000,2292525621.44052050,5176064
1773187200000,2026-03-11,69948.64000000,71321.00000000,68977.91000000,70191.86000000,27249.27542000,1911300596.23416780,4759855
1773273600000,2026-03-12,70191.86000000,70800.00000000,69205.91000000,70541.34000000,21997.16050000,1540745224.51010620,4344059
1773360000000,2026-03-13,70541.34000000,73913.74000000,70386.01000000,70930.00000000,35996.61678000,2591768526.29614710,5312490
1773446400000,2026-03-14,70930.01000000,71307.92000000,70317.00000000,71211.95000000,13017.24737000,921308630.94627690,1661739
1773532800000,2026-03-15,71211.95000000,73199.00000000,70858.82000000,72815.24000000,14037.30704000,1007334955.24365140,2509013
1773619200000,2026-03-16,72815.25000000,74909.08000000,72270.41000000,74884.67000000,28409.53019000,2095859511.56486360,5396482
1773705600000,2026-03-17,74884.67000000,76000.00000000,73399.19000000,73909.36000000,24521.26636000,1825976731.33267320,4863187
1773792000000,2026-03-18,73909.37000000,74672.34000000,70500.00000000,71246.54000000,23392.88093000,1692949838.97774240,4733897
1773878400000,2026-03-19,71246.55000000,71613.79000000,68793.35000000,69930.00000000,22364.81819000,1566573949.86041240,4972526
1773964800000,2026-03-20,69930.01000000,71367.00000000,69388.00000000,70510.73000000,18121.16745000,1273812840.68867040,4369971
1774051200000,2026-03-21,70510.73000000,71100.94000000,68571.42000000,68918.12000000,13397.16750000,942693882.02642400,1640086
1774137600000,2026-03-22,68918.12000000,69588.79000000,67360.66000000,67859.00000000,14843.78682000,1018926475.31969740,3269152
1774224000000,2026-03-23,67859.00000000,71817.09000000,67445.18000000,70906.45000000,28335.09119000,1980755169.23169410,6509730
1774310400000,2026-03-24,70906.45000000,71400.00000000,68923.07000000,70556.74000000,20702.42244000,1455361229.20996450,4191328
1774396800000,2026-03-25,70556.74000000,72026.09000000,70408.00000000,71336.53000000,17719.50066000,1261017988.53943220,3298902
1774483200000,2026-03-26,71336.53000000,71436.82000000,68153.00000000,68820.31000000,20820.45768000,1447699734.33983910,3597702
1774569600000,2026-03-27,68820.31000000,69179.05000000,65548.25000000,66407.28000000,28603.69557000,1917318222.70991300,4159306
1774656000000,2026-03-28,66407.28000000,67288.94000000,65932.09000000,66377.03000000,11462.39847000,762676255.44706050,1687368
1774742400000,2026-03-29,66377.04000000,67130.50000000,65000.00000000,66010.93000000,10052.85584000,667003517.60598700,2146177
1774828800000,2026-03-30,66010.93000000,68169.65000000,65800.59000000,66797.37000000,18353.38975000,1234617690.89207520,3902849
1774915200000,2026-03-31,66797.38000000,68589.49000000,65998.05000000,68284.48000000,22105.40662000,1490168487.45487460,4846820
1775001600000,2026-04-01,68284.49000000,69310.00000000,67578.75000000,68113.92000000,19020.18990000,1301708227.07452430,3741910
1775088000000,2026-04-02,68113.92000000,68653.38000000,65712.12000000,66901.99000000,20203.47916000,1349223461.52705720,4189133
1775174400000,2026-04-03,66901.99000000,67370.42000000,66282.00000000,66964.30000000,11429.13131000,763535606.97778810,2023104
1775260800000,2026-04-04,66964.29000000,67562.93000000,66775.91000000,67300.42000000,7373.51613000,494932017.42324420,1356179
1775347200000,2026-04-05,67300.42000000,69136.20000000,66611.66000000,69034.18000000,11733.46752000,791661977.32345030,2106257
1775433600000,2026-04-06,69034.18000000,70351.46000000,68300.00000000,68853.66000000,20281.61044000,1408020173.09616270,4695523
1775520000000,2026-04-07,68853.66000000,72761.00000000,67732.01000000,71924.22000000,23750.49661000,1649637855.84269690,4871706
1775606400000,2026-04-08,71924.22000000,72857.00000000,70707.23000000,71069.93000000,19802.68627000,1418484188.05212380,3843988
1775692800000,2026-04-09,71069.93000000,73145.00000000,70466.00000000,71787.97000000,18158.42159000,1300323816.00933610,3773025
1775779200000,2026-04-10,71787.98000000,73434.00000000,71426.15000000,72962.70000000,17372.63288000,1259195636.05566300,3176308
1775865600000,2026-04-11,72962.71000000,73790.00000000,72513.09000000,73043.16000000,9070.94374000,662437113.70967020,1472041
1775952000000,2026-04-12,73043.16000000,73137.24000000,70505.88000000,70740.98000000,13472.46801000,962825891.81659110,2068779
1776038400000,2026-04-13,70741.56000000,74900.00000000,70566.99000000,74417.99000000,24230.21625000,1753370318.18416590,3673539
1776124800000,2026-04-14,74418.00000000,76038.00000000,73795.47000000,74131.55000000,26532.94456000,1982728989.60721990,4033448
1776211200000,2026-04-15,74131.55000000,75425.00000000,73514.00000000,74809.99000000,14425.04167000,1071448612.53702190,3187792
1776297600000,2026-04-16,74809.99000000,75534.76000000,73309.85000000,75154.29000000,17088.68777000,1274894123.74961140,3581890
1776384000000,2026-04-17,75154.28000000,78333.00000000,74529.40000000,77072.00000000,25941.36694000,1987343208.84067000,4931167
1776470400000,2026-04-18,77072.01000000,77420.08000000,75445.16000000,75691.76000000,9141.84456000,698008567.93400730,1941112
1776556800000,2026-04-19,75691.76000000,76240.66000000,73762.90000000,73801.79000000,11369.82232000,854915370.44079150,2739751
1776643200000,2026-04-20,73801.80000000,76558.62000000,73724.31000000,75840.97000000,16993.41034000,1280503914.37107510,3563591
1776729600000,2026-04-21,75840.97000000,76927.57000000,74821.57000000,76336.15000000,14912.57132000,1132118272.55831110,3616213
1776816000000,2026-04-22,76336.14000000,79472.82000000,76132.95000000,78178.23000000,19737.51225000,1543732085.54633380,3757077
1776902400000,2026-04-23,78178.22000000,78662.50000000,76960.00000000,78257.48000000,16970.79501000,1321349698.35424610,3571796
1776988800000,2026-04-24,78257.48000000,78581.93000000,77264.08000000,77437.13000000,12675.14315000,986932564.60019650,2581973
1777075200000,2026-04-25,77437.13000000,77885.35000000,77140.23000000,77625.00000000,5685.11420000,440684004.34515350,806542
1777161600000,2026-04-26,77625.00000000,78961.00000000,77326.51000000,78657.55000000,7963.56162000,621991973.48480000,1476971
1777248000000,2026-04-27,78657.55000000,79485.66000000,76459.64000000,77371.32000000,16046.92418000,1247833550.08419230,2982889
1777334400000,2026-04-28,77371.32000000,77478.00000000,75666.60000000,76342.77000000,13210.72383000,1010412673.55502120,2352446
1777420800000,2026-04-29,76342.78000000,77904.93000000,74937.52000000,75780.00000000,18279.93022000,1399735858.34552810,3032890
1777507200000,2026-04-30,75780.00000000,76669.14000000,75323.65000000,76346.57000000,10381.81607000,790584591.68915400,2569480
1777593600000,2026-05-01,76346.58000000,78914.12000000,76320.42000000,78231.13000000,17315.46502000,1347837835.91956420,2388458
1777680000000,2026-05-02,78231.13000000,79199.48000000,78040.00000000,78686.85000000,6150.87642000,482238389.44940980,936143
1777766400000,2026-05-03,78686.84000000,79447.00000000,78084.08000000,78568.57000000,7425.79290000,584294330.45162860,1352474
1777852800000,2026-05-04,78568.58000000,80776.99000000,78202.00000000,79861.01000000,26042.96135000,2074174850.51143910,3734604
1777939200000,2026-05-05,79861.01000000,81791.48000000,79808.72000000,80905.52000000,16947.17995000,1374319029.23093610,2490930
1778025600000,2026-05-06,80905.53000000,82850.00000000,80731.14000000,81447.01000000,18798.77396000,1535650624.76124830,2794707
1778112000000,2026-05-07,81447.01000000,81708.32000000,79500.00000000,80006.00000000,16154.80338000,1300766382.10233390,2540329
1778198400000,2026-05-08,80006.00000000,80500.00000000,79181.48000000,80193.17000000,16001.31009000,1278566045.41726180,2265372
1778284800000,2026-05-09,80193.18000000,81080.00000000,80129.85000000,80678.40000000,7548.42177000,607596225.98642010,1002373
1778371200000,2026-05-10,80678.41000000,82479.32000000,80279.77000000,82210.07000000,12034.31882000,977223714.26347450,1801608
1778457600000,2026-05-11,82210.07000000,82380.00000000,80462.97000000,81745.65000000,12951.76056000,1053193670.87575560,2576396
1778544000000,2026-05-12,81745.66000000,81788.00000000,79843.59000000,80504.47000000,12386.25676000,1000180167.44067700,2345137
1778630400000,2026-05-13,80504.47000000,81324.64000000,78754.65000000,79313.61000000,14810.05643000,1184929842.86882360,2350570
1778716800000,2026-05-14,79313.61000000,82048.13000000,78922.00000000,81089.99000000,19727.86807000,1590656475.01879700,3101046
1778803200000,2026-05-15,81090.00000000,81664.45000000,78659.00000000,79113.21000000,17351.27079000,1387152674.36886820,3184114
1778889600000,2026-05-16,79113.20000000,79227.77000000,77640.00000000,78148.05000000,12132.86192000,949890656.65885100,1597661
1778976000000,2026-05-17,78148.05000000,78599.99000000,76735.16000000,77457.67000000,8442.70220000,658061481.64485200,1570433
1779062400000,2026-05-18,77457.67000000,77800.00000000,76051.00000000,77001.87000000,18745.51678000,1439862031.89197120,3529328
1779148800000,2026-05-19,77001.88000000,77414.62000000,76144.71000000,76834.36000000,11024.85978000,846904378.30780350,2315121
1779235200000,2026-05-20,76834.36000000,77853.04000000,76516.74000000,77552.23000000,11296.26307000,873091271.47163510,2437754
1779321600000,2026-05-21,77552.24000000,78200.00000000,76719.47000000,77615.52000000,11318.25841000,878168697.22774920,2473146
1779408000000,2026-05-22,77615.52000000,77900.00000000,75359.18000000,75539.50000000,11272.36134000,866200460.91045950,2370783
1779494400000,2026-05-23,75539.50000000,77404.18000000,74289.60000000,76752.01000000,15086.88814000,1138996605.77381600,2103536
1779580800000,2026-05-24,76752.00000000,77543.15000000,76108.00000000,77064.96000000,8398.00156000,644925517.61131600,1612969
1779667200000,2026-05-25,77064.96000000,77905.52000000,76914.25000000,77322.01000000,7672.32197000,593868004.99759730,1778509
1779753600000,2026-05-26,77322.01000000,78080.00000000,75677.97000000,75930.01000000,16953.47629000,1299609317.69759170,3360745
1779840000000,2026-05-27,75930.01000000,76174.15000000,74243.99000000,74449.30000000,16877.77483000,1270680262.90882430,3367068
1779926400000,2026-05-28,74449.31000000,74590.77000000,72582.82000000,73617.51000000,21274.02026000,1560808525.50727460,3799713
1780012800000,2026-05-29,73617.52000000,74514.10000000,72512.49000000,73460.78000000,18686.74141000,1376106492.90642700,2897318
1780099200000,2026-05-30,73460.78000000,74143.76000000,73216.00000000,73884.38000000,7515.40909000,553989386.11152070,1124406
1780185600000,2026-05-31,73884.38000000,74275.66000000,73400.00000000,73674.39000000,6986.45707000,515907532.58919720,1363437
1780272000000,2026-06-01,73674.39000000,74092.00000000,70686.68000000,71408.90000000,23921.09184000,1723958338.68287760,4237773
1780358400000,2026-06-02,71408.90000000,71408.90000000,66193.00000000,66760.83000000,32858.19586000,2253348577.98312800,6250677
1780444800000,2026-06-03,66760.84000000,67516.00000000,64092.49000000,64142.75000000,30138.30650000,1998349981.89294380,6676358
1780531200000,2026-06-04,64142.75000000,64764.32000000,61383.56000000,63885.99000000,43577.17571000,2759349733.48938320,9057976
1780617600000,2026-06-05,63885.99000000,63978.00000000,59130.91000000,61056.47000000,55027.28807000,3379021750.50332800,11658856
1780704000000,2026-06-06,61056.47000000,61530.05000000,59500.00000000,60884.62000000,19795.58877000,1202325958.46823350,5000874
1780790400000,2026-06-07,60884.62000000,64234.68000000,60746.00000000,63332.01000000,26612.10443000,1656650772.81370800,4752461
1780876800000,2026-06-08,63332.01000000,64200.00000000,62408.00000000,63085.99000000,23053.38624000,1462563286.75122030,4887564
1780963200000,2026-06-09,63086.00000000,63526.01000000,60780.00000000,61730.00000000,21636.21959000,1347322049.16234040,4347332
1781049600000,2026-06-10,61730.00000000,62857.99000000,60755.00000000,61510.99000000,15998.71652000,986710883.58937470,4655686
1781136000000,2026-06-11,61510.99000000,63933.02000000,61510.99000000,63625.99000000,17380.94642000,1093211866.43388520,3446803
1781222400000,2026-06-12,63626.00000000,64394.44000000,62829.81000000,63580.01000000,16397.05240000,1042661512.67960390,3154052
1781308800000,2026-06-13,63580.00000000,64762.77000000,63418.66000000,64458.01000000,9960.74163000,637302050.48679330,1489009
1781395200000,2026-06-14,64458.01000000,65800.00000000,63678.83000000,65746.45000000,13203.03375000,853654539.26383020,2060901
1781481600000,2026-06-15,65746.45000000,67292.15000000,65354.00000000,66328.74000000,18559.80102000,1230675240.53797410,3140494
1781568000000,2026-06-16,66328.74000000,66992.00000000,65360.92000000,65675.01000000,14302.05801000,945125184.25184060,2964629
1781654400000,2026-06-17,65675.02000000,66445.93000000,63915.77000000,64509.40000000,19048.65409000,1242898548.08223530,3933123
1781740800000,2026-06-18,64509.40000000,64806.00000000,62272.07000000,62958.01000000,16935.59661000,1076015381.19240890,3573931
1781827200000,2026-06-19,62958.01000000,63666.00000000,62316.44000000,63543.91000000,14247.42400000,896102952.77531740,2671918
1781913600000,2026-06-20,63543.90000000,64388.00000000,63184.21000000,64298.01000000,9522.10324000,607077211.75574230,1970081
1782000000000,2026-06-21,64298.01000000,64588.00000000,63270.00000000,63311.99000000,8034.66333000,514862175.73621230,1768294
1782086400000,2026-06-22,63312.00000000,65622.83000000,63312.00000000,64020.01000000,15423.10851000,995034557.15634590,3521337
1782172800000,2026-06-23,64020.01000000,64275.38000000,61938.00000000,62734.57000000,20222.99292000,1268093221.25023340,3626190
1782259200000,2026-06-24,62734.57000000,63239.06000000,59102.70000000,61077.99000000,30678.28543000,1871885814.30789480,5367531
1782345600000,2026-06-25,61078.00000000,61962.40000000,58115.01000000,59794.00000000,30386.00694000,1822854100.07008660,5683275
1782432000000,2026-06-26,59794.64000000,60759.99000000,58337.00000000,60097.27000000,27403.55723000,1636102058.37781230,6019134
1782518400000,2026-06-27,60097.27000000,60941.17000000,59855.16000000,60029.00000000,9587.22916000,578765263.06984560,1763416
1782604800000,2026-06-28,60029.01000000,60545.01000000,58905.00000000,59577.01000000,8907.13796000,533333220.81111670,2299232
1782691200000,2026-06-29,59577.01000000,60780.57000000,58900.01000000,60260.21000000,20203.14178000,1210648237.74401550,4884336
1782777600000,2026-06-30,60260.20000000,60276.54000000,58201.00000000,58624.71000000,19639.82787000,1157911191.48935650,3804809
1782864000000,2026-07-01,58624.71000000,61334.00000000,57800.19000000,60024.00000000,25093.44662000,1491051306.81895120,4166849
1782950400000,2026-07-02,60024.00000000,62200.00000000,59588.00000000,61560.00000000,21382.14163000,1308156569.72009190,3883096
1783036800000,2026-07-03,61560.00000000,62979.86000000,61248.86000000,62583.26000000,14048.98627000,870359931.58328490,2571531
1783123200000,2026-07-04,62583.26000000,63461.99000000,62328.24000000,63144.01000000,9139.82740000,574233846.08260510,1643288
1783209600000,2026-07-05,63144.01000000,63999.00000000,62436.59000000,63650.00000000,9172.07758000,577866444.60744400,1790183
1783296000000,2026-07-06,63650.01000000,64700.00000000,61306.84000000,64042.02000000,21435.28437000,1347956046.40322690,3777895
1783382400000,2026-07-07,64042.93000000,64314.00000000,62671.39000000,63363.99000000,16834.20823000,1069267686.88860920,3282102
1783468800000,2026-07-08,63364.00000000,63761.99000000,61544.56000000,62290.00000000,18620.09796000,1160087170.62003580,3598487
1783555200000,2026-07-09,62290.01000000,63500.00000000,61705.29000000,63230.00000000,16742.80672000,1050849813.26948410,3176050
1783641600000,2026-07-10,63230.01000000,64692.83000000,62926.01000000,64161.72000000,17589.00122000,1126097961.00205100,2927425
1783728000000,2026-07-11,64161.72000000,64504.11000000,63819.00000000,63819.00000000,9151.97432000,587469874.56680870,1406178
1783814400000,2026-07-12,63819.01000000,64290.11000000,63640.83000000,63780.00000000,13914.83703000,889938572.36794330,1919605
1783900800000,2026-07-13,63780.00000000,64425.00000000,61824.97000000,62334.52000000,21682.50204000,1361096729.95104340,3349712
1783987200000,2026-07-14,62334.52000000,65100.00000000,62272.20000000,65043.98000000,20552.41384000,1310854500.68053040,3080945
1784073600000,2026-07-15,65043.99000000,65600.00000000,64485.00000000,64756.28000000,18401.89741000,1195648323.76851840,2668919
1784160000000,2026-07-16,64756.28000000,64997.52000000,63748.74000000,63830.20000000,18764.52679000,1206498386.37719370,2813481
1784246400000,2026-07-17,63830.20000000,64387.99000000,62537.56000000,63931.67000000,18189.89389000,1152546029.34025150,3239296
1784332800000,2026-07-18,63931.67000000,64865.00000000,63886.65000000,64834.22000000,8031.18012000,515954648.68636990,1088701
1784419200000,2026-07-19,64834.21000000,64967.25000000,64280.00000000,64722.54000000,8379.91474000,541559101.91299460,1464337
1784505600000,2026-07-20,64722.55000000,65799.00000000,63100.00000000,65255.51000000,21323.48702000,1379182710.26304440,3606847
1784592000000,2026-07-21,65255.51000000,66956.15000000,65148.75000000,66556.16000000,18618.28087000,1232802690.07421990,3005241
1784678400000,2026-07-22,66556.15000000,66739.89000000,65553.67000000,66114.49000000,18074.86602000,1193958918.30683200,3381825
