open_time_ms,date,open,high,low,close,volume,quote_volume,trades
1698364800000,2023-10-27,1803.39000000,1803.91000000,1744.66000000,1779.40000000,274532.69210000,488398895.21753700,594592
1698451200000,2023-10-28,1779.41000000,1803.23000000,1770.00000000,1776.20000000,122919.73820000,219588597.64105000,333711
1698537600000,2023-10-29,1776.21000000,1811.30000000,1762.66000000,1795.14000000,144110.65080000,258015412.93155400,371024
1698624000000,2023-10-30,1795.14000000,1829.84000000,1777.77000000,1809.04000000,277686.19200000,501228029.31760500,560359
1698710400000,2023-10-31,1809.03000000,1819.41000000,1780.99000000,1814.67000000,258074.57960000,464695558.99525400,577888
1698796800000,2023-11-01,1814.67000000,1857.66000000,1783.19000000,1846.99000000,471921.61840000,858744655.31150800,862416
1698883200000,2023-11-02,1846.99000000,1875.00000000,1785.01000000,1800.80000000,368738.21930000,674522153.76558900,790110
1698969600000,2023-11-03,1800.79000000,1834.58000000,1777.11000000,1832.71000000,315000.26780000,568244477.51770300,713592
1699056000000,2023-11-04,1832.70000000,1869.90000000,1824.03000000,1855.54000000,171538.03640000,315560482.70251600,463794
1699142400000,2023-11-05,1855.54000000,1912.67000000,1846.11000000,1891.71000000,383106.76280000,721508408.94399200,780672
1699228800000,2023-11-06,1891.71000000,1914.23000000,1868.48000000,1900.95000000,328746.23940000,622198937.15669200,717293
1699315200000,2023-11-07,1900.95000000,1906.99000000,1850.32000000,1885.27000000,332419.44060000,625566317.42704500,760921
1699401600000,2023-11-08,1885.26000000,1904.69000000,1872.51000000,1888.12000000,247881.09970000,468144576.74145400,514836
1699488000000,2023-11-09,1888.11000000,2132.00000000,1882.07000000,2121.32000000,1100330.32370000,2200484378.92985000,1657379
1699574400000,2023-11-10,2121.33000000,2136.99000000,2064.61000000,2077.72000000,555573.64950000,1167220520.82826100,880646
1699660800000,2023-11-11,2077.72000000,2089.60000000,2030.30000000,2053.17000000,370966.03720000,763796737.40937500,675522
1699747200000,2023-11-12,2053.16000000,2066.50000000,2012.10000000,2044.68000000,281907.55900000,577153459.51571000,556231
1699833600000,2023-11-13,2044.69000000,2118.00000000,2028.49000000,2053.65000000,529143.58150000,1093862454.32137400,1025249
1699920000000,2023-11-14,2053.65000000,2064.96000000,1936.60000000,1979.39000000,481909.73300000,972032428.32657300,884487
1700006400000,2023-11-15,1979.40000000,2062.40000000,1967.01000000,2058.48000000,421870.80320000,847945999.66400000,731745
1700092800000,2023-11-16,2058.49000000,2090.40000000,1939.10000000,1961.77000000,545286.12970000,1101174547.30860900,991673
1700179200000,2023-11-17,1961.77000000,1991.50000000,1904.00000000,1960.82000000,401100.50690000,783561858.01188900,788071
1700265600000,2023-11-18,1960.82000000,1971.22000000,1916.00000000,1962.60000000,279368.22080000,543924395.73302800,535494
1700352000000,2023-11-19,1962.59000000,2015.75000000,1942.89000000,2011.47000000,251132.61920000,494600634.89114600,506631
1700438400000,2023-11-20,2011.47000000,2066.40000000,1990.00000000,2021.40000000,421717.67900000,854002757.45117200,751621
1700524800000,2023-11-21,2021.41000000,2034.60000000,1931.43000000,1933.01000000,490163.98630000,974304142.39717400,888864
1700611200000,2023-11-22,1933.01000000,2092.46000000,1928.41000000,2063.21000000,466120.51090000,943776525.65738000,796700
1700697600000,2023-11-23,2063.22000000,2088.94000000,2040.35000000,2062.20000000,250960.69580000,517482313.45225600,527877
1700784000000,2023-11-24,2062.21000000,2133.02000000,2059.37000000,2080.84000000,426932.54020000,894370772.51811400,672044
1700870400000,2023-11-25,2080.84000000,2090.54000000,2065.30000000,2083.09000000,138847.39300000,288887833.97800400,350920
1700956800000,2023-11-26,2083.10000000,2094.99000000,2036.42000000,2062.33000000,241262.91360000,499314260.83391500,510922
1701043200000,2023-11-27,2062.34000000,2071.24000000,1985.78000000,2027.50000000,326073.22980000,660673302.74006000,622522
1701129600000,2023-11-28,2027.50000000,2075.00000000,1995.15000000,2048.14000000,283775.92790000,578404413.95846800,606358
1701216000000,2023-11-29,2048.14000000,2075.70000000,2019.31000000,2028.81000000,254843.73190000,521225853.33225000,503614
1701302400000,2023-11-30,2028.80000000,2054.75000000,2020.85000000,2051.96000000,243680.09210000,496360388.66638500,458227
1701388800000,2023-12-01,2051.95000000,2110.87000000,2045.04000000,2087.24000000,372645.58600000,778670941.03376000,598646
1701475200000,2023-12-02,2087.24000000,2186.60000000,2086.25000000,2164.74000000,320979.97680000,684434398.68424500,618401
1701561600000,2023-12-03,2164.75000000,2217.27000000,2149.00000000,2192.95000000,257879.11360000,560343820.02850900,556948
1701648000000,2023-12-04,2192.96000000,2274.28000000,2191.00000000,2243.37000000,565307.71340000,1263069834.20861200,980117
1701734400000,2023-12-05,2243.36000000,2309.72000000,2188.33000000,2293.33000000,529829.72140000,1190597719.19322700,1018557
1701820800000,2023-12-06,2293.33000000,2312.23000000,2220.00000000,2232.70000000,408338.90560000,925926168.10934200,842212
1701907200000,2023-12-07,2232.70000000,2382.80000000,2222.00000000,2355.73000000,485190.06090000,1115389522.52305300,921917
1701993600000,2023-12-08,2355.74000000,2392.00000000,2336.34000000,2358.72000000,378569.81260000,893841920.83732000,713431
1702080000000,2023-12-09,2358.71000000,2403.00000000,2328.01000000,2340.49000000,287771.06640000,679437458.93125400,648813
1702166400000,2023-12-10,2340.48000000,2377.47000000,2320.00000000,2352.39000000,200037.21020000,469860963.94715300,464455
1702252800000,2023-12-11,2352.39000000,2355.00000000,2156.62000000,2225.12000000,640414.91660000,1426910964.96622000,1153316
1702339200000,2023-12-12,2225.11000000,2244.12000000,2166.00000000,2203.46000000,361588.90870000,799015127.41497400,804062
1702425600000,2023-12-13,2203.47000000,2284.02000000,2144.32000000,2260.16000000,418916.61540000,922420273.94725300,897019
1702512000000,2023-12-14,2260.16000000,2332.11000000,2228.20000000,2315.32000000,409508.09310000,934716057.65086400,918965
1702598400000,2023-12-15,2315.32000000,2317.81000000,2200.00000000,2220.50000000,333552.63280000,754022987.24772200,714102
1702684800000,2023-12-16,2220.51000000,2263.40000000,2210.00000000,2228.96000000,199285.92300000,446980227.08283500,528692
1702771200000,2023-12-17,2228.96000000,2248.68000000,2191.50000000,2196.52000000,225925.76750000,501306718.24280800,531241
1702857600000,2023-12-18,2196.53000000,2224.00000000,2116.60000000,2219.43000000,364103.11810000,789100505.03171100,769310
1702944000000,2023-12-19,2219.44000000,2255.00000000,2135.55000000,2177.91000000,383551.40490000,847060839.70839800,786067
1703030400000,2023-12-20,2177.90000000,2266.00000000,2156.00000000,2202.17000000,416841.62720000,922794580.70340200,867198
1703116800000,2023-12-21,2202.17000000,2279.31000000,2182.98000000,2239.61000000,453069.72520000,1010354340.13579900,848508
1703203200000,2023-12-22,2239.60000000,2343.15000000,2230.59000000,2324.54000000,591357.48800000,1358322906.95807800,1124820
1703289600000,2023-12-23,2324.54000000,2330.65000000,2265.00000000,2308.20000000,255626.93520000,586078143.24207900,588229
1703376000000,2023-12-24,2308.20000000,2326.19000000,2245.00000000,2264.05000000,307951.07600000,705420988.78504000,711200
1703462400000,2023-12-25,2264.04000000,2304.80000000,2253.10000000,2271.35000000,286277.16160000,652158658.25835100,613108
1703548800000,2023-12-26,2271.36000000,2274.99000000,2178.45000000,2230.88000000,410413.15910000,916097827.49845000,701701
1703635200000,2023-12-27,2230.88000000,2392.44000000,2211.88000000,2378.35000000,541537.35740000,1250873719.55066100,978666
1703721600000,2023-12-28,2378.35000000,2445.80000000,2335.00000000,2344.15000000,580459.98200000,1385456486.28619100,1241094
1703808000000,2023-12-29,2344.15000000,2385.41000000,2255.34000000,2299.20000000,450201.20690000,1049566350.12220900,990308
1703894400000,2023-12-30,2299.20000000,2322.84000000,2268.00000000,2291.68000000,210539.13270000,483369913.47884600,555932
1703980800000,2023-12-31,2291.68000000,2321.34000000,2258.88000000,2281.87000000,222175.87790000,510046689.18739600,548848
1704067200000,2024-01-01,2281.87000000,2352.37000000,2265.24000000,2352.04000000,216702.69140000,500451219.61280600,536670
1704153600000,2024-01-02,2352.05000000,2431.30000000,2341.00000000,2355.34000000,458041.66420000,1090922198.04909100,1028335
1704240000000,2024-01-03,2355.35000000,2385.45000000,2100.00000000,2209.72000000,798729.48690000,1797597895.17990400,1351067
1704326400000,2024-01-04,2209.72000000,2294.69000000,2201.91000000,2267.11000000,448844.05500000,1009072619.20677300,780771
1704412800000,2024-01-05,2267.11000000,2277.21000000,2206.17000000,2268.78000000,405568.00060000,910367621.18166200,758963
1704499200000,2024-01-06,2268.78000000,2270.00000000,2216.40000000,2240.78000000,194067.86560000,434867515.95915700,450441
1704585600000,2024-01-07,2240.77000000,2258.01000000,2203.46000000,2221.42000000,207138.69270000,463525159.25742900,516569
1704672000000,2024-01-08,2221.42000000,2358.20000000,2166.38000000,2330.44000000,539407.55470000,1221527410.44082200,1069027
1704758400000,2024-01-09,2330.43000000,2371.72000000,2226.78000000,2344.29000000,551454.99310000,1267764132.83607700,1196445
1704844800000,2024-01-10,2344.30000000,2643.10000000,2339.59000000,2584.38000000,1038388.66600000,2536320982.38854300,2010707
1704931200000,2024-01-11,2584.37000000,2689.39000000,2566.01000000,2618.01000000,838712.25770000,2194916359.19164600,1693755
1705017600000,2024-01-12,2618.01000000,2717.32000000,2458.00000000,2522.54000000,887457.76270000,2318179618.08691200,1860636
1705104000000,2024-01-13,2522.55000000,2590.00000000,2497.50000000,2578.19000000,422061.23200000,1075466481.72042000,898845
1705190400000,2024-01-14,2578.18000000,2578.69000000,2470.00000000,2472.87000000,306207.74630000,774962904.80711700,732294
1705276800000,2024-01-15,2472.87000000,2553.82000000,2470.92000000,2511.78000000,315247.88190000,793871974.87160100,789378
1705363200000,2024-01-16,2511.79000000,2614.43000000,2500.05000000,2587.40000000,381077.62470000,972060398.77460000,1140088
1705449600000,2024-01-17,2587.41000000,2592.97000000,2506.75000000,2530.19000000,366281.34770000,933809190.34820800,1140624
1705536000000,2024-01-18,2530.20000000,2550.00000000,2428.56000000,2470.81000000,452090.10740000,1129803152.91478800,894355
1705622400000,2024-01-19,2470.81000000,2504.20000000,2415.20000000,2492.00000000,424209.00290000,1047352971.89337000,855044
1705708800000,2024-01-20,2491.99000000,2492.00000000,2454.20000000,2472.01000000,136620.95770000,337794603.14760000,418938
1705795200000,2024-01-21,2472.02000000,2482.18000000,2452.13000000,2457.05000000,122572.16870000,303022758.72808200,360446
1705881600000,2024-01-22,2457.06000000,2466.10000000,2303.59000000,2314.20000000,526337.64920000,1252505758.32290400,933793
1705968000000,2024-01-23,2314.19000000,2352.23000000,2168.07000000,2242.60000000,700105.33140000,1568448812.43809000,1204183
1706054400000,2024-01-24,2242.60000000,2264.60000000,2196.12000000,2235.02000000,359851.14960000,802477123.10851500,801012
1706140800000,2024-01-25,2235.02000000,2242.89000000,2171.30000000,2218.64000000,330426.60610000,731016014.38228900,756164
1706227200000,2024-01-26,2218.64000000,2282.36000000,2195.84000000,2267.68000000,363566.42550000,815753832.16317100,823603
1706313600000,2024-01-27,2267.67000000,2282.94000000,2251.40000000,2267.94000000,145109.38360000,329102144.45981500,416970
1706400000000,2024-01-28,2267.94000000,2308.24000000,2239.89000000,2256.90000000,209326.90870000,476534769.15889200,566626
1706486400000,2024-01-29,2256.90000000,2322.34000000,2233.80000000,2317.60000000,305528.07760000,696374288.61947300,681798
1706572800000,2024-01-30,2317.61000000,2391.98000000,2297.00000000,2343.01000000,372879.57910000,871148737.16665800,770660
1706659200000,2024-01-31,2343.00000000,2351.60000000,2263.57000000,2283.14000000,397116.18590000,920131584.29010400,922884
1706745600000,2024-02-01,2283.15000000,2311.72000000,2240.00000000,2304.28000000,310997.45380000,708868445.04675500,779472
1706832000000,2024-02-02,2304.28000000,2324.74000000,2281.94000000,2309.06000000,238230.51100000,549302201.69764200,574621
1706918400000,2024-02-03,2309.07000000,2329.98000000,2292.75000000,2296.49000000,133232.84500000,307866239.18644200,397464
1707004800000,2024-02-04,2296.50000000,2311.00000000,2266.00000000,2289.79000000,171232.04440000,393039532.45206800,506684
1707091200000,2024-02-05,2289.79000000,2338.41000000,2269.11000000,2301.83000000,236610.41200000,545576620.00256500,730863
1707177600000,2024-02-06,2301.84000000,2392.40000000,2299.00000000,2372.64000000,368942.74980000,864113645.78768100,861796
1707264000000,2024-02-07,2372.63000000,2444.44000000,2354.00000000,2425.10000000,342791.70130000,820475884.30352100,860357
1707350400000,2024-02-08,2425.09000000,2463.15000000,2411.01000000,2419.55000000,338040.05390000,821961943.65209600,894102
1707436800000,2024-02-09,2419.56000000,2525.00000000,2419.16000000,2486.56000000,492384.38500000,1222635531.62879300,1134276
1707523200000,2024-02-10,2486.56000000,2516.45000000,2471.57000000,2500.24000000,185099.59000000,461966177.39475600,622723
1707609600000,2024-02-11,2500.24000000,2539.63000000,2493.45000000,2507.21000000,219975.14710000,553430378.32506900,711081
1707696000000,2024-02-12,2507.22000000,2665.58000000,2472.00000000,2659.99000000,449501.77600000,1152087242.12635800,1019390
1707782400000,2024-02-13,2659.99000000,2686.12000000,2590.00000000,2639.99000000,502447.74500000,1328138932.92916900,1044885
1707868800000,2024-02-14,2639.99000000,2786.00000000,2618.40000000,2774.81000000,461670.69440000,1258639954.54766500,1090412
1707955200000,2024-02-15,2774.80000000,2867.65000000,2759.25000000,2822.59000000,481689.18740000,1353587492.51477500,1347619
1708041600000,2024-02-16,2822.58000000,2857.40000000,2740.00000000,2801.80000000,378070.80370000,1062271564.48786000,1123447
1708128000000,2024-02-17,2801.81000000,2804.21000000,2719.01000000,2785.93000000,243302.87590000,673711593.25171300,969157
1708214400000,2024-02-18,2785.92000000,2895.00000000,2764.25000000,2881.20000000,367987.88330000,1037802342.59328700,1311570
1708300800000,2024-02-19,2881.20000000,2984.52000000,2856.93000000,2944.80000000,446451.04010000,1302430726.12966100,1539410
1708387200000,2024-02-20,2944.80000000,3033.09000000,2874.56000000,3014.81000000,634681.74710000,1868745481.64754900,1517960
1708473600000,2024-02-21,3014.81000000,3017.15000000,2868.00000000,2967.90000000,595955.00330000,1746960179.79394000,1256455
1708560000000,2024-02-22,2967.91000000,3036.02000000,2906.51000000,2971.40000000,563525.99360000,1676206889.45140500,1205856
1708646400000,2024-02-23,2971.40000000,2993.80000000,2906.05000000,2922.24000000,428826.57870000,1261137725.51195200,1003464
1708732800000,2024-02-24,2922.25000000,3007.48000000,2906.40000000,2992.62000000,243854.07830000,721993808.56619300,718718
1708819200000,2024-02-25,2992.62000000,3122.00000000,2983.61000000,3112.59000000,412306.22370000,1257766106.54629900,1085332
1708905600000,2024-02-26,3112.60000000,3196.00000000,3036.59000000,3175.94000000,546722.77470000,1703165045.24149200,1391934
1708992000000,2024-02-27,3175.95000000,3288.14000000,3160.02000000,3242.36000000,625939.12210000,2025805516.97493300,1676466
1709078400000,2024-02-28,3242.35000000,3488.00000000,3176.16000000,3383.10000000,947538.76600000,3153201034.91476300,2442603
1709164800000,2024-02-29,3383.11000000,3522.81000000,3300.00000000,3340.09000000,759698.11230000,2608623102.49017000,2112875
1709251200000,2024-03-01,3340.10000000,3450.00000000,3338.54000000,3433.43000000,412788.57730000,1405295834.57269400,1263130
1709337600000,2024-03-02,3433.42000000,3460.04000000,3390.01000000,3421.40000000,283984.94480000,971756920.45120900,926113
1709424000000,2024-03-03,3421.39000000,3491.80000000,3360.00000000,3487.81000000,341631.53100000,1172272660.98449000,1116823
1709510400000,2024-03-04,3487.80000000,3640.94000000,3423.78000000,3627.76000000,715360.63610000,2526905041.93919000,1953764
1709596800000,2024-03-05,3627.75000000,3822.04000000,3200.00000000,3553.65000000,1392904.86400000,5043847679.68348000,3265582
1709683200000,2024-03-06,3553.66000000,3900.00000000,3499.40000000,3818.59000000,969494.71000000,3652250924.27773700,2555462
1709769600000,2024-03-07,3818.58000000,3933.81000000,3735.00000000,3868.76000000,540780.67500000,2067607917.44370900,1636716
1709856000000,2024-03-08,3868.76000000,3993.75000000,3820.00000000,3883.36000000,646399.25890000,2534209920.00556500,1657141
1709942400000,2024-03-09,3883.37000000,3942.00000000,3870.01000000,3905.21000000,254839.13860000,995823688.31355300,819335
1710028800000,2024-03-10,3905.20000000,3964.67000000,3791.26000000,3878.47000000,356664.68000000,1393415653.98342000,1195480
1710115200000,2024-03-11,3878.47000000,4086.23000000,3722.95000000,4064.80000000,721554.51390000,2874119154.30335900,1894504
1710201600000,2024-03-12,4064.80000000,4093.92000000,3828.98000000,3979.96000000,632787.39410000,2522475873.08181000,1878541
1710288000000,2024-03-13,3979.97000000,4083.00000000,3932.23000000,4004.79000000,482305.77660000,1933909390.30212400,1536498
1710374400000,2024-03-14,4004.79000000,4010.98000000,3723.00000000,3881.70000000,648237.52450000,2520007951.69120000,1919963
1710460800000,2024-03-15,3881.69000000,3934.02000000,3570.00000000,3742.19000000,947537.40710000,3513477459.32044900,2487337
1710547200000,2024-03-16,3742.19000000,3781.12000000,3468.80000000,3523.09000000,548288.15690000,1999176881.31261500,1798939
1710633600000,2024-03-17,3523.09000000,3678.68000000,3412.00000000,3644.71000000,517790.99360000,1843487764.62131400,1721355
1710720000000,2024-03-18,3644.70000000,3645.02000000,3454.09000000,3520.46000000,570901.28510000,2029690613.72146200,1906387
1710806400000,2024-03-19,3520.47000000,3548.09000000,3150.88000000,3158.64000000,1049629.69360000,3474307712.27645600,2647385
1710892800000,2024-03-20,3158.65000000,3535.24000000,3056.56000000,3516.53000000,1207322.82010000,3957251428.89904100,2987953
1710979200000,2024-03-21,3516.53000000,3587.32000000,3412.00000000,3492.85000000,602755.20720000,2114084858.15653500,1791989
1711065600000,2024-03-22,3492.84000000,3542.52000000,3250.00000000,3336.35000000,558848.88800000,1891771641.01900700,1747756
1711152000000,2024-03-23,3336.35000000,3435.48000000,3270.08000000,3329.53000000,323675.94480000,1089778379.60122900,1129683
1711238400000,2024-03-24,3329.53000000,3471.22000000,3298.76000000,3454.98000000,260824.14080000,879033073.03145400,1090982
1711324800000,2024-03-25,3454.99000000,3666.00000000,3420.12000000,3590.42000000,548577.69420000,1945377748.66027000,1610130
1711411200000,2024-03-26,3590.43000000,3678.86000000,3542.62000000,3587.33000000,499013.83840000,1800812035.84622400,1373691
1711497600000,2024-03-27,3587.32000000,3665.84000000,3460.02000000,3501.19000000,443195.32970000,1576098628.30797600,1436593
1711584000000,2024-03-28,3501.20000000,3611.78000000,3465.00000000,3560.49000000,404654.03110000,1436630524.62304300,1158353
1711670400000,2024-03-29,3560.49000000,3584.37000000,3445.91000000,3509.74000000,323086.17900000,1138548291.15838700,951744
1711756800000,2024-03-30,3509.74000000,3565.81000000,3485.00000000,3505.64000000,216025.26340000,759625521.45189200,750249
1711843200000,2024-03-31,3505.65000000,3655.32000000,3505.09000000,3645.29000000,243464.98770000,878141654.34598200,722927
1711929600000,2024-04-01,3645.29000000,3645.95000000,3413.71000000,3503.80000000,408854.12250000,1437691729.03231400,1115133
1712016000000,2024-04-02,3503.80000000,3505.60000000,3212.00000000,3278.96000000,623264.64760000,2068004456.06282300,1581408
1712102400000,2024-04-03,3278.96000000,3367.40000000,3202.79000000,3310.83000000,410484.19330000,1358993604.79861500,1113644
1712188800000,2024-04-04,3310.83000000,3443.93000000,3250.92000000,3327.40000000,356338.57160000,1187792289.21437100,965695
1712275200000,2024-04-05,3327.39000000,3350.00000000,3210.00000000,3317.85000000,344556.79830000,1132252495.88912400,854139
1712361600000,2024-04-06,3317.85000000,3398.42000000,3306.68000000,3351.59000000,183312.21250000,612681489.14895400,549985
1712448000000,2024-04-07,3351.59000000,3459.94000000,3344.08000000,3454.20000000,210459.07520000,715174110.57383500,748530
1712534400000,2024-04-08,3454.20000000,3730.71000000,3406.36000000,3694.61000000,496841.35320000,1787240600.80865700,1333378
1712620800000,2024-04-09,3694.61000000,3727.34000000,3450.46000000,3506.39000000,457592.25200000,1643610851.75092000,1046479
1712707200000,2024-04-10,3506.40000000,3562.95000000,3411.82000000,3545.64000000,389404.90550000,1361401195.43178500,915957
1712793600000,2024-04-11,3545.64000000,3618.30000000,3474.52000000,3502.52000000,338139.55340000,1197654094.44620700,890107
1712880000000,2024-04-12,3502.52000000,3552.40000000,3100.00000000,3237.43000000,697327.11740000,2328197177.42049500,1423600
1712966400000,2024-04-13,3237.42000000,3301.90000000,2852.00000000,3007.01000000,994971.23540000,3066250202.83582600,2037632
1713052800000,2024-04-14,3007.01000000,3174.23000000,2906.73000000,3155.11000000,737580.46660000,2244354713.13561600,1680666
1713139200000,2024-04-15,3155.11000000,3277.85000000,3023.19000000,3101.99000000,605430.88630000,1911310147.23066300,1540774
1713225600000,2024-04-16,3102.00000000,3128.01000000,2986.00000000,3084.22000000,526113.85500000,1610290812.17309500,1461779
1713312000000,2024-04-17,3084.21000000,3123.75000000,2914.47000000,2985.41000000,491897.56610000,1483253378.35815800,1348404
1713398400000,2024-04-18,2985.41000000,3094.40000000,2950.98000000,3064.40000000,389060.71330000,1177977125.35813900,1168254
1713484800000,2024-04-19,3064.40000000,3128.89000000,2865.18000000,3056.46000000,607850.40190000,1843119282.76954900,1465901
1713571200000,2024-04-20,3056.45000000,3171.88000000,3018.75000000,3155.79000000,242577.63710000,749727918.39625800,812118
1713657600000,2024-04-21,3155.79000000,3197.18000000,3116.49000000,3147.67000000,219970.50720000,694988777.19102400,767260
1713744000000,2024-04-22,3147.66000000,3235.00000000,3129.15000000,3200.20000000,290879.95690000,928957385.38023000,993579
1713830400000,2024-04-23,3200.19000000,3263.61000000,3152.00000000,3219.46000000,253914.22630000,813798516.32038600,844893
1713916800000,2024-04-24,3219.46000000,3293.56000000,3104.90000000,3140.80000000,393314.34140000,1261617674.78529500,1130370
1714003200000,2024-04-25,3140.79000000,3191.64000000,3072.20000000,3155.80000000,352288.55020000,1104939534.27499700,861077
1714089600000,2024-04-26,3155.81000000,3167.70000000,3102.00000000,3131.30000000,252522.65500000,792255507.86255800,628635
1714176000000,2024-04-27,3131.30000000,3285.00000000,3066.74000000,3255.56000000,323811.19190000,1027413859.24945700,734026
1714262400000,2024-04-28,3255.55000000,3357.40000000,3250.45000000,3263.45000000,304766.00900000,1006628332.29004500,753239
1714348800000,2024-04-29,3263.44000000,3286.95000000,3115.13000000,3216.73000000,421831.29120000,1345237182.55342900,943719
1714435200000,2024-04-30,3216.74000000,3250.95000000,2921.00000000,3014.05000000,561717.48660000,1710124473.49570300,1292873
1714521600000,2024-05-01,3014.04000000,3023.24000000,2817.00000000,2972.46000000,624963.77730000,1827523436.86029300,1365039
1714608000000,2024-05-02,2972.46000000,3016.72000000,2893.26000000,2986.19000000,365939.71910000,1084862887.84794300,880167
1714694400000,2024-05-03,2986.19000000,3126.99000000,2958.32000000,3102.61000000,355825.83910000,1081409861.15412300,859542
1714780800000,2024-05-04,3102.61000000,3168.00000000,3092.85000000,3117.23000000,196263.94880000,613297368.10061800,575026
1714867200000,2024-05-05,3117.24000000,3171.93000000,3072.99000000,3136.41000000,218760.26620000,684143592.81457900,600693
1714953600000,2024-05-06,3136.40000000,3221.40000000,3046.35000000,3062.60000000,355135.30270000,1111315631.57641400,873200
1715040000000,2024-05-07,3062.59000000,3129.85000000,2998.00000000,3005.69000000,298796.68290000,917252045.68820300,815246
1715126400000,2024-05-08,3005.69000000,3038.15000000,2936.48000000,2974.21000000,266934.81250000,800460076.63566700,830635
1715212800000,2024-05-09,2974.20000000,3059.00000000,2950.77000000,3036.23000000,238561.74620000,715090822.07620500,686147
1715299200000,2024-05-10,3036.24000000,3053.89000000,2878.03000000,2909.99000000,327855.87580000,972264869.49205000,891040
1715385600000,2024-05-11,2909.98000000,2945.67000000,2886.46000000,2912.45000000,138163.10870000,402989065.56622900,466357
1715472000000,2024-05-12,2912.45000000,2955.20000000,2901.17000000,2929.29000000,107670.63230000,315212004.62252900,367990
1715558400000,2024-05-13,2929.30000000,2996.40000000,2864.76000000,2950.99000000,368664.76480000,1083553488.62321200,925017
1715644800000,2024-05-14,2950.99000000,2960.60000000,2862.00000000,2881.93000000,269675.30370000,783471918.25466600,617845
1715731200000,2024-05-15,2881.93000000,3041.36000000,2863.75000000,3032.55000000,350254.31880000,1036063008.59966000,760817
1715817600000,2024-05-16,3032.55000000,3041.24000000,2922.80000000,2944.70000000,293874.15130000,876706595.65802700,575271
1715904000000,2024-05-17,2944.70000000,3120.00000000,2933.06000000,3092.01000000,357724.77310000,1088374622.99119300,754274
1715990400000,2024-05-18,3092.00000000,3146.98000000,3083.61000000,3122.94000000,199976.54560000,622730956.33774800,527531
1716076800000,2024-05-19,3122.94000000,3136.64000000,3053.38000000,3071.19000000,166145.01020000,513790068.69183000,470419
1716163200000,2024-05-20,3071.20000000,3694.00000000,3047.67000000,3661.78000000,847107.88280000,2853349713.67270100,2226153
1716249600000,2024-05-21,3661.79000000,3841.54000000,3624.28000000,3789.60000000,952437.26940000,3557244460.36325800,2204702
1716336000000,2024-05-22,3789.59000000,3813.69000000,3653.15000000,3737.73000000,574938.30990000,2151256432.12026000,1339940
1716422400000,2024-05-23,3737.72000000,3949.29000000,3498.00000000,3783.61000000,1127866.07600000,4283549690.44118100,2682768
1716508800000,2024-05-24,3783.60000000,3829.61000000,3626.10000000,3728.28000000,479418.43180000,1782983862.21296700,1159074
1716595200000,2024-05-25,3728.28000000,3779.43000000,3709.03000000,3749.26000000,158711.89920000,594438275.80513700,503711
1716681600000,2024-05-26,3749.25000000,3884.20000000,3731.17000000,3826.47000000,292208.29370000,1115661431.00739700,697286
1716768000000,2024-05-27,3826.47000000,3977.00000000,3823.37000000,3894.22000000,363717.64730000,1424169372.46594600,971964
1716854400000,2024-05-28,3894.21000000,3931.09000000,3773.90000000,3844.69000000,416249.83440000,1605074794.24835400,941338
1716940800000,2024-05-29,3844.69000000,3888.55000000,3742.59000000,3767.43000000,334759.63480000,1274087642.07224300,883401
1717027200000,2024-05-30,3767.44000000,3825.35000000,3702.58000000,3747.91000000,277034.28940000,1042146006.39132000,765716
1717113600000,2024-05-31,3747.90000000,3849.94000000,3723.75000000,3762.29000000,273406.76600000,1032174005.21667600,680329
1717200000000,2024-06-01,3762.29000000,3833.30000000,3752.67000000,3815.82000000,132687.20060000,503500622.83785600,399377
1717286400000,2024-06-02,3815.82000000,3838.59000000,3752.62000000,3780.91000000,210295.44070000,798100737.66375700,579563
1717372800000,2024-06-03,3780.92000000,3849.99000000,3758.43000000,3767.06000000,248848.70200000,946239636.29637100,648868
1717459200000,2024-06-04,3767.07000000,3831.65000000,3730.00000000,3810.23000000,232063.74680000,878533930.59989000,568514
1717545600000,2024-06-05,3810.23000000,3887.47000000,3777.33000000,3865.99000000,273738.60350000,1046373693.42242900,645836
1717632000000,2024-06-06,3866.00000000,3878.60000000,3760.00000000,3813.46000000,237504.19050000,910751773.18159200,525050
1717718400000,2024-06-07,3813.47000000,3841.39000000,3600.00000000,3678.32000000,362223.35940000,1352307567.23834900,894006
1717804800000,2024-06-08,3678.31000000,3709.50000000,3660.08000000,3681.57000000,140550.83940000,518118534.03992200,364485
1717891200000,2024-06-09,3681.58000000,3721.52000000,3666.36000000,3706.40000000,103451.10200000,381854484.95566000,287960
1717977600000,2024-06-10,3706.40000000,3713.67000000,3642.74000000,3667.85000000,156363.18460000,575211243.30527000,391165
1718064000000,2024-06-11,3667.85000000,3673.00000000,3432.00000000,3497.33000000,439568.59780000,1552225947.17115500,1036229
1718150400000,2024-06-12,3497.33000000,3659.01000000,3462.07000000,3560.12000000,387043.77400000,1384558593.85822000,850527
1718236800000,2024-06-13,3560.13000000,3561.65000000,3428.00000000,3469.40000000,300230.82990000,1048214494.75108000,696369
1718323200000,2024-06-14,3469.40000000,3532.61000000,3362.26000000,3481.80000000,322316.42140000,1116570671.84894500,746613
1718409600000,2024-06-15,3481.80000000,3594.39000000,3473.10000000,3568.74000000,246649.58940000,873576137.27908000,500773
1718496000000,2024-06-16,3568.75000000,3653.79000000,3541.05000000,3624.41000000,149839.98200000,537492821.64342800,417858
1718582400000,2024-06-17,3624.41000000,3638.37000000,3463.39000000,3511.46000000,337805.64020000,1196162530.91905300,774085
1718668800000,2024-06-18,3511.47000000,3517.20000000,3355.00000000,3483.42000000,449913.30140000,1541798882.41169500,1062807
1718755200000,2024-06-19,3483.42000000,3590.01000000,3465.65000000,3560.51000000,321500.00270000,1138419054.65292700,712501
1718841600000,2024-06-20,3560.51000000,3625.96000000,3486.00000000,3513.08000000,329117.84530000,1170597741.25786900,743896
1718928000000,2024-06-21,3513.08000000,3547.55000000,3446.82000000,3518.50000000,342155.10200000,1197095546.23396300,746361
1719014400000,2024-06-22,3518.50000000,3521.19000000,3475.09000000,3495.75000000,115774.61570000,405045499.42158200,315684
1719100800000,2024-06-23,3495.76000000,3521.45000000,3406.38000000,3420.91000000,133411.43040000,463204539.05644000,338679
1719187200000,2024-06-24,3420.91000000,3435.76000000,3240.00000000,3352.73000000,543370.42290000,1807046957.96521900,1222789
1719273600000,2024-06-25,3352.74000000,3430.88000000,3336.76000000,3394.91000000,240036.22360000,812730026.84420000,654302
1719360000000,2024-06-26,3394.91000000,3426.75000000,3325.01000000,3371.44000000,206949.34180000,699375819.27612800,518727
1719446400000,2024-06-27,3371.77000000,3477.00000000,3361.74000000,3450.44000000,201041.66090000,687897292.14541400,530697
1719532800000,2024-06-28,3450.44000000,3487.70000000,3365.22000000,3380.15000000,221634.34350000,760116781.02950800,934561
1719619200000,2024-06-29,3380.15000000,3408.32000000,3371.86000000,3378.80000000,88329.76510000,299468173.24571800,365755
1719705600000,2024-06-30,3378.80000000,3460.00000000,3352.66000000,3438.16000000,141221.61850000,480491273.12148200,557070
1719792000000,2024-07-01,3438.16000000,3524.94000000,3423.78000000,3442.20000000,224273.21220000,780112100.20822300,854102
1719878400000,2024-07-02,3442.20000000,3464.12000000,3402.00000000,3421.35000000,137932.70140000,473853655.52232200,623720
1719964800000,2024-07-03,3421.35000000,3432.10000000,3251.00000000,3295.48000000,310408.45100000,1031040642.94824500,1378502
1720051200000,2024-07-04,3295.49000000,3313.45000000,3050.34000000,3059.70000000,450402.56920000,1425360058.27939900,1898898
1720137600000,2024-07-05,3059.70000000,3110.00000000,2810.00000000,2981.78000000,886994.37530000,2602693094.46338400,2967124
1720224000000,2024-07-06,2981.79000000,3081.78000000,2955.06000000,3066.83000000,214487.97130000,646245038.47514500,1055462
1720310400000,2024-07-07,3066.83000000,3073.08000000,2922.24000000,2931.00000000,179892.76120000,538755029.45987900,878707
1720396800000,2024-07-08,2930.99000000,3097.06000000,2822.80000000,3019.01000000,500445.01050000,1484924133.82865400,2222940
1720483200000,2024-07-09,3019.01000000,3115.20000000,3004.00000000,3066.65000000,280358.14240000,859567747.66392700,1377129
1720569600000,2024-07-10,3066.65000000,3151.51000000,3024.00000000,3101.05000000,270827.08440000,839730659.37295200,1296218
1720656000000,2024-07-11,3101.06000000,3217.24000000,3054.76000000,3099.57000000,289229.32000000,907129989.22209600,1413031
1720742400000,2024-07-12,3099.57000000,3157.89000000,3045.58000000,3133.88000000,185745.18250000,575599522.85066300,1094915
1720828800000,2024-07-13,3133.89000000,3201.80000000,3113.37000000,3175.93000000,119302.47690000,376336968.78329300,591291
1720915200000,2024-07-14,3175.93000000,3268.72000000,3163.67000000,3245.08000000,165430.77160000,530204017.16941100,792858
1721001600000,2024-07-15,3245.20000000,3493.63000000,3233.22000000,3483.39000000,314296.84520000,1058747637.28826600,1617276
1721088000000,2024-07-16,3483.20000000,3498.59000000,3346.55000000,3444.13000000,376128.78690000,1291412549.93776600,1636557
1721174400000,2024-07-17,3444.14000000,3517.00000000,3376.00000000,3387.05000000,297812.51620000,1029558208.63679400,1285615
1721260800000,2024-07-18,3387.05000000,3489.98000000,3367.20000000,3426.50000000,241950.34570000,829503482.76701200,1165443
1721347200000,2024-07-19,3426.49000000,3540.27000000,3377.00000000,3503.53000000,299511.64220000,1034724329.31929600,1262244
1721433600000,2024-07-20,3503.53000000,3539.65000000,3480.00000000,3517.50000000,147510.81650000,516504071.76519900,667108
1721520000000,2024-07-21,3517.50000000,3547.00000000,3411.40000000,3535.92000000,218890.96560000,764360242.60117400,961322
1721606400000,2024-07-22,3535.93000000,3562.82000000,3422.34000000,3439.60000000,207859.50430000,724117324.16912200,1069762
1721692800000,2024-07-23,3439.61000000,3541.00000000,3389.00000000,3482.51000000,500568.78110000,1737977523.02278600,1617621
1721779200000,2024-07-24,3482.51000000,3487.82000000,3300.00000000,3335.81000000,275479.05060000,940244066.49779700,980283
1721865600000,2024-07-25,3335.82000000,3342.50000000,3087.53000000,3175.48000000,494282.63980000,1570457188.18384000,2011527
1721952000000,2024-07-26,3175.47000000,3286.36000000,3171.00000000,3274.61000000,260237.46410000,844064770.72481800,1169246
1722038400000,2024-07-27,3274.60000000,3327.59000000,3191.01000000,3249.01000000,231991.90370000,757931406.54581500,1076809
1722124800000,2024-07-28,3249.00000000,3284.30000000,3198.11000000,3270.16000000,103529.83290000,336422802.72238300,682428
1722211200000,2024-07-29,3270.16000000,3396.77000000,3258.00000000,3317.66000000,318471.50550000,1061016180.07809800,1484898
1722297600000,2024-07-30,3317.66000000,3366.40000000,3233.18000000,3279.21000000,197277.16410000,652703227.79650700,1183239
1722384000000,2024-07-31,3279.20000000,3350.00000000,3213.75000000,3232.74000000,233711.33520000,769347274.94598800,1337992
1722470400000,2024-08-01,3232.74000000,3242.57000000,3080.02000000,3203.40000000,323285.61050000,1020921619.45247900,1835455
1722556800000,2024-08-02,3203.40000000,3218.60000000,2967.00000000,2989.61000000,385704.03950000,1185594927.51484300,2104725
1722643200000,2024-08-03,2989.61000000,3018.02000000,2859.00000000,2903.64000000,344595.31570000,1013020792.75208300,1798017
1722729600000,2024-08-04,2903.65000000,2935.46000000,2630.00000000,2688.92000000,512064.26120000,1426784556.44274300,2184760
1722816000000,2024-08-05,2688.91000000,2697.44000000,2111.00000000,2419.59000000,2670604.10030000,6243689817.19261800,7064159
1722902400000,2024-08-06,2419.76000000,2556.23000000,2414.19000000,2461.33000000,642283.80380000,1601879002.76912300,2870150
1722988800000,2024-08-07,2461.33000000,2551.32000000,2309.04000000,2342.80000000,630115.42280000,1537271441.49575900,2370148
1723075200000,2024-08-08,2342.79000000,2724.10000000,2320.40000000,2682.50000000,586502.87540000,1474101815.46942400,2112663
1723161600000,2024-08-09,2682.50000000,2707.98000000,2552.61000000,2598.78000000,406739.96110000,1069628608.09830500,1710060
1723248000000,2024-08-10,2598.79000000,2644.70000000,2576.49000000,2609.92000000,171012.36190000,446695039.69273400,758863
1723334400000,2024-08-11,2609.92000000,2720.00000000,2540.00000000,2555.38000000,297098.91450000,780682452.75452000,1217650
1723420800000,2024-08-12,2555.38000000,2750.00000000,2510.05000000,2722.30000000,483414.25060000,1275788778.66051800,1915621
1723507200000,2024-08-13,2722.30000000,2738.40000000,2611.37000000,2702.44000000,325668.69640000,872886595.98851800,1547949
1723593600000,2024-08-14,2702.44000000,2780.00000000,2632.20000000,2661.45000000,338808.71410000,914805683.89824400,1503315
1723680000000,2024-08-15,2661.45000000,2675.60000000,2515.71000000,2569.89000000,356546.80590000,927491377.06139800,1761529
1723766400000,2024-08-16,2569.90000000,2630.97000000,2550.04000000,2592.73000000,270684.13730000,702631292.53493100,1602311
1723852800000,2024-08-17,2592.72000000,2629.69000000,2587.50000000,2614.51000000,89348.67600000,232787181.52592400,543278
1723939200000,2024-08-18,2614.51000000,2689.16000000,2594.53000000,2612.15000000,174074.05850000,459975824.15432300,836384
1724025600000,2024-08-19,2612.15000000,2648.08000000,2563.58000000,2636.36000000,224867.13360000,585578272.44348200,1156033
1724112000000,2024-08-20,2636.36000000,2695.00000000,2555.00000000,2572.82000000,281315.87510000,738361057.60213400,1303349
1724198400000,2024-08-21,2572.81000000,2663.74000000,2536.22000000,2630.71000000,245286.62180000,638338169.86214400,1420421
1724284800000,2024-08-22,2630.71000000,2644.69000000,2584.20000000,2622.88000000,199063.11960000,521285357.08642300,1064195
1724371200000,2024-08-23,2622.89000000,2799.13000000,2621.40000000,2762.48000000,401786.44470000,1082989033.02354700,1747686
1724457600000,2024-08-24,2762.49000000,2820.00000000,2731.26000000,2768.00000000,263542.94410000,730370481.13812200,1133872
1724544000000,2024-08-25,2768.01000000,2792.28000000,2733.21000000,2746.13000000,154527.23520000,426733399.32663600,1047985
1724630400000,2024-08-26,2746.12000000,2762.00000000,2666.66000000,2680.49000000,211708.12470000,575695656.47717900,1453833
1724716800000,2024-08-27,2680.49000000,2699.98000000,2392.96000000,2457.33000000,412660.71970000,1058769621.89210300,1898416
1724803200000,2024-08-28,2457.33000000,2554.60000000,2418.80000000,2528.33000000,451266.63400000,1124304892.42379500,2272721
1724889600000,2024-08-29,2528.33000000,2595.40000000,2505.88000000,2527.61000000,237002.96320000,603867504.22594900,1455668
1724976000000,2024-08-30,2527.60000000,2552.17000000,2431.14000000,2526.00000000,338379.19410000,845015735.14941100,1735497
1725062400000,2024-08-31,2525.99000000,2533.95000000,2491.92000000,2513.01000000,97946.11470000,246514334.07653000,702529
1725148800000,2024-09-01,2513.00000000,2516.28000000,2400.00000000,2425.72000000,223127.77600000,550299930.15344900,1357443
1725235200000,2024-09-02,2425.71000000,2564.83000000,2423.52000000,2538.01000000,262632.83850000,654854126.19511100,1452334
1725321600000,2024-09-03,2538.00000000,2553.60000000,2411.12000000,2425.29000000,224793.12990000,556674703.35234100,1272909
1725408000000,2024-09-04,2425.28000000,2490.00000000,2306.65000000,2450.71000000,384179.38540000,921640300.67465400,2002621
1725494400000,2024-09-05,2450.71000000,2466.00000000,2348.04000000,2368.81000000,278549.09690000,667044058.82643400,1862353
1725580800000,2024-09-06,2368.81000000,2408.83000000,2150.55000000,2225.23000000,643027.11100000,1467265008.06349300,2980066
1725667200000,2024-09-07,2225.24000000,2311.27000000,2220.98000000,2273.58000000,219453.20760000,498662894.23097500,982698
1725753600000,2024-09-08,2273.58000000,2333.58000000,2240.94000000,2297.30000000,192775.64930000,440447734.82637300,976672
1725840000000,2024-09-09,2297.30000000,2381.41000000,2272.80000000,2359.50000000,321698.99000000,747001776.04653600,1761692
1725926400000,2024-09-10,2359.51000000,2400.00000000,2320.41000000,2388.52000000,224382.17290000,528411566.91970200,1210860
1726012800000,2024-09-11,2388.52000000,2389.32000000,2277.68000000,2340.55000000,282898.31250000,659291892.32673100,1530070
1726099200000,2024-09-12,2340.54000000,2391.93000000,2315.39000000,2361.76000000,202611.13080000,476749201.76441900,1093596
1726185600000,2024-09-13,2361.75000000,2464.82000000,2337.35000000,2439.19000000,253888.61600000,607650210.70286200,1458878
1726272000000,2024-09-14,2439.19000000,2440.60000000,2376.72000000,2417.79000000,122931.23020000,296990460.13007800,754834
1726358400000,2024-09-15,2417.80000000,2430.32000000,2283.75000000,2316.10000000,174364.19460000,413278017.27632400,1058493
1726444800000,2024-09-16,2316.09000000,2335.70000000,2252.39000000,2295.68000000,330555.23200000,756718235.68223400,2102319
1726531200000,2024-09-17,2295.67000000,2393.63000000,2263.29000000,2341.80000000,274206.25880000,640307796.59404200,1813524
1726617600000,2024-09-18,2341.79000000,2376.14000000,2277.34000000,2374.75000000,292917.60080000,679856751.17105300,2555639
1726704000000,2024-09-19,2374.74000000,2494.95000000,2372.60000000,2465.21000000,326746.03200000,794820680.99505400,2862096
1726790400000,2024-09-20,2465.21000000,2571.93000000,2437.31000000,2561.40000000,340754.59120000,864016608.11556300,3241249
1726876800000,2024-09-21,2561.40000000,2623.34000000,2528.97000000,2612.40000000,154757.87730000,396953470.51763100,1425778
1726963200000,2024-09-22,2612.40000000,2632.57000000,2524.58000000,2581.00000000,214266.32570000,553059849.55339900,2067811
1727049600000,2024-09-23,2580.99000000,2702.82000000,2539.49000000,2646.97000000,333282.01490000,883518257.19940700,3492404
1727136000000,2024-09-24,2646.98000000,2670.96000000,2591.56000000,2653.20000000,288600.04020000,760159619.98153400,2730471
1727222400000,2024-09-25,2653.20000000,2673.50000000,2554.05000000,2579.95000000,220343.42930000,576100924.71154600,2446589
1727308800000,2024-09-26,2580.09000000,2666.22000000,2559.20000000,2632.26000000,278686.35730000,731881168.91669500,2897463
1727395200000,2024-09-27,2632.25000000,2728.60000000,2615.21000000,2694.43000000,281826.97920000,753233859.35867200,2599262
1727481600000,2024-09-28,2694.43000000,2704.35000000,2650.00000000,2675.21000000,137230.03420000,367299958.06267600,1192804
1727568000000,2024-09-29,2675.21000000,2683.70000000,2629.73000000,2657.62000000,160554.31460000,426486288.27627700,1417045
1727654400000,2024-09-30,2657.62000000,2663.50000000,2575.00000000,2602.23000000,282475.79610000,738997897.57908500,2684395
1727740800000,2024-10-01,2602.24000000,2659.00000000,2414.00000000,2447.79000000,502828.68040000,1275068045.81654800,4525442
1727827200000,2024-10-02,2447.78000000,2499.00000000,2352.00000000,2364.10000000,317484.73500000,772815459.36655100,4299369
1727913600000,2024-10-03,2364.09000000,2403.38000000,2310.00000000,2349.80000000,314635.92630000,739732809.48188700,4096011
1728000000000,2024-10-04,2349.80000000,2441.64000000,2339.15000000,2414.41000000,239383.01700000,572627417.10536900,2556302
1728086400000,2024-10-05,2414.41000000,2428.23000000,2390.05000000,2414.66000000,103740.23160000,250133597.68832200,1147501
1728172800000,2024-10-06,2414.66000000,2457.80000000,2407.00000000,2440.03000000,105752.70960000,257213775.45288000,1097106
1728259200000,2024-10-07,2440.02000000,2521.00000000,2403.00000000,2422.71000000,300459.54070000,742163736.96691100,3081333
1728345600000,2024-10-08,2422.70000000,2466.66000000,2401.18000000,2440.89000000,201358.33120000,490043095.02496200,2240640
1728432000000,2024-10-09,2440.88000000,2473.61000000,2351.42000000,2370.47000000,242082.27250000,586469983.39352700,2569883
1728518400000,2024-10-10,2370.47000000,2421.36000000,2330.66000000,2386.49000000,257862.96190000,614182044.94953600,2734517
1728604800000,2024-10-11,2386.49000000,2471.45000000,2381.86000000,2439.50000000,235441.21970000,572065403.74189800,1913115
1728691200000,2024-10-12,2439.49000000,2490.51000000,2434.35000000,2476.40000000,139637.50620000,343538957.82022800,1058123
1728777600000,2024-10-13,2476.40000000,2484.92000000,2436.40000000,2468.91000000,120022.81790000,295322793.08412500,1032905
1728864000000,2024-10-14,2468.92000000,2654.00000000,2443.39000000,2629.79000000,435900.16190000,1119084230.80793800,2715025
1728950400000,2024-10-15,2629.79000000,2688.60000000,2537.36000000,2607.41000000,416285.66630000,1083630113.13970700,3306565
1729036800000,2024-10-16,2607.41000000,2647.79000000,2588.67000000,2611.10000000,260322.42420000,681342662.41857000,2813136
1729123200000,2024-10-17,2611.10000000,2648.37000000,2575.40000000,2605.80000000,221624.54340000,579597649.92940300,2543113
1729209600000,2024-10-18,2605.79000000,2675.58000000,2596.49000000,2642.17000000,292444.11530000,771232214.93516400,2835054
1729296000000,2024-10-19,2642.17000000,2663.49000000,2631.02000000,2648.20000000,105413.76460000,278723129.15789400,1145594
1729382400000,2024-10-20,2648.20000000,2759.00000000,2635.54000000,2746.91000000,256910.74480000,692550694.44162900,2274845
1729468800000,2024-10-21,2746.91000000,2769.48000000,2655.01000000,2666.70000000,310674.72320000,839718870.96762100,2526347
1729555200000,2024-10-22,2666.71000000,2671.92000000,2606.56000000,2622.81000000,265747.71300000,699818031.28854000,2153796
1729641600000,2024-10-23,2622.81000000,2628.20000000,2450.00000000,2524.61000000,352647.70860000,897683017.74016800,2642127
1729728000000,2024-10-24,2524.60000000,2562.65000000,2507.31000000,2535.82000000,290851.78420000,737665762.66614700,2252562
1729814400000,2024-10-25,2535.82000000,2566.33000000,2382.59000000,2440.62000000,514799.88220000,1282541014.46980300,3741205
1729900800000,2024-10-26,2440.63000000,2508.00000000,2430.12000000,2482.51000000,248724.83130000,612908876.73898300,1985542
1729987200000,2024-10-27,2482.51000000,2527.99000000,2464.13000000,2507.80000000,137580.88360000,342704461.29822200,1337190
1730073600000,2024-10-28,2507.80000000,2589.67000000,2471.67000000,2567.48000000,360605.32700000,910015100.83083700,2847523
1730160000000,2024-10-29,2567.49000000,2681.86000000,2561.20000000,2638.80000000,451915.70250000,1187541746.02171500,3690029
1730246400000,2024-10-30,2638.80000000,2722.30000000,2599.66000000,2659.19000000,460627.12600000,1230352880.14265500,3700127
1730332800000,2024-10-31,2659.19000000,2669.00000000,2503.00000000,2518.61000000,403427.20170000,1042550364.39079100,3391343
1730419200000,2024-11-01,2518.61000000,2586.80000000,2467.67000000,2511.49000000,430249.10730000,1084316033.71191500,3614843
1730505600000,2024-11-02,2511.49000000,2523.45000000,2470.00000000,2494.23000000,145961.13000000,364240307.89237700,1228028
1730592000000,2024-11-03,2494.23000000,2496.39000000,2411.00000000,2457.73000000,276009.11970000,675516839.24615800,2569553
1730678400000,2024-11-04,2457.73000000,2491.39000000,2357.59000000,2398.21000000,306316.96450000,745000696.54959400,3066552
1730764800000,2024-11-05,2398.21000000,2480.00000000,2380.74000000,2422.55000000,331619.25450000,807964220.38260700,2878817
1730851200000,2024-11-06,2422.60000000,2744.70000000,2420.30000000,2721.87000000,1002141.36180000,2613263657.61569000,5557031
1730937600000,2024-11-07,2721.88000000,2916.11000000,2699.49000000,2895.47000000,730845.95240000,2069602523.37207700,5380366
1731024000000,2024-11-08,2895.47000000,2981.69000000,2886.40000000,2961.75000000,568864.43500000,1664276186.36745700,4290252
1731110400000,2024-11-09,2961.75000000,3157.40000000,2953.71000000,3126.21000000,526719.42120000,1602480049.88551400,3681905
1731196800000,2024-11-10,3126.20000000,3248.52000000,3069.00000000,3183.21000000,865536.73220000,2751696491.35327300,6072418
1731283200000,2024-11-11,3183.20000000,3387.61000000,3105.00000000,3371.59000000,1000093.96640000,3248336095.35783400,7802397
1731369600000,2024-11-12,3371.59000000,3442.50000000,3207.67000000,3243.80000000,973215.72850000,3215515065.96685000,7073014
1731456000000,2024-11-13,3243.79000000,3331.00000000,3116.69000000,3187.16000000,919686.37470000,2958494366.71914000,9753402
1731542400000,2024-11-14,3187.16000000,3240.40000000,3028.56000000,3058.82000000,605780.66620000,1909266330.68371800,6204964
1731628800000,2024-11-15,3058.81000000,3131.06000000,3014.50000000,3090.01000000,519623.63170000,1593247701.28904900,6118576
1731715200000,2024-11-16,3090.01000000,3219.97000000,3072.00000000,3132.87000000,423639.15730000,1332892680.48503800,5079843
1731801600000,2024-11-17,3132.88000000,3162.11000000,3034.99000000,3076.00000000,449818.95750000,1393762559.89606500,5832635
1731888000000,2024-11-18,3075.99000000,3224.94000000,3050.01000000,3207.80000000,640658.43570000,2006111259.65758600,6541040
1731974400000,2024-11-19,3207.81000000,3221.20000000,3065.40000000,3107.44000000,500112.01940000,1561642778.41815400,5163295
1732060800000,2024-11-20,3107.45000000,3159.20000000,3029.41000000,3069.97000000,503607.83360000,1559041767.18546400,6338828
1732147200000,2024-11-21,3069.97000000,3386.73000000,3032.59000000,3355.81000000,974923.30350000,3167224819.41876900,8227428
1732233600000,2024-11-22,3355.88000000,3425.92000000,3257.54000000,3327.78000000,603273.70930000,2008464564.86167400,7141711
1732320000000,2024-11-23,3327.78000000,3497.51000000,3312.72000000,3393.91000000,721024.00090000,2449223191.45451700,6790558
1732406400000,2024-11-24,3393.91000000,3450.00000000,3281.40000000,3361.20000000,479098.09210000,1608242778.28287200,5919258
1732492800000,2024-11-25,3361.21000000,3546.66000000,3300.01000000,3414.49000000,949330.37000000,3272920810.05731100,9876856
1732579200000,2024-11-26,3414.49000000,3462.49000000,3252.00000000,3324.73000000,672367.15030000,2252619301.96427400,7269605
1732665600000,2024-11-27,3324.74000000,3684.92000000,3302.40000000,3653.28000000,754573.64850000,2640023089.76093500,6392173
1732752000000,2024-11-28,3653.27000000,3661.92000000,3529.76000000,3578.79000000,560976.42500000,2014252549.70202200,5393261
1732838400000,2024-11-29,3578.80000000,3647.98000000,3534.28000000,3592.21000000,425493.24490000,1525999121.81963900,4240304
1732924800000,2024-11-30,3592.22000000,3738.98000000,3568.40000000,3703.60000000,503684.74850000,1849683070.29735000,4641849
1733011200000,2024-12-01,3703.59000000,3746.80000000,3659.20000000,3707.61000000,429089.26330000,1589850114.02591500,3667910
1733097600000,2024-12-02,3707.61000000,3760.00000000,3554.32000000,3643.42000000,737130.56900000,2685285591.84536500,6825848
1733184000000,2024-12-03,3643.43000000,3670.00000000,3500.00000000,3614.51000000,678400.20320000,2439869839.02902100,5200407
1733270400000,2024-12-04,3614.51000000,3887.24000000,3614.51000000,3837.80000000,968744.03990000,3638907449.55176100,8222722
1733356800000,2024-12-05,3837.80000000,3956.00000000,3677.00000000,3785.20000000,946493.27600000,3653558567.75371200,8753645
1733443200000,2024-12-06,3785.21000000,4087.73000000,3777.26000000,3998.87000000,803855.11460000,3174080080.14619300,6677199
1733529600000,2024-12-07,3998.87000000,4024.46000000,3968.00000000,3996.22000000,283920.02000000,1134418058.86617300,2721543
1733616000000,2024-12-08,3996.22000000,4015.58000000,3923.50000000,4004.15000000,251362.16850000,1000371580.63835900,2614587
1733702400000,2024-12-09,4004.15000000,4006.17000000,3509.00000000,3712.00000000,939642.20010000,3566495804.12810500,8331026
1733788800000,2024-12-10,3712.00000000,3780.76000000,3515.89000000,3628.25000000,942206.03370000,3443114495.27366400,10461668
1733875200000,2024-12-11,3628.24000000,3848.64000000,3562.34000000,3831.81000000,461818.78010000,1722223536.87817700,6195364
1733961600000,2024-12-12,3831.82000000,3987.41000000,3796.80000000,3881.61000000,572098.63430000,2239803483.57660700,7005239
1734048000000,2024-12-13,3881.60000000,3968.47000000,3852.94000000,3906.80000000,387765.68730000,1516942852.28518100,5124578
1734134400000,2024-12-14,3906.80000000,3945.00000000,3825.03000000,3870.29000000,265538.94790000,1031595277.38733700,3407748
1734220800000,2024-12-15,3870.30000000,3974.61000000,3831.50000000,3959.09000000,253833.21410000,987865003.12754300,3637695
1734307200000,2024-12-16,3959.09000000,4107.80000000,3884.00000000,3986.24000000,673351.07230000,2686550997.11024500,7117624
1734393600000,2024-12-17,3986.24000000,4041.82000000,3847.96000000,3893.01000000,450825.98610000,1788532842.70075700,6874200
1734480000000,2024-12-18,3893.01000000,3907.19000000,3617.42000000,3626.80000000,722505.06180000,2735374632.73864100,6584244
1734566400000,2024-12-19,3626.80000000,3720.00000000,3326.80000000,3417.01000000,1078153.48510000,3807975330.68116200,6357638
1734652800000,2024-12-20,3417.01000000,3497.84000000,3101.90000000,3472.21000000,1332783.73100000,4421584295.58089900,7029546
1734739200000,2024-12-21,3472.20000000,3555.18000000,3293.11000000,3338.92000000,475275.82000000,1627460721.69215300,2732677
1734825600000,2024-12-22,3338.92000000,3403.00000000,3221.10000000,3281.83000000,361920.24950000,1201895225.01695200,2546556
1734912000000,2024-12-23,3281.83000000,3466.99000000,3216.97000000,3422.53000000,488253.41000000,1627069583.87868200,4032824
1734998400000,2024-12-24,3422.53000000,3539.65000000,3358.19000000,3493.18000000,315723.67630000,1087476459.25316300,2764397
1735084800000,2024-12-25,3493.17000000,3547.95000000,3440.93000000,3497.00000000,219846.04520000,766349902.71321700,2133099
1735171200000,2024-12-26,3497.00000000,3514.94000000,3304.63000000,3335.05000000,310170.17190000,1047464157.03218900,2543314
1735257600000,2024-12-27,3335.04000000,3444.16000000,3306.60000000,3333.51000000,342529.60380000,1152635224.26543900,3133395
1735344000000,2024-12-28,3333.51000000,3428.68000000,3322.23000000,3404.00000000,175963.61300000,592591876.17898600,1445334
1735430400000,2024-12-29,3404.01000000,3413.78000000,3326.17000000,3356.48000000,156256.88190000,527250656.14570400,1170497
1735516800000,2024-12-30,3356.48000000,3437.59000000,3305.00000000,3361.84000000,420794.64760000,1420731724.37256400,2700666
1735603200000,2024-12-31,3361.83000000,3451.00000000,3315.59000000,3337.78000000,303053.16850000,1024862944.04619100,2021786
1735689600000,2025-01-01,3337.78000000,3374.85000000,3313.88000000,3360.38000000,190238.58610000,636613395.69596500,1182219
1735776000000,2025-01-02,3360.39000000,3509.99000000,3354.50000000,3455.67000000,338632.88740000,1166286232.16288200,2373075
1735862400000,2025-01-03,3455.68000000,3630.00000000,3423.44000000,3609.01000000,334041.06040000,1179953901.10181400,2293811
1735948800000,2025-01-04,3609.00000000,3671.60000000,3572.42000000,3656.88000000,229266.31330000,829864804.85983700,1567855
1736035200000,2025-01-05,3656.88000000,3675.25000000,3593.70000000,3635.99000000,155444.17410000,564147572.80066900,1461192
1736121600000,2025-01-06,3636.00000000,3744.83000000,3610.63000000,3687.45000000,329642.36480000,1210642823.30206900,2753873
1736208000000,2025-01-07,3687.44000000,3700.86000000,3356.31000000,3381.31000000,541543.28740000,1899318756.15801600,3538701
1736294400000,2025-01-08,3381.31000000,3415.10000000,3208.20000000,3327.29000000,584749.96270000,1944382187.65665900,3766197
1736380800000,2025-01-09,3327.29000000,3357.27000000,3158.00000000,3219.20000000,501818.42470000,1638958679.71436800,3685889
1736467200000,2025-01-10,3219.20000000,3322.49000000,3193.97000000,3267.04000000,454142.13330000,1482940591.67198800,3199118
1736553600000,2025-01-11,3267.05000000,3320.18000000,3217.56000000,3282.83000000,151679.74870000,494933295.35826200,1208777
1736640000000,2025-01-12,3282.83000000,3300.00000000,3224.49000000,3267.30000000,164879.97090000,538751712.04578700,1151908
1736726400000,2025-01-13,3267.30000000,3339.00000000,2920.00000000,3137.51000000,845907.56690000,2614824635.15443900,4900248
1736812800000,2025-01-14,3137.51000000,3256.67000000,3125.65000000,3225.63000000,374308.45170000,1197715520.89902600,2446285
1736899200000,2025-01-15,3225.63000000,3473.75000000,3186.36000000,3451.52000000,464188.03400000,1537407357.36677100,2689488
1736985600000,2025-01-16,3451.51000000,3460.79000000,3265.44000000,3308.05000000,471282.67870000,1573512574.07485100,2667507
1737072000000,2025-01-17,3308.04000000,3525.72000000,3307.50000000,3473.63000000,518550.18130000,1773013467.30909300,3165882
1737158400000,2025-01-18,3473.64000000,3494.39000000,3227.00000000,3307.71000000,634197.12810000,2100633661.76441900,3931387
1737244800000,2025-01-19,3307.71000000,3448.99000000,3130.48000000,3215.12000000,1342301.52170000,4408659681.01233000,7064813
1737331200000,2025-01-20,3215.20000000,3453.69000000,3142.78000000,3284.00000000,1158354.78140000,3830020315.13160700,7137551
1737417600000,2025-01-21,3283.99000000,3368.00000000,3204.60000000,3327.54000000,548706.05130000,1802317579.66765900,3752957
1737504000000,2025-01-22,3327.55000000,3365.99000000,3222.85000000,3242.60000000,349240.74980000,1150648371.19655900,2187671
1737590400000,2025-01-23,3242.61000000,3347.97000000,3185.00000000,3338.21000000,605592.72250000,1965307923.08054700,3255920
1737676800000,2025-01-24,3338.22000000,3428.00000000,3275.90000000,3310.09000000,451524.27520000,1519379297.69096300,2793569
1737763200000,2025-01-25,3310.10000000,3350.68000000,3268.66000000,3318.77000000,208559.04150000,690383485.12544400,1456638
1737849600000,2025-01-26,3318.76000000,3362.00000000,3230.00000000,3232.61000000,272165.46900000,899291017.61337400,1416325
1737936000000,2025-01-27,3232.61000000,3253.91000000,3020.01000000,3182.44000000,753004.75290000,2349770569.70661100,4888504
1738022400000,2025-01-28,3182.44000000,3223.01000000,3040.03000000,3077.72000000,350959.71730000,1107001736.17500500,2936974
1738108800000,2025-01-29,3077.72000000,3182.52000000,3054.06000000,3113.90000000,409737.25760000,1278256645.74957000,3277369
1738195200000,2025-01-30,3113.90000000,3283.43000000,3091.06000000,3247.39000000,350639.48230000,1130886606.53968200,2410789
1738281600000,2025-01-31,3247.38000000,3437.31000000,3213.80000000,3300.99000000,648681.65610000,2158479814.33174300,3802893
1738368000000,2025-02-01,3300.99000000,3331.98000000,3101.70000000,3117.54000000,354065.25250000,1142845926.86590100,2900696
1738454400000,2025-02-02,3117.54000000,3163.20000000,2750.71000000,2869.68000000,1050805.93000000,3131430738.39175600,5974563
1738540800000,2025-02-03,2869.68000000,2921.00000000,2125.01000000,2879.90000000,2807979.02100000,7325488963.97464300,10550628
1738627200000,2025-02-04,2879.89000000,2888.50000000,2632.60000000,2731.19000000,1259594.39190000,3477670143.18934000,4767588
1738713600000,2025-02-05,2731.19000000,2826.95000000,2699.13000000,2788.25000000,686593.04290000,1897054238.49022300,3498289
1738800000000,2025-02-06,2788.25000000,2857.64000000,2655.28000000,2686.64000000,719459.95710000,1981674881.32211900,3805682
1738886400000,2025-02-07,2686.63000000,2797.50000000,2562.51000000,2622.10000000,695467.36120000,1875060380.33431200,3272698
1738972800000,2025-02-08,2622.11000000,2667.30000000,2588.80000000,2632.46000000,379685.15090000,996898803.98491500,1865406
1739059200000,2025-02-09,2632.46000000,2698.90000000,2520.02000000,2627.18000000,387166.79110000,1016386052.05048500,2319910
1739145600000,2025-02-10,2627.18000000,2693.79000000,2559.85000000,2661.19000000,398173.27160000,1051708232.55688000,2736600
1739232000000,2025-02-11,2661.19000000,2725.04000000,2558.24000000,2602.59000000,484196.14350000,1286091770.77380500,2776008
1739318400000,2025-02-12,2602.59000000,2795.45000000,2546.92000000,2738.27000000,646295.89590000,1705436939.53312700,4190060
1739404800000,2025-02-13,2738.27000000,2757.28000000,2612.76000000,2675.87000000,443769.28530000,1185301387.82442300,3213834
1739491200000,2025-02-14,2675.87000000,2791.78000000,2664.46000000,2725.95000000,419895.78620000,1142877818.04390300,2645594
1739577600000,2025-02-15,2725.95000000,2739.00000000,2662.28000000,2693.04000000,202971.42950000,548554180.22232300,1678502
1739664000000,2025-02-16,2693.04000000,2727.31000000,2651.26000000,2661.41000000,191231.53140000,514482095.17428300,1449884
1739750400000,2025-02-17,2661.41000000,2849.70000000,2637.71000000,2744.05000000,639739.81970000,1752388687.80560900,3881592
1739836800000,2025-02-18,2744.05000000,2756.93000000,2605.44000000,2671.99000000,604863.87370000,1616153629.01871700,3898156
1739923200000,2025-02-19,2672.00000000,2736.70000000,2656.03000000,2715.50000000,326154.02020000,882047186.13193300,2376004
1740009600000,2025-02-20,2715.51000000,2770.59000000,2707.18000000,2738.04000000,336735.25440000,921476439.35493700,2096063
1740096000000,2025-02-21,2738.04000000,2845.32000000,2616.72000000,2663.00000000,890440.06040000,2429306635.17723400,3872201
1740182400000,2025-02-22,2663.00000000,2798.07000000,2653.33000000,2763.22000000,444989.66690000,1214059511.89993500,2597168
1740268800000,2025-02-23,2763.23000000,2857.34000000,2745.41000000,2819.69000000,611002.12220000,1711849865.81904600,2796506
1740355200000,2025-02-24,2819.70000000,2839.95000000,2470.33000000,2513.52000000,876876.37070000,2334572148.66195500,4737903
1740441600000,2025-02-25,2513.52000000,2533.49000000,2313.49000000,2495.70000000,1322016.87180000,3207776114.78246300,7076645
1740528000000,2025-02-26,2495.69000000,2507.50000000,2253.77000000,2336.37000000,863087.21330000,2059160287.05077300,5495972
1740614400000,2025-02-27,2336.38000000,2381.60000000,2230.57000000,2307.72000000,637583.91060000,1480849324.54064600,3906903
1740700800000,2025-02-28,2307.72000000,2314.18000000,2076.26000000,2237.59000000,1291539.05570000,2794546441.72688400,5708556
1740787200000,2025-03-01,2237.59000000,2281.14000000,2142.73000000,2217.39000000,446430.72710000,988941461.43036100,2511839
1740873600000,2025-03-02,2217.40000000,2550.58000000,2172.04000000,2518.11000000,1266684.77480000,3001215557.60368700,4977392
1740960000000,2025-03-03,2518.12000000,2523.56000000,2097.91000000,2149.01000000,1109565.20030000,2529346005.90948500,4969357
1741046400000,2025-03-04,2149.02000000,2221.88000000,1993.20000000,2171.51000000,1257822.33720000,2634485208.25977100,5856962
1741132800000,2025-03-05,2171.50000000,2273.51000000,2155.03000000,2241.59000000,687130.78970000,1514537132.80739300,3480893
1741219200000,2025-03-06,2241.59000000,2319.99000000,2176.90000000,2202.20000000,596908.39350000,1343407922.35918800,3304973
1741305600000,2025-03-07,2202.21000000,2258.47000000,2101.82000000,2141.60000000,782387.26060000,1698459492.23933000,4452265
1741392000000,2025-03-08,2141.60000000,2234.93000000,2105.06000000,2203.58000000,328793.09790000,714743022.41034700,2118806
1741478400000,2025-03-09,2203.57000000,2212.00000000,1989.66000000,2020.41000000,601671.58820000,1249766628.54494900,2791079
1741564800000,2025-03-10,2020.43000000,2152.40000000,1810.01000000,1865.10000000,1248745.35140000,2461512870.77077700,5261040
1741651200000,2025-03-11,1865.11000000,1963.20000000,1754.28000000,1923.43000000,1171427.99950000,2203451540.61138800,4578427
1741737600000,2025-03-12,1923.42000000,1960.00000000,1829.72000000,1908.20000000,788739.67630000,1494384669.01818000,3444921
1741824000000,2025-03-13,1908.20000000,1923.09000000,1821.81000000,1864.59000000,569537.26220000,1069629049.44307000,2688683
1741910400000,2025-03-14,1864.59000000,1945.64000000,1861.31000000,1911.65000000,375805.73550000,718122712.75367900,1728618
1741996800000,2025-03-15,1911.64000000,1957.19000000,1903.75000000,1937.17000000,209545.86750000,404571982.73839400,884429
1742083200000,2025-03-16,1937.18000000,1940.87000000,1860.38000000,1887.00000000,324766.65640000,616620264.89167500,1466585
1742169600000,2025-03-17,1887.01000000,1952.40000000,1879.98000000,1926.31000000,334840.48770000,641484974.27830700,1566024
1742256000000,2025-03-18,1926.30000000,1936.20000000,1872.31000000,1931.54000000,332896.01550000,632109997.55131100,1549810
1742342400000,2025-03-19,1931.54000000,2069.90000000,1927.58000000,2056.06000000,691809.50340000,1385193898.48161800,2614680
1742428800000,2025-03-20,2056.05000000,2067.90000000,1952.17000000,1983.79000000,401518.92820000,800851703.93756900,1885019
1742515200000,2025-03-21,1983.79000000,1996.73000000,1937.10000000,1965.75000000,262641.65900000,516587945.85855400,1470569
1742601600000,2025-03-22,1965.74000000,2006.61000000,1964.34000000,1980.69000000,170782.95740000,339679365.31931900,833146
1742688000000,2025-03-23,1980.68000000,2020.74000000,1976.81000000,2005.99000000,268707.52330000,537810044.75225100,973880
1742774400000,2025-03-24,2005.99000000,2104.11000000,1977.67000000,2081.20000000,477912.81540000,985984215.59453300,1804046
1742860800000,2025-03-25,2081.20000000,2097.70000000,2037.08000000,2066.15000000,328765.32920000,678919919.78074900,1398034
1742947200000,2025-03-26,2066.16000000,2079.21000000,1981.60000000,2009.52000000,428975.32860000,872757205.46664500,1468474
1743033600000,2025-03-27,2009.52000000,2037.38000000,1987.06000000,2003.66000000,360634.83830000,726385594.53475100,1394730
1743120000000,2025-03-28,2003.67000000,2015.93000000,1860.00000000,1896.90000000,626167.58320000,1197329354.05841500,2245087
1743206400000,2025-03-29,1896.90000000,1913.60000000,1797.20000000,1828.08000000,409769.75550000,758545295.87177900,1755638
1743292800000,2025-03-30,1828.09000000,1849.01000000,1767.69000000,1807.74000000,327843.44760000,595676639.88354800,1523210
1743379200000,2025-03-31,1807.74000000,1854.22000000,1776.75000000,1822.43000000,497854.90520000,904456573.01041500,2283021
1743465600000,2025-04-01,1822.43000000,1927.90000000,1817.88000000,1904.98000000,452989.09740000,851190042.27337700,2141608
1743552000000,2025-04-02,1904.98000000,1957.00000000,1781.53000000,1795.22000000,750840.78230000,1411539014.56212600,3408080
1743638400000,2025-04-03,1795.21000000,1845.26000000,1750.00000000,1817.23000000,508075.01800000,912214691.84003600,2579520
1743724800000,2025-04-04,1817.23000000,1835.68000000,1758.72000000,1816.87000000,572734.47020000,1030518559.14175400,2647730
1743811200000,2025-04-05,1816.88000000,1827.29000000,1764.39000000,1806.01000000,201716.26960000,362822603.99707900,861593
1743897600000,2025-04-06,1806.02000000,1817.00000000,1537.50000000,1580.76000000,979847.09580000,1621420911.80354200,3251935
1743984000000,2025-04-07,1580.77000000,1639.00000000,1411.01000000,1553.04000000,2168796.00670000,3314200223.32717800,5723226
1744070400000,2025-04-08,1553.04000000,1618.67000000,1441.30000000,1473.41000000,891846.13270000,1361139288.97793200,3369669
1744156800000,2025-04-09,1473.41000000,1689.00000000,1385.05000000,1669.51000000,1968530.91380000,2995077137.62664700,4723847
1744243200000,2025-04-10,1669.51000000,1669.85000000,1471.02000000,1522.25000000,911855.39340000,1425649915.89491900,3007121
1744329600000,2025-04-11,1522.24000000,1591.47000000,1504.63000000,1566.85000000,578484.31830000,901210974.60836300,2547292
1744416000000,2025-04-12,1566.85000000,1669.59000000,1546.06000000,1644.18000000,501867.90330000,813176435.31397300,2177800
1744502400000,2025-04-13,1644.19000000,1649.75000000,1562.01000000,1597.76000000,580136.61450000,931598664.29185500,2597350
1744588800000,2025-04-14,1597.76000000,1691.50000000,1595.56000000,1623.77000000,645930.14190000,1062426756.84963600,2975844
1744675200000,2025-04-15,1623.78000000,1661.21000000,1583.12000000,1588.78000000,476178.89150000,774210116.71062500,2283302
1744761600000,2025-04-16,1588.77000000,1613.66000000,1538.07000000,1577.14000000,611387.86860000,965271509.89318300,2645419
1744848000000,2025-04-17,1577.15000000,1616.96000000,1563.20000000,1583.62000000,449870.36280000,716711483.14334500,1871114
1744934400000,2025-04-18,1583.63000000,1600.64000000,1573.54000000,1588.60000000,200409.03590000,317931022.83947300,889028
1745020800000,2025-04-19,1588.60000000,1631.81000000,1585.01000000,1613.27000000,223096.38990000,358254845.71229400,1762563
1745107200000,2025-04-20,1613.26000000,1619.19000000,1565.59000000,1587.36000000,276052.23060000,438377495.97515200,1913811
1745193600000,2025-04-21,1587.36000000,1658.75000000,1564.07000000,1579.57000000,691486.66670000,1117358203.86859500,4257816
1745280000000,2025-04-22,1579.57000000,1778.00000000,1537.26000000,1756.26000000,1103036.95860000,1833852783.08012900,3841594
1745366400000,2025-04-23,1756.25000000,1834.86000000,1744.95000000,1795.07000000,887545.63160000,1590311895.51547700,3346263
1745452800000,2025-04-24,1795.08000000,1802.82000000,1722.90000000,1769.65000000,483465.03850000,851507192.04646000,2225460
1745539200000,2025-04-25,1769.64000000,1827.32000000,1738.60000000,1784.60000000,595610.88940000,1063192910.33905300,2516748
1745625600000,2025-04-26,1784.60000000,1841.16000000,1778.94000000,1820.88000000,355068.04420000,640645562.86521600,1907298
1745712000000,2025-04-27,1820.87000000,1857.47000000,1781.90000000,1791.29000000,340332.64350000,616122293.30825400,2405764
1745798400000,2025-04-28,1791.29000000,1827.98000000,1744.71000000,1799.88000000,587269.74300000,1049690759.15237400,2980656
1745884800000,2025-04-29,1799.88000000,1842.99000000,1780.47000000,1797.81000000,480456.38840000,871685371.74914200,2590967
1745971200000,2025-04-30,1797.81000000,1816.80000000,1731.70000000,1793.61000000,473523.98770000,843558998.32633200,2468998
1746057600000,2025-05-01,1793.62000000,1873.17000000,1792.52000000,1838.11000000,537198.72910000,988206595.82489200,2398765
1746144000000,2025-05-02,1838.10000000,1871.00000000,1813.00000000,1842.20000000,410667.87500000,755324594.31892100,2062923
1746230400000,2025-05-03,1842.20000000,1848.60000000,1810.00000000,1833.52000000,213751.59790000,391267436.33205700,1135719
1746316800000,2025-05-04,1833.52000000,1849.95000000,1803.00000000,1808.86000000,238254.35640000,435999576.56534900,1443996
1746403200000,2025-05-05,1808.86000000,1833.55000000,1781.85000000,1820.19000000,342341.00780000,619310042.70500000,1961255
1746489600000,2025-05-06,1820.19000000,1820.90000000,1752.00000000,1817.00000000,384584.24510000,687049952.31388500,2333041
1746576000000,2025-05-07,1817.00000000,1850.00000000,1787.01000000,1811.11000000,456170.07050000,831394497.73404300,2408512
1746662400000,2025-05-08,1811.11000000,2226.00000000,1808.71000000,2207.39000000,1473152.68600000,2976074419.32354100,5616063
1746748800000,2025-05-09,2207.39000000,2490.77000000,2184.33000000,2345.04000000,1667041.03820000,3881949928.35172300,6885286
1746835200000,2025-05-10,2345.04000000,2600.00000000,2317.00000000,2583.23000000,979350.16060000,2393510879.66520500,4862978
1746921600000,2025-05-11,2583.22000000,2608.13000000,2435.51000000,2514.57000000,831584.38880000,2087255708.68951200,4340859
1747008000000,2025-05-12,2514.58000000,2624.00000000,2406.63000000,2495.47000000,1068680.94330000,2694150708.64276100,5441783
1747094400000,2025-05-13,2495.48000000,2738.50000000,2415.30000000,2679.71000000,1031355.64650000,2653880363.30538100,4666012
1747180800000,2025-05-14,2679.71000000,2725.99000000,2547.26000000,2609.74000000,830047.11220000,2183890526.34022800,4181188
1747267200000,2025-05-15,2609.75000000,2647.03000000,2476.03000000,2548.69000000,768954.03320000,1963827790.23660200,4305508
1747353600000,2025-05-16,2548.70000000,2649.31000000,2529.40000000,2537.12000000,605953.69190000,1568128704.04634500,3310498
1747440000000,2025-05-17,2537.13000000,2538.16000000,2446.42000000,2475.08000000,494333.27820000,1227578098.31878000,2950197
1747526400000,2025-05-18,2475.09000000,2587.61000000,2323.21000000,2497.78000000,810103.18510000,2001441345.43429700,3416878
1747612800000,2025-05-19,2497.78000000,2547.36000000,2348.38000000,2528.14000000,861747.52300000,2109843607.57332400,4757453
1747699200000,2025-05-20,2528.14000000,2588.63000000,2442.40000000,2524.19000000,676989.17470000,1703522806.13044900,3816684
1747785600000,2025-05-21,2524.19000000,2615.95000000,2452.20000000,2550.99000000,1095890.29020000,2780015740.83286100,5568312
1747872000000,2025-05-22,2551.00000000,2692.99000000,2544.83000000,2664.82000000,852555.66690000,2246807632.74527100,5196535
1747958400000,2025-05-23,2664.83000000,2734.23000000,2498.30000000,2526.50000000,971442.45320000,2537338702.61574200,5450420
1748044800000,2025-05-24,2526.49000000,2575.85000000,2515.08000000,2530.40000000,257544.23440000,656038924.22051300,2090724
1748131200000,2025-05-25,2530.41000000,2554.26000000,2463.00000000,2551.22000000,359890.02990000,901956598.72487400,2556052
1748217600000,2025-05-26,2551.22000000,2599.00000000,2525.86000000,2563.70000000,362971.11820000,929347758.92452700,2374458
1748304000000,2025-05-27,2563.70000000,2712.36000000,2509.46000000,2660.81000000,798430.88620000,2101748442.52487300,4017588
1748390400000,2025-05-28,2660.81000000,2689.14000000,2608.50000000,2681.60000000,560095.68330000,1480645502.35148400,3160462
1748476800000,2025-05-29,2681.61000000,2788.00000000,2619.05000000,2631.39000000,811567.25450000,2189640513.33957300,4254669
1748563200000,2025-05-30,2631.39000000,2649.23000000,2507.35000000,2531.34000000,763045.25640000,1976177953.87944200,4624552
1748649600000,2025-05-31,2531.35000000,2550.34000000,2475.33000000,2528.06000000,394537.25210000,994330383.17050800,2792146
1748736000000,2025-06-01,2528.06000000,2547.79000000,2468.56000000,2539.21000000,332021.70880000,834842712.27754100,2210246
1748822400000,2025-06-02,2539.20000000,2615.00000000,2475.00000000,2607.41000000,468889.97370000,1184963591.47166600,3239230
1748908800000,2025-06-03,2607.42000000,2655.38000000,2575.00000000,2593.36000000,454383.04390000,1188862077.10082500,3098351
1748995200000,2025-06-04,2593.35000000,2679.88000000,2583.50000000,2607.68000000,502494.82140000,1321537606.68494800,2754319
1749081600000,2025-06-05,2607.68000000,2640.86000000,2391.66000000,2414.01000000,808938.03440000,2047572739.90118600,4181206
1749168000000,2025-06-06,2414.02000000,2531.36000000,2381.49000000,2476.10000000,578843.49740000,1428256037.77595400,3246760
1749254400000,2025-06-07,2476.10000000,2544.36000000,2457.00000000,2524.63000000,264787.67430000,662320802.30528400,1587509
1749340800000,2025-06-08,2524.64000000,2548.63000000,2490.58000000,2509.83000000,266474.71390000,670516749.05965500,1401175
1749427200000,2025-06-09,2509.84000000,2693.99000000,2477.73000000,2680.13000000,568726.30250000,1458505754.33474000,2896758
1749513600000,2025-06-10,2680.13000000,2827.00000000,2655.61000000,2816.40000000,1138405.47750000,3115655145.47206800,5277581
1749600000000,2025-06-11,2816.41000000,2879.22000000,2743.75000000,2771.61000000,850210.93240000,2388186204.97776600,4906906
1749686400000,2025-06-12,2771.60000000,2784.83000000,2616.24000000,2642.65000000,699593.37570000,1905633561.09752800,4172997
1749772800000,2025-06-13,2642.66000000,2645.45000000,2436.98000000,2579.19000000,1202176.29720000,3033896895.56215400,6026303
1749859200000,2025-06-14,2579.19000000,2579.43000000,2488.72000000,2530.76000000,331438.92780000,838399986.46010700,1988958
1749945600000,2025-06-15,2530.77000000,2559.51000000,2492.00000000,2547.61000000,299701.66240000,758742736.76762300,1846489
1750032000000,2025-06-16,2547.62000000,2680.34000000,2514.85000000,2544.17000000,680429.98800000,1774646762.47170600,3434185
1750118400000,2025-06-17,2544.17000000,2618.60000000,2453.80000000,2509.95000000,715930.40810000,1815306987.09381600,4017130
1750204800000,2025-06-18,2509.95000000,2548.42000000,2465.78000000,2525.00000000,504532.18180000,1266177014.47092600,3243812
1750291200000,2025-06-19,2525.00000000,2546.91000000,2485.03000000,2521.12000000,252646.05900000,636251233.01039300,1667327
1750377600000,2025-06-20,2521.13000000,2569.00000000,2367.36000000,2406.49000000,632027.82350000,1559837109.18270900,3175602
1750464000000,2025-06-21,2406.49000000,2448.80000000,2216.00000000,2295.73000000,496783.86400000,1167664698.57864400,2825558
1750550400000,2025-06-22,2295.72000000,2314.48000000,2111.89000000,2227.70000000,840155.82950000,1865382440.30302800,5203723
1750636800000,2025-06-23,2227.70000000,2438.68000000,2188.00000000,2411.66000000,744583.80030000,1707539521.02711300,4477307
1750723200000,2025-06-24,2411.66000000,2482.04000000,2376.11000000,2448.45000000,516760.66210000,1252322606.09484200,3133356
1750809600000,2025-06-25,2448.46000000,2468.69000000,2389.69000000,2418.49000000,414894.73870000,1007574107.70643100,2776920
1750896000000,2025-06-26,2418.50000000,2520.92000000,2394.32000000,2415.96000000,463704.02610000,1138310757.58406500,2978926
1750982400000,2025-06-27,2415.96000000,2463.54000000,2382.53000000,2423.17000000,381474.76600000,927024811.54842000,2112477
1751068800000,2025-06-28,2423.17000000,2447.80000000,2405.81000000,2435.62000000,155814.98590000,378310903.94894800,855656
1751155200000,2025-06-29,2435.62000000,2525.00000000,2412.00000000,2500.09000000,284291.80570000,700329421.97683400,1370707
1751241600000,2025-06-30,2500.09000000,2524.30000000,2431.00000000,2485.47000000,440455.71400000,1093515997.92479700,2333352
1751328000000,2025-07-01,2485.47000000,2500.80000000,2386.52000000,2405.01000000,351951.08680000,858543228.33426400,1978858
1751414400000,2025-07-02,2405.01000000,2619.28000000,2373.00000000,2570.41000000,634967.03370000,1599878809.25388700,2717139
1751500800000,2025-07-03,2570.41000000,2635.50000000,2556.12000000,2591.25000000,504943.65920000,1308429372.97278500,2506227
1751587200000,2025-07-04,2591.26000000,2603.17000000,2474.24000000,2508.04000000,452593.02000000,1142275937.96820200,1980591
1751673600000,2025-07-05,2508.04000000,2529.81000000,2487.95000000,2516.41000000,157198.09580000,394906375.01776600,911950
1751760000000,2025-07-06,2516.42000000,2605.00000000,2503.50000000,2570.35000000,277593.63190000,707971625.07080200,1375995
1751846400000,2025-07-07,2570.35000000,2590.57000000,2512.00000000,2542.29000000,315707.52720000,805370144.47348500,1985043
1751932800000,2025-07-08,2542.30000000,2628.21000000,2523.59000000,2615.25000000,370915.73210000,957180096.78372700,1899797
1752019200000,2025-07-09,2615.25000000,2795.74000000,2589.78000000,2768.74000000,686119.37720000,1844561572.90659900,2997546
1752105600000,2025-07-10,2768.74000000,3000.00000000,2755.50000000,2951.29000000,951896.07000000,2707997922.26563800,4235042
1752192000000,2025-07-11,2951.29000000,3040.15000000,2913.75000000,2958.22000000,906839.16890000,2704484897.47172300,4434934
1752278400000,2025-07-12,2958.21000000,2979.78000000,2903.85000000,2943.28000000,348884.88770000,1027324169.83148200,1690700
1752364800000,2025-07-13,2943.29000000,3020.31000000,2936.49000000,2972.03000000,357333.50160000,1063507989.97740500,1778200
1752451200000,2025-07-14,2972.03000000,3083.00000000,2962.81000000,3013.62000000,815552.64960000,2470137078.01798600,3706161
1752537600000,2025-07-15,3013.61000000,3144.14000000,2932.46000000,3137.89000000,863583.73770000,2610352115.95314900,4317422
1752624000000,2025-07-16,3137.90000000,3425.00000000,3101.00000000,3371.35000000,1135950.58310000,3699155067.26826700,4381562
1752710400000,2025-07-17,3371.35000000,3523.44000000,3310.77000000,3476.87000000,974065.82640000,3331779733.25500400,5025581
1752796800000,2025-07-18,3476.88000000,3673.84000000,3458.68000000,3546.92000000,1163823.39770000,4180688128.22182400,5566028
1752883200000,2025-07-19,3546.92000000,3608.30000000,3506.79000000,3592.01000000,381791.92130000,1360031951.33707600,2217328
1752969600000,2025-07-20,3592.00000000,3824.56000000,3579.13000000,3756.69000000,852356.55330000,3170505338.40009500,3794627
1753056000000,2025-07-21,3756.69000000,3860.00000000,3701.01000000,3762.33000000,812074.05340000,3070256408.91971600,4156350
1753142400000,2025-07-22,3762.32000000,3798.65000000,3616.54000000,3746.21000000,870127.38640000,3216022611.72017900,4455526
1753228800000,2025-07-23,3746.21000000,3764.20000000,3527.00000000,3628.29000000,800259.40250000,2907900644.92029500,3761894
1753315200000,2025-07-24,3628.29000000,3771.00000000,3502.85000000,3706.94000000,749459.49500000,2743326751.98716900,3752613
1753401600000,2025-07-25,3706.95000000,3747.00000000,3573.76000000,3724.96000000,764606.72610000,2799663682.73190600,4083119
1753488000000,2025-07-26,3724.97000000,3793.00000000,3697.66000000,3741.10000000,407259.70240000,1525422085.06614500,1720495
1753574400000,2025-07-27,3741.11000000,3879.82000000,3731.00000000,3872.10000000,457352.46050000,1744992440.58552800,2299384
1753660800000,2025-07-28,3872.11000000,3941.00000000,3754.00000000,3799.00000000,620994.74630000,2387363538.13591300,3161770
1753747200000,2025-07-29,3799.00000000,3886.44000000,3716.04000000,3793.79000000,584210.43930000,2218694085.76780200,3121489
1753833600000,2025-07-30,3793.79000000,3834.03000000,3677.65000000,3810.00000000,525424.90030000,1984744001.48840900,3128399
1753920000000,2025-07-31,3810.00000000,3878.67000000,3684.33000000,3698.39000000,516088.45030000,1961880275.40254700,2754480
1754006400000,2025-08-01,3698.39000000,3724.02000000,3431.75000000,3488.20000000,783869.15170000,2826423714.23782200,5288678
1754092800000,2025-08-02,3488.21000000,3537.69000000,3368.29000000,3393.94000000,494195.70940000,1709705648.16293100,3703627
1754179200000,2025-08-03,3393.94000000,3521.79000000,3354.28000000,3496.74000000,296347.67580000,1026636932.33361000,2428479
1754265600000,2025-08-04,3496.75000000,3736.73000000,3490.73000000,3720.99000000,463349.98610000,1677819313.33299800,3316870
1754352000000,2025-08-05,3720.99000000,3722.24000000,3546.00000000,3612.00000000,489070.95890000,1772309727.64044400,3721006
1754438400000,2025-08-06,3612.01000000,3698.60000000,3564.19000000,3683.31000000,365309.92050000,1326203496.30214000,2912356
1754524800000,2025-08-07,3683.31000000,3927.77000000,3647.63000000,3910.31000000,631678.98720000,2402252971.43174100,3495451
1754611200000,2025-08-08,3910.30000000,4071.00000000,3880.00000000,4009.50000000,723300.01090000,2868715363.88936900,4175115
1754697600000,2025-08-09,4009.51000000,4326.20000000,4006.63000000,4260.62000000,691932.10480000,2897074775.14015900,3932997
1754784000000,2025-08-10,4260.63000000,4332.60000000,4153.07000000,4250.57000000,494843.81050000,2091948332.58911400,3319102
1754870400000,2025-08-11,4250.58000000,4366.46000000,4166.77000000,4223.22000000,722664.04000000,3089081112.55487400,5162548
1754956800000,2025-08-12,4223.22000000,4639.70000000,4219.04000000,4590.52000000,885288.06520000,3918279210.05392900,5104868
1755043200000,2025-08-13,4590.52000000,4783.85000000,4564.33000000,4749.30000000,925931.49880000,4334944436.91063500,5293034
1755129600000,2025-08-14,4749.31000000,4788.00000000,4451.33000000,4546.84000000,1265449.04530000,5853669749.16580800,6488264
1755216000000,2025-08-15,4546.84000000,4672.67000000,4368.00000000,4439.47000000,880409.25910000,3978902618.05877900,5091385
1755302400000,2025-08-16,4439.47000000,4490.42000000,4372.54000000,4421.99000000,358676.58840000,1587545552.64488400,2446573
1755388800000,2025-08-17,4422.00000000,4576.00000000,4393.98000000,4472.33000000,442461.38290000,1990037593.51367000,2844829
1755475200000,2025-08-18,4472.34000000,4481.88000000,4225.86000000,4312.99000000,823188.12690000,3561988639.06488000,4938429
1755561600000,2025-08-19,4312.99000000,4355.00000000,4067.34000000,4075.59000000,831222.79510000,3499853674.63769500,4828050
1755648000000,2025-08-20,4075.58000000,4378.00000000,4060.00000000,4336.16000000,728324.89330000,3077553918.18234000,4768196
1755734400000,2025-08-21,4336.16000000,4340.26000000,4204.20000000,4225.30000000,433836.39920000,1854414176.52944700,4202357
1755820800000,2025-08-22,4225.30000000,4887.59000000,4207.39000000,4832.07000000,1277976.63526000,5850514269.29654200,6440351
1755907200000,2025-08-23,4832.07000000,4832.07000000,4659.70000000,4778.40000000,512442.08880000,2428561923.41783700,3011610
1755993600000,2025-08-24,4778.40000000,4956.78000000,4711.00000000,4780.15000000,780668.77842000,3755014998.44670220,4316811
1756080000000,2025-08-25,4780.15000000,4797.97000000,4334.13000000,4376.18000000,1043917.16590000,4769033242.72804400,6296796
1756166400000,2025-08-26,4376.17000000,4633.46000000,4311.04000000,4600.63000000,834750.27670000,3739773474.02150600,5640502
1756252800000,2025-08-27,4600.63000000,4663.93000000,4481.53000000,4506.71000000,606669.36110000,2784659238.30170100,3920404
1756339200000,2025-08-28,4506.71000000,4633.97000000,4430.00000000,4511.21000000,485243.40270000,2202472276.64976000,3236156
1756425600000,2025-08-29,4511.20000000,4516.75000000,4265.00000000,4360.18000000,679063.87770000,2969120530.27437700,4406428
1756512000000,2025-08-30,4360.18000000,4415.61000000,4257.20000000,4373.70000000,340319.18260000,1483613909.74936700,2086140
1756598400000,2025-08-31,4373.70000000,4498.47000000,4372.63000000,4391.83000000,356586.18610000,1588952837.43226100,2221987
1756684800000,2025-09-01,4391.83000000,4491.84000000,4210.61000000,4314.50000000,513830.03950000,2244610986.86617000,4011776
1756771200000,2025-09-02,4314.50000000,4416.78000000,4257.85000000,4326.50000000,524605.05120000,2275752549.70453100,4161006
1756857600000,2025-09-03,4326.49000000,4490.64000000,4283.23000000,4450.46000000,487091.68610000,2146232316.54618200,3491341
1756944000000,2025-09-04,4450.46000000,4482.05000000,4265.33000000,4297.55000000,471795.70960000,2061920365.30679200,4087637
1757030400000,2025-09-05,4297.56000000,4490.00000000,4256.03000000,4307.45000000,624169.87540000,2722930703.94995800,4751518
1757116800000,2025-09-06,4307.46000000,4329.30000000,4236.00000000,4273.14000000,191166.06860000,819243725.21230000,1711937
1757203200000,2025-09-07,4273.15000000,4336.02000000,4270.81000000,4306.19000000,169620.83720000,729149678.76054200,1450115
1757289600000,2025-09-08,4306.19000000,4384.06000000,4279.00000000,4306.37000000,372882.43550000,1611402674.92485900,2889398
1757376000000,2025-09-09,4306.36000000,4381.87000000,4276.76000000,4310.09000000,405485.78210000,1751903233.45533400,3068397
1757462400000,2025-09-10,4310.08000000,4453.57000000,4285.10000000,4349.32000000,506633.90980000,2207912091.68550800,3221192
1757548800000,2025-09-11,4349.33000000,4481.09000000,4338.82000000,4458.82000000,441259.66490000,1949893256.33512800,3446340
1757635200000,2025-09-12,4458.83000000,4748.40000000,4450.71000000,4712.16000000,510777.54020000,2337299050.09869100,3859691
1757721600000,2025-09-13,4712.16000000,4769.36000000,4605.00000000,4666.53000000,394393.68690000,1850836179.98348300,2711137
1757808000000,2025-09-14,4666.54000000,4692.36000000,4576.89000000,4604.49000000,278244.32050000,1287527692.94641300,2561665
1757894400000,2025-09-15,4604.48000000,4670.28000000,4466.00000000,4523.74000000,412291.96870000,1874781946.01509900,3889905
1757980800000,2025-09-16,4523.74000000,4538.25000000,4424.00000000,4501.29000000,293307.10990000,1315498731.65000400,2967454
1758067200000,2025-09-17,4501.30000000,4616.77000000,4412.00000000,4590.53000000,476981.45610000,2149457762.91381600,3859374
1758153600000,2025-09-18,4590.54000000,4644.47000000,4553.70000000,4587.66000000,290660.37700000,1336761563.70499600,2922079
1758240000000,2025-09-19,4587.66000000,4620.72000000,4435.70000000,4468.59000000,331611.14820000,1495953132.09977300,2302227
1758326400000,2025-09-20,4468.59000000,4508.71000000,4454.45000000,4480.42000000,130781.91300000,585813348.77492400,1094083
1758412800000,2025-09-21,4480.41000000,4498.16000000,4443.00000000,4444.97000000,149349.82620000,668077573.11298600,1098813
1758499200000,2025-09-22,4444.98000000,4455.76000000,4077.00000000,4199.08000000,708243.23480000,2991392446.13075600,4143966
1758585600000,2025-09-23,4199.09000000,4229.03000000,4114.39000000,4164.26000000,315227.90570000,1318382529.12791200,3449275
1758672000000,2025-09-24,4164.25000000,4206.90000000,4073.74000000,4152.81000000,353665.56710000,1472276097.66792100,3119658
1758758400000,2025-09-25,4152.81000000,4161.04000000,3815.00000000,3874.36000000,930327.69510000,3702962412.91711400,7611345
1758844800000,2025-09-26,3874.35000000,4068.30000000,3867.65000000,4032.24000000,575711.08590000,2275867014.04683600,5466636
1758931200000,2025-09-27,4032.24000000,4039.01000000,3972.98000000,4018.38000000,172693.26380000,692281857.20758200,1940113
1759017600000,2025-09-28,4018.39000000,4144.88000000,3966.00000000,4142.16000000,240331.85890000,972239151.62757900,2500609
1759104000000,2025-09-29,4142.16000000,4235.86000000,4082.25000000,4215.07000000,380728.67840000,1580732256.80118700,3612246
1759190400000,2025-09-30,4215.07000000,4245.00000000,4092.10000000,4145.15000000,391126.61720000,1625808124.64346200,4118784
1759276800000,2025-10-01,4145.15000000,4355.46000000,4123.08000000,4348.03000000,507026.38220000,2165739972.37104500,4138481
1759363200000,2025-10-02,4348.03000000,4516.74000000,4332.73000000,4484.35000000,526411.15710000,2322911121.29364600,4441183
1759449600000,2025-10-03,4484.35000000,4591.59000000,4428.00000000,4512.87000000,485684.02670000,2184423024.58254500,5149648
1759536000000,2025-10-04,4512.88000000,4517.93000000,4440.00000000,4487.15000000,199732.70880000,895195711.88107900,2252261
1759622400000,2025-10-05,4487.16000000,4618.17000000,4467.05000000,4514.32000000,506587.96140000,2305062852.19154900,3791095
1759708800000,2025-10-06,4514.32000000,4735.93000000,4488.25000000,4684.01000000,456200.65280000,2107882753.61472900,4677655
1759795200000,2025-10-07,4684.02000000,4755.00000000,4430.43000000,4447.70000000,640685.93190000,2946435862.40083800,6028668
1759881600000,2025-10-08,4447.70000000,4558.00000000,4410.08000000,4525.72000000,399904.32870000,1791815622.63574500,4771608
1759968000000,2025-10-09,4525.72000000,4531.52000000,4265.06000000,4368.09000000,515978.18290000,2257574038.66859000,5181361
1760054400000,2025-10-10,4368.09000000,4393.63000000,3435.00000000,3829.72000000,1493971.02440000,5954598988.69031500,12594514
1760140800000,2025-10-11,3829.72000000,3878.30000000,3643.33000000,3746.79000000,789885.65820000,2994511140.40929900,8794145
1760227200000,2025-10-12,3746.80000000,4197.70000000,3694.74000000,4152.29000000,811308.15200000,3213401552.27495600,8286691
1760313600000,2025-10-13,4152.29000000,4292.00000000,4042.29000000,4240.85000000,622813.92470000,2590697041.47960500,8321249
1760400000000,2025-10-14,4240.86000000,4263.38000000,3888.74000000,4125.02000000,962996.76580000,3894019260.94604300,10714712
1760486400000,2025-10-15,4125.01000000,4217.60000000,3926.74000000,3985.61000000,626081.69660000,2543782117.97325700,7421801
1760572800000,2025-10-16,3985.61000000,4086.49000000,3826.04000000,3894.51000000,643804.61630000,2552218455.01881900,8451902
1760659200000,2025-10-17,3894.50000000,3950.45000000,3674.50000000,3831.57000000,830127.08850000,3147006926.52111000,9412569
1760745600000,2025-10-18,3831.58000000,3927.73000000,3819.07000000,3889.21000000,250710.61210000,971616631.64294300,3174247
1760832000000,2025-10-19,3889.20000000,4030.94000000,3827.04000000,3982.58000000,408538.25450000,1609546719.15419900,4377250
1760918400000,2025-10-20,3982.58000000,4085.30000000,3908.73000000,3979.22000000,511382.33010000,2049366257.29489900,5803391
1761004800000,2025-10-21,3979.22000000,4110.00000000,3840.24000000,3873.05000000,590594.13820000,2335723187.67724700,7015049
1761091200000,2025-10-22,3873.04000000,3889.27000000,3710.00000000,3805.53000000,593130.09050000,2268706650.10990400,6834244
1761177600000,2025-10-23,3805.53000000,3934.86000000,3796.54000000,3856.80000000,477231.01810000,1842438997.00686600,4206428
1761264000000,2025-10-24,3856.80000000,4026.39000000,3845.86000000,3934.88000000,425926.93830000,1676037250.10021400,4291705
1761350400000,2025-10-25,3934.88000000,3969.22000000,3912.40000000,3953.82000000,138526.33380000,545722019.67597500,1476147
1761436800000,2025-10-26,3953.81000000,4178.78000000,3919.03000000,4158.46000000,344698.09180000,1396836816.69346500,3249487
1761523200000,2025-10-27,4158.46000000,4253.72000000,4095.00000000,4120.15000000,487131.22910000,2035684992.60360700,5081784
1761609600000,2025-10-28,4120.16000000,4175.55000000,3931.33000000,3979.20000000,472965.83770000,1926589295.49168200,5061999
1761696000000,2025-10-29,3979.19000000,4036.66000000,3840.37000000,3902.99000000,486452.31270000,1925328091.83401800,5571627
1761782400000,2025-10-30,3903.00000000,3948.74000000,3680.00000000,3805.09000000,531455.99230000,2028708564.22221200,6906431
1761868800000,2025-10-31,3804.95000000,3906.09000000,3796.36000000,3847.99000000,478636.29950000,1843471240.95085800,5000695
1761955200000,2025-11-01,3848.00000000,3909.39000000,3831.00000000,3873.77000000,152998.16260000,592459458.76156700,1840903
1762041600000,2025-11-02,3873.78000000,3918.23000000,3839.12000000,3906.58000000,216083.15420000,837354910.68862800,2433160
1762128000000,2025-11-03,3906.58000000,3914.29000000,3558.82000000,3603.83000000,877187.38520000,3238285047.50950600,7464333
1762214400000,2025-11-04,3603.84000000,3654.54000000,3057.00000000,3287.05000000,1568004.23790000,5314450723.76383100,10283812
1762300800000,2025-11-05,3287.05000000,3480.46000000,3166.66000000,3424.29000000,809591.51320000,2699190339.15263200,6935719
1762387200000,2025-11-06,3424.29000000,3456.46000000,3245.45000000,3315.14000000,566363.70030000,1896818057.20779100,6422367
1762473600000,2025-11-07,3315.14000000,3473.00000000,3194.20000000,3436.05000000,683417.38540000,2269770217.23642700,7139239
1762560000000,2025-11-08,3436.04000000,3488.00000000,3355.58000000,3401.51000000,291532.28810000,997076516.09053000,3661341
1762646400000,2025-11-09,3401.51000000,3623.25000000,3358.66000000,3583.46000000,464098.05200000,1616068059.82672000,4471232
1762732800000,2025-11-10,3583.46000000,3658.98000000,3507.30000000,3567.85000000,595273.02980000,2130222587.62469400,5374965
1762819200000,2025-11-11,3567.85000000,3648.27000000,3405.24000000,3417.76000000,660283.27470000,2334219569.45880300,6239855
1762905600000,2025-11-12,3417.76000000,3588.19000000,3371.65000000,3414.92000000,553101.93680000,1913040553.62282000,5915987
1762992000000,2025-11-13,3414.91000000,3565.84000000,3154.22000000,3231.54000000,951989.13470000,3206643011.07722700,8109562
1763078400000,2025-11-14,3231.55000000,3256.71000000,3070.00000000,3112.40000000,890446.14910000,2825408309.92582500,9563602
1763164800000,2025-11-15,3112.40000000,3230.00000000,3110.68000000,3167.88000000,338463.47820000,1076796729.10253600,3329279
1763251200000,2025-11-16,3167.87000000,3249.00000000,3004.00000000,3095.29000000,570633.58090000,1779987722.71109300,5709385
1763337600000,2025-11-17,3095.29000000,3223.38000000,2959.46000000,3031.44000000,762500.42890000,2363337280.76593900,7450569
1763424000000,2025-11-18,3031.44000000,3169.95000000,2946.56000000,3123.66000000,766640.10580000,2340587460.79804400,7615241
1763510400000,2025-11-19,3123.65000000,3125.54000000,2873.64000000,3025.48000000,737926.71460000,2216678695.22302100,7164222
1763596800000,2025-11-20,3025.48000000,3063.61000000,2790.01000000,2834.22000000,912524.37180000,2661800409.34073800,7127439
1763683200000,2025-11-21,2834.21000000,2886.73000000,2623.57000000,2765.85000000,1180475.40850000,3236847819.47923000,10064748
1763769600000,2025-11-22,2765.86000000,2799.01000000,2704.33000000,2770.12000000,264691.30890000,726992504.44569300,3610746
1763856000000,2025-11-23,2770.12000000,2858.16000000,2768.29000000,2802.16000000,409808.57340000,1154902366.81610500,3902263
1763942400000,2025-11-24,2802.16000000,2987.00000000,2763.00000000,2953.38000000,715279.75510000,2052356496.55259500,5727108
1764028800000,2025-11-25,2953.38000000,2980.82000000,2857.32000000,2959.36000000,427686.45280000,1246454120.37033200,4418266
1764115200000,2025-11-26,2959.36000000,3045.00000000,2888.69000000,3026.56000000,364535.32600000,1079536972.45960700,3911013
1764201600000,2025-11-27,3026.56000000,3071.37000000,2985.78000000,3015.23000000,274980.39550000,831942752.09970900,2917476
1764288000000,2025-11-28,3015.23000000,3099.00000000,2994.36000000,3031.15000000,346616.02750000,1053857760.71480900,3662478
1764374400000,2025-11-29,3031.14000000,3052.64000000,2961.91000000,2989.16000000,217904.13030000,654348734.59972600,1930588
1764460800000,2025-11-30,2989.17000000,3053.02000000,2975.30000000,2991.26000000,182722.42530000,551904047.43264500,1896781
1764547200000,2025-12-01,2991.25000000,2999.47000000,2716.04000000,2799.07000000,849002.99090000,2386884973.98284600,7108249
1764633600000,2025-12-02,2799.07000000,3033.76000000,2782.19000000,2996.07000000,523707.35860000,1528447401.32484600,5821936
1764720000000,2025-12-03,2996.07000000,3214.99000000,2985.58000000,3188.36000000,553669.81460000,1713587615.13256400,6210489
1764806400000,2025-12-04,3188.39000000,3240.35000000,3066.37000000,3133.26000000,486698.39870000,1543790061.95239200,6357509
1764892800000,2025-12-05,3133.26000000,3193.33000000,2983.08000000,3021.78000000,530382.89860000,1639255389.98776900,6012408
1764979200000,2025-12-06,3021.77000000,3069.00000000,3012.58000000,3038.06000000,159721.24880000,485368537.24003100,2244070
1765065600000,2025-12-07,3038.06000000,3150.00000000,2907.52000000,3059.85000000,391129.67500000,1186332501.65101000,4277667
1765152000000,2025-12-08,3059.86000000,3180.51000000,3040.87000000,3124.16000000,452820.22070000,1415589445.03909500,6327207
1765238400000,2025-12-09,3124.16000000,3397.85000000,3090.80000000,3318.04000000,603859.94580000,1962292840.76768700,6993282
1765324800000,2025-12-10,3318.04000000,3447.44000000,3288.10000000,3324.14000000,539585.45350000,1810738811.73561600,7155428
1765411200000,2025-12-11,3324.14000000,3327.37000000,3145.28000000,3237.39000000,504114.23910000,1619734578.21387100,7267153
1765497600000,2025-12-12,3237.38000000,3265.50000000,3045.31000000,3084.86000000,435686.44350000,1371414759.85773400,5948483
1765584000000,2025-12-13,3084.86000000,3135.68000000,3078.60000000,3114.64000000,136465.75670000,423920604.03812200,1855254
1765670400000,2025-12-14,3114.64000000,3129.54000000,3024.44000000,3063.50000000,279058.35450000,862072488.53001400,3511048
1765756800000,2025-12-15,3063.49000000,3177.50000000,2894.57000000,2964.85000000,520509.95550000,1579982448.23956300,7417115
1765843200000,2025-12-16,2964.85000000,2981.87000000,2876.00000000,2962.30000000,378293.11590000,1111582164.80433200,6669623
1765929600000,2025-12-17,2962.30000000,3030.92000000,2791.02000000,2833.49000000,497630.41620000,1446107029.74967600,6532843
1766016000000,2025-12-18,2833.50000000,2997.40000000,2775.19000000,2828.57000000,595253.79970000,1712688363.64049000,7801439
1766102400000,2025-12-19,2828.56000000,3020.00000000,2808.63000000,2979.50000000,531702.54390000,1565878519.31718000,6948512
1766188800000,2025-12-20,2979.49000000,2994.41000000,2964.17000000,2977.93000000,91783.77340000,273573678.21258100,1350111
1766275200000,2025-12-21,2977.93000000,3013.40000000,2944.00000000,3002.02000000,162244.80670000,483780019.52750500,2474808
1766361600000,2025-12-22,3002.03000000,3077.39000000,2963.43000000,3009.49000000,298443.56330000,903056984.46616100,5452069
1766448000000,2025-12-23,3009.48000000,3035.79000000,2900.93000000,2965.02000000,386465.74700000,1143899253.06253200,4824322
1766534400000,2025-12-24,2965.03000000,2978.15000000,2888.70000000,2947.47000000,197035.55980000,578209287.85826600,3194683
1766620800000,2025-12-25,2947.48000000,2971.46000000,2891.20000000,2903.95000000,188721.29810000,554690625.49277900,2183611
1766707200000,2025-12-26,2903.90000000,2994.38000000,2894.26000000,2927.99000000,314830.99890000,928357784.21783200,4062164
1766793600000,2025-12-27,2928.00000000,2960.89000000,2917.13000000,2949.05000000,95040.39560000,278706096.33451800,1004396
1766880000000,2025-12-28,2949.05000000,2961.23000000,2924.54000000,2950.91000000,128834.13900000,379078145.43257800,1484510
1766966400000,2025-12-29,2950.91000000,3057.78000000,2910.25000000,2937.90000000,485959.18240000,1447180217.93353900,5162535
1767052800000,2025-12-30,2937.91000000,3009.80000000,2919.44000000,2973.69000000,286583.28790000,851498558.48960800,3959890
1767139200000,2025-12-31,2973.69000000,3028.08000000,2958.91000000,2971.64000000,233729.58870000,697600045.70021200,2935432
1767225600000,2026-01-01,2971.65000000,3010.00000000,2971.15000000,3004.19000000,136088.52070000,406547667.09815400,1338212
1767312000000,2026-01-02,3004.19000000,3150.01000000,2992.49000000,3125.45000000,369891.24490000,1137619077.20473900,5276480
1767398400000,2026-01-03,3125.46000000,3136.71000000,3076.00000000,3127.11000000,134405.22580000,417746796.51213700,1823251
1767484800000,2026-01-04,3127.11000000,3167.22000000,3118.75000000,3144.70000000,181576.06860000,570517585.64855400,2261499
1767571200000,2026-01-05,3144.71000000,3265.66000000,3135.02000000,3224.99000000,382446.66180000,1219648843.48148700,5401982
1767657600000,2026-01-06,3224.99000000,3308.86000000,3183.27000000,3296.84000000,412503.50660000,1340863819.95425500,5310071
1767744000000,2026-01-07,3296.83000000,3296.84000000,3125.42000000,3168.72000000,321350.12250000,1027448724.68783900,4839276
1767830400000,2026-01-08,3168.72000000,3184.39000000,3054.65000000,3106.65000000,343616.10050000,1069846020.04270300,4982423
1767916800000,2026-01-09,3106.66000000,3148.41000000,3058.69000000,3088.40000000,274587.45330000,851846982.92555300,4182570
1768003200000,2026-01-10,3088.40000000,3104.12000000,3077.99000000,3086.72000000,82341.05460000,254495724.00264300,881069
1768089600000,2026-01-11,3086.72000000,3147.27000000,3084.46000000,3123.45000000,149381.29650000,465227647.58300200,1522502
1768176000000,2026-01-12,3123.46000000,3171.49000000,3065.55000000,3095.75000000,297373.46810000,928024542.29600100,4303605
1768262400000,2026-01-13,3095.75000000,3367.79000000,3091.96000000,3325.82000000,457782.28160000,1470983302.12487700,4876916
1768348800000,2026-01-14,3325.83000000,3402.89000000,3280.48000000,3354.92000000,503440.07590000,1682648500.33979800,5351410
1768435200000,2026-01-15,3354.92000000,3384.19000000,3273.72000000,3318.69000000,389993.83600000,1296628250.56622000,4766390
1768521600000,2026-01-16,3318.70000000,3326.79000000,3253.01000000,3296.28000000,223921.78760000,737278508.74983300,3528248
1768608000000,2026-01-17,3296.28000000,3330.26000000,3283.96000000,3310.56000000,124325.03030000,411508868.39151000,1229614
1768694400000,2026-01-18,3310.56000000,3368.82000000,3278.86000000,3284.03000000,173354.30260000,576301516.53025600,2227452
1768780800000,2026-01-19,3284.04000000,3284.58000000,3165.38000000,3189.55000000,442540.55960000,1421588263.89826100,4406164
1768867200000,2026-01-20,3189.56000000,3200.50000000,2920.00000000,2939.88000000,518166.47870000,1586973026.80606000,7228638
1768953600000,2026-01-21,2939.88000000,3069.07000000,2866.11000000,2982.27000000,577800.24810000,1712903183.81205300,8064316
1769040000000,2026-01-22,2982.28000000,3038.33000000,2906.02000000,2952.69000000,291660.73490000,867206892.23913800,4696521
1769126400000,2026-01-23,2952.70000000,3019.26000000,2892.40000000,2956.41000000,318415.33170000,939757975.66951500,5479038
1769212800000,2026-01-24,2956.41000000,2970.41000000,2943.84000000,2953.22000000,92082.90390000,272517275.86042600,1185149
1769299200000,2026-01-25,2953.23000000,2960.29000000,2787.00000000,2816.89000000,380186.53260000,1088137895.95277100,4637787
1769385600000,2026-01-26,2816.90000000,2951.21000000,2812.37000000,2930.35000000,485169.33720000,1405058143.57859500,5933570
1769472000000,2026-01-27,2930.35000000,3035.08000000,2899.77000000,3026.77000000,478792.39880000,1416537368.43336100,5278439
1769558400000,2026-01-28,3026.77000000,3045.78000000,2983.67000000,3010.78000000,296607.65490000,894057677.74036500,5061029
1769644800000,2026-01-29,3010.78000000,3013.50000000,2754.53000000,2822.59000000,561288.59790000,1601894306.03981300,6779608
1769731200000,2026-01-30,2822.60000000,2828.65000000,2636.01000000,2707.38000000,793279.62520000,2161851949.08838500,10661631
1769817600000,2026-01-31,2707.37000000,2714.64000000,2250.00000000,2451.95000000,1113097.71320000,2759353621.32131200,9305297
1769904000000,2026-02-01,2451.96000000,2475.98000000,2222.00000000,2270.15000000,1026573.94660000,2412828498.62774500,11038637
1769990400000,2026-02-02,2270.16000000,2396.62000000,2157.14000000,2347.02000000,1248535.21140000,2842177286.24149000,11149156
1770076800000,2026-02-03,2347.01000000,2359.88000000,2110.00000000,2233.72000000,1321099.38670000,2981630480.12086500,11643770
1770163200000,2026-02-04,2233.72000000,2295.74000000,2076.68000000,2148.26000000,1264743.43000000,2756607838.33289400,10912540
1770249600000,2026-02-05,2148.25000000,2173.77000000,1818.18000000,1826.83000000,1952286.69510000,3895174109.78586300,13667587
1770336000000,2026-02-06,1826.83000000,2093.94000000,1747.80000000,2063.38000000,2102311.55730000,4099448671.01183900,12362731
1770422400000,2026-02-07,2063.37000000,2121.70000000,1994.57000000,2087.08000000,1142616.44870000,2350131251.11150900,7938360
1770508800000,2026-02-08,2087.08000000,2152.03000000,2064.10000000,2089.74000000,482837.25150000,1015368967.85889400,4379045
1770595200000,2026-02-09,2089.73000000,2147.73000000,2008.62000000,2105.02000000,625378.55690000,1299316807.80527900,6331904
1770681600000,2026-02-10,2105.02000000,2124.71000000,1989.38000000,2022.67000000,574321.69080000,1163710989.70857200,5159394
1770768000000,2026-02-11,2022.67000000,2032.31000000,1903.19000000,1941.18000000,529655.81770000,1036100476.10287600,6450810
1770854400000,2026-02-12,1941.19000000,2001.42000000,1897.24000000,1947.85000000,427567.14690000,833481568.53202400,5262808
1770940800000,2026-02-13,1947.85000000,2073.68000000,1924.72000000,2048.72000000,425649.76980000,850907791.20718000,4695571
1771027200000,2026-02-14,2048.72000000,2107.67000000,2042.37000000,2086.59000000,220677.23550000,458319230.49435600,2720271
1771113600000,2026-02-15,2086.59000000,2103.32000000,1928.88000000,1966.58000000,834778.09520000,1680654508.88047800,5864311
1771200000000,2026-02-16,1966.59000000,2023.51000000,1937.24000000,1998.33000000,351347.94330000,694116360.94026900,4476026
1771286400000,2026-02-17,1998.34000000,2015.33000000,1941.66000000,1991.66000000,406246.94270000,804961298.70977700,6420841
1771372800000,2026-02-18,1991.67000000,2039.05000000,1923.78000000,1955.91000000,393639.00860000,778491630.59956800,5176537
1771459200000,2026-02-19,1955.90000000,1987.55000000,1907.00000000,1949.08000000,300257.07330000,583869775.94774200,3793608
1771545600000,2026-02-20,1949.08000000,1981.18000000,1922.97000000,1968.88000000,386253.55570000,755968932.47352600,3948261
1771632000000,2026-02-21,1968.88000000,1995.56000000,1955.62000000,1973.35000000,179173.84560000,354489354.64823500,1362230
1771718400000,2026-02-22,1973.35000000,1983.13000000,1935.00000000,1957.82000000,155325.64820000,304517550.29857200,1850073
1771804800000,2026-02-23,1957.82000000,1958.33000000,1837.13000000,1856.30000000,547359.48690000,1031859704.04575300,6684753
1771891200000,2026-02-24,1856.30000000,1869.58000000,1800.00000000,1851.94000000,438064.02840000,804280693.82921600,6607359
1771977600000,2026-02-25,1851.95000000,2148.39000000,1846.74000000,2057.48000000,682979.43780000,1366356333.15167200,9024746
1772064000000,2026-02-26,2057.48000000,2083.33000000,1975.35000000,2027.68000000,439783.35660000,897062353.24218900,7142316
1772150400000,2026-02-27,2027.68000000,2063.52000000,1887.00000000,1929.84000000,428687.23400000,846919721.88444400,5213158
1772236800000,2026-02-28,1929.84000000,1984.99000000,1835.36000000,1964.51000000,461680.98350000,877128283.23371200,6186042
1772323200000,2026-03-01,1964.51000000,2054.80000000,1907.41000000,1939.71000000,529196.84640000,1051030823.78944500,6616298
1772409600000,2026-03-02,1939.71000000,2090.00000000,1920.00000000,2027.35000000,577406.37490000,1154427554.49389300,9343785
1772496000000,2026-03-03,2027.34000000,2041.48000000,1929.56000000,1982.80000000,509329.85340000,1007923347.10669400,8311355
1772582400000,2026-03-04,1982.81000000,2199.00000000,1945.08000000,2127.28000000,737644.81520000,1537991054.00405600,9527323
1772668800000,2026-03-05,2127.28000000,2163.66000000,2054.75000000,2072.86000000,432157.81260000,909578852.98892300,6753565
1772755200000,2026-03-06,2072.86000000,2093.33000000,1955.95000000,1978.68000000,411597.75690000,831917068.63137300,5601424
1772841600000,2026-03-07,1978.68000000,1996.04000000,1948.09000000,1969.59000000,184459.82000000,364529234.78772000,2029543
1772928000000,2026-03-08,1969.60000000,1979.80000000,1916.14000000,1937.10000000,391189.73170000,761435521.24438200,4044585
1773014400000,2026-03-09,1937.11000000,2053.52000000,1929.65000000,1992.98000000,550825.48830000,1102883352.28304900,6360581
1773100800000,2026-03-10,1992.97000000,2088.19000000,1991.00000000,2036.51000000,463411.87390000,948509257.02615900,5226998
1773187200000,2026-03-11,2036.50000000,2085.58000000,2007.17000000,2051.97000000,350061.25600000,717032957.20601700,4730286
1773273600000,2026-03-12,2051.97000000,2095.00000000,2017.59000000,2073.52000000,400507.81320000,824458252.12667800,4757775
1773360000000,2026-03-13,2073.51000000,2209.03000000,2070.12000000,2092.22000000,599657.03990000,1279403180.49358600,6138489
1773446400000,2026-03-14,2092.21000000,2106.09000000,2061.60000000,2096.16000000,152500.58220000,317648583.84004200,1584458
1773532800000,2026-03-15,2096.16000000,2202.87000000,2083.35000000,2178.30000000,280825.93770000,598811241.30096800,3001730
1773619200000,2026-03-16,2178.29000000,2386.02000000,2164.73000000,2352.97000000,845892.77560000,1930037154.48076900,7409311
1773705600000,2026-03-17,2352.97000000,2376.66000000,2294.15000000,2317.39000000,493831.10160000,1152094007.66843700,5596636
1773792000000,2026-03-18,2317.38000000,2350.00000000,2153.21000000,2203.39000000,488040.88870000,1091022905.10325400,5684937
1773878400000,2026-03-19,2203.39000000,2233.72000000,2099.38000000,2137.81000000,490791.67900000,1055407061.65772100,6142160
1773964800000,2026-03-20,2137.82000000,2176.84000000,2116.88000000,2146.22000000,300156.17780000,642995528.13065400,4595372
1774051200000,2026-03-21,2146.21000000,2168.27000000,2070.78000000,2084.87000000,132559.46460000,283144610.71690300,1375463
1774137600000,2026-03-22,2084.86000000,2127.21000000,2026.00000000,2053.89000000,313070.55720000,650684776.65879400,3577857
1774224000000,2026-03-23,2053.90000000,2198.57000000,2023.04000000,2152.03000000,614508.43690000,1308899803.01649900,7349668
1774310400000,2026-03-24,2152.03000000,2175.16000000,2103.02000000,2156.23000000,316703.47280000,678105646.81039000,4633093
1774396800000,2026-03-25,2156.22000000,2199.02000000,2146.35000000,2169.02000000,275641.52550000,599018681.16774600,3492121
1774483200000,2026-03-26,2169.02000000,2172.19000000,2034.54000000,2060.43000000,338010.62380000,705496760.97093400,3890747
1774569600000,2026-03-27,2060.43000000,2077.19000000,1970.93000000,1992.75000000,394873.52480000,794108629.00714000,3909237
1774656000000,2026-03-28,1992.76000000,2047.45000000,1983.17000000,1994.74000000,154831.80550000,311328052.14732900,1569810
1774742400000,2026-03-29,1994.74000000,2019.65000000,1938.82000000,1984.64000000,166726.73820000,331249654.02983000,2049808
1774828800000,2026-03-30,1984.65000000,2085.00000000,1980.28000000,2026.48000000,338304.43440000,691966365.08245700,3886546
1774915200000,2026-03-31,2026.48000000,2124.03000000,2012.64000000,2105.43000000,421897.90230000,874387220.20619400,5013796
1775001600000,2026-04-01,2105.43000000,2167.85000000,2082.08000000,2140.35000000,399227.37790000,852017259.87877100,4211533
1775088000000,2026-04-02,2140.35000000,2159.37000000,2017.04000000,2057.17000000,346872.83230000,716548524.66574400,4462923
1775174400000,2026-04-03,2057.18000000,2081.76000000,2040.66000000,2053.83000000,136266.63930000,280140562.11284100,1741595
1775260800000,2026-04-04,2053.83000000,2084.00000000,2044.63000000,2065.52000000,86504.44060000,178054333.99678400,1246022
1775347200000,2026-04-05,2065.51000000,2123.49000000,2021.50000000,2110.17000000,157353.31990000,324727424.31234600,2504865
1775433600000,2026-04-06,2110.17000000,2174.79000000,2087.50000000,2107.16000000,356054.28940000,761391237.67137300,5330366
1775520000000,2026-04-07,2107.16000000,2273.87000000,2060.24000000,2240.01000000,460094.80930000,986211206.77887500,5189711
1775606400000,2026-04-08,2240.01000000,2270.55000000,2179.78000000,2190.00000000,404717.63210000,902920921.74991500,4339985
1775692800000,2026-04-09,2190.00000000,2246.00000000,2157.31000000,2190.20000000,275317.95030000,604408302.66542900,3756386
1775779200000,2026-04-10,2190.17000000,2257.99000000,2176.10000000,2245.05000000,272899.08580000,605992300.07612600,2929213
1775865600000,2026-04-11,2245.06000000,2329.93000000,2229.00000000,2284.99000000,214785.40390000,488370993.14692200,1929651
1775952000000,2026-04-12,2285.00000000,2288.57000000,2175.00000000,2191.65000000,258156.88210000,571520838.84188800,2575808
1776038400000,2026-04-13,2191.64000000,2394.71000000,2175.68000000,2369.46000000,453870.82920000,1029253015.58625400,4527557
1776124800000,2026-04-14,2369.46000000,2415.50000000,2302.90000000,2322.44000000,460107.38410000,1087699649.07412200,3689565
1776211200000,2026-04-15,2322.44000000,2385.61000000,2308.50000000,2359.95000000,268190.63770000,627841344.47908900,3232871
1776297600000,2026-04-16,2359.94000000,2369.59000000,2285.10000000,2348.17000000,328960.93770000,767882725.89326300,3793210
1776384000000,2026-04-17,2348.16000000,2464.91000000,2317.43000000,2419.00000000,491731.36150000,1182467392.60610600,4541654
1776470400000,2026-04-18,2419.00000000,2427.64000000,2339.92000000,2350.32000000,221741.38880000,526019366.77518300,2045925
1776556800000,2026-04-19,2350.33000000,2355.30000000,2252.72000000,2263.27000000,256086.82760000,591108513.09305000,2728260
1776643200000,2026-04-20,2263.28000000,2346.78000000,2259.67000000,2313.85000000,301000.06590000,694052197.97869300,3751621
1776729600000,2026-04-21,2313.84000000,2338.75000000,2284.19000000,2327.14000000,226645.97700000,524186949.63958000,3398934
1776816000000,2026-04-22,2327.15000000,2423.75000000,2312.95000000,2374.07000000,379707.12590000,906985929.20068700,4230243
1776902400000,2026-04-23,2374.08000000,2382.00000000,2285.42000000,2330.26000000,356645.69230000,831612346.68122500,4079579
1776988800000,2026-04-24,2330.27000000,2337.50000000,2300.22000000,2314.99000000,183887.61810000,426084826.21781900,2413824
1777075200000,2026-04-25,2314.98000000,2323.21000000,2300.55000000,2319.50000000,68139.21910000,157673587.53854300,658757
1777161600000,2026-04-26,2319.49000000,2380.00000000,2306.72000000,2369.44000000,154591.62190000,363039217.94069300,1508570
1777248000000,2026-04-27,2369.45000000,2404.37000000,2266.09000000,2303.67000000,300363.85860000,697653543.10075400,3192282
1777334400000,2026-04-28,2303.66000000,2310.88000000,2258.24000000,2289.42000000,187932.22010000,429094630.50897500,2346992
1777420800000,2026-04-29,2289.42000000,2346.95000000,2220.36000000,2252.90000000,355078.10150000,811555243.52763300,3588292
1777507200000,2026-04-30,2252.90000000,2279.00000000,2231.64000000,2257.51000000,167194.27760000,377557889.67163500,2649837
1777593600000,2026-05-01,2257.51000000,2325.28000000,2257.21000000,2295.63000000,191082.55500000,438751255.82791600,1805481
1777680000000,2026-05-02,2295.63000000,2343.60000000,2292.91000000,2316.97000000,85588.47240000,197914496.93788900,870699
1777766400000,2026-05-03,2316.97000000,2356.92000000,2297.59000000,2322.65000000,151074.43420000,351370000.01807900,1374290
1777852800000,2026-05-04,2322.65000000,2398.93000000,2309.24000000,2347.16000000,453020.79850000,1067990750.06659100,4137093
1777939200000,2026-05-05,2347.17000000,2399.50000000,2344.93000000,2360.77000000,286636.73120000,681480549.11058100,2512190
1778025600000,2026-05-06,2360.76000000,2423.74000000,2338.00000000,2350.84000000,420667.31610000,999441628.41537300,3062625
1778112000000,2026-05-07,2350.84000000,2352.30000000,2280.10000000,2291.06000000,469521.93780000,1084720938.60619900,3191083
1778198400000,2026-05-08,2291.06000000,2321.22000000,2265.61000000,2307.06000000,421035.15820000,964540001.64208500,2568056
1778284800000,2026-05-09,2307.07000000,2338.37000000,2300.00000000,2326.44000000,230431.15700000,534441724.09586900,1248625
1778371200000,2026-05-10,2326.43000000,2382.53000000,2311.83000000,2371.27000000,398122.86230000,933278254.42787900,2272749
1778457600000,2026-05-11,2371.26000000,2374.92000000,2304.00000000,2339.87000000,236962.05520000,553428064.25292300,2594593
1778544000000,2026-05-12,2339.88000000,2340.85000000,2256.27000000,2274.96000000,252981.10820000,579204959.79746400,2520381
1778630400000,2026-05-13,2274.97000000,2323.36000000,2234.13000000,2258.65000000,258455.72990000,587994702.42187800,2145600
1778716800000,2026-05-14,2258.66000000,2319.33000000,2238.64000000,2283.25000000,256680.83590000,585368708.59742000,2730407
1778803200000,2026-05-15,2283.26000000,2300.29000000,2205.11000000,2224.66000000,288536.55070000,647433872.91231800,2977308
1778889600000,2026-05-16,2224.65000000,2231.51000000,2162.55000000,2180.77000000,199288.57610000,435687947.06734600,1541883
1778976000000,2026-05-17,2180.77000000,2198.14000000,2091.48000000,2131.00000000,175116.81490000,378577487.52779700,1638605
1779062400000,2026-05-18,2131.00000000,2157.24000000,2077.23000000,2130.08000000,381878.39320000,808389842.46425700,3981985
1779148800000,2026-05-19,2130.08000000,2146.95000000,2094.47000000,2111.93000000,186945.07500000,396338335.85530400,2356965
1779235200000,2026-05-20,2111.93000000,2149.00000000,2103.29000000,2129.44000000,189088.29400000,402576774.24043600,2256505
1779321600000,2026-05-21,2129.44000000,2157.50000000,2105.15000000,2133.76000000,232889.11170000,496323964.94440300,2526150
1779408000000,2026-05-22,2133.77000000,2141.39000000,2057.79000000,2065.85000000,221783.25480000,467017252.54059000,2344218
1779494400000,2026-05-23,2065.86000000,2149.95000000,2009.30000000,2117.68000000,350546.22890000,726153698.57779200,2641732
1779580800000,2026-05-24,2117.69000000,2132.14000000,2063.00000000,2099.85000000,197748.76050000,416532783.72525200,1928016
1779667200000,2026-05-25,2099.86000000,2141.98000000,2092.26000000,2113.01000000,166428.59790000,351916867.99249300,1786621
1779753600000,2026-05-26,2113.01000000,2140.49000000,2055.06000000,2073.77000000,282553.30960000,592778366.39005300,2963706
1779840000000,2026-05-27,2073.77000000,2097.40000000,2016.00000000,2024.84000000,267963.15730000,552204762.41858400,3056962
1779926400000,2026-05-28,2024.83000000,2030.00000000,1967.00000000,2009.90000000,363834.92110000,726105347.82339000,3609031
1780012800000,2026-05-29,2009.89000000,2046.59000000,1976.48000000,2014.54000000,283145.69500000,570689885.84888200,2925370
1780099200000,2026-05-30,2014.54000000,2032.00000000,2002.00000000,2022.44000000,97977.53490000,197997124.86031900,969371
1780185600000,2026-05-31,2022.44000000,2038.00000000,1993.75000000,2007.01000000,163735.49580000,329721845.89615600,1454319
1780272000000,2026-06-01,2007.02000000,2021.50000000,1956.04000000,2006.73000000,374428.28390000,744774481.26642500,3806222
1780358400000,2026-06-02,2006.73000000,2006.78000000,1839.02000000,1859.84000000,556885.54180000,1073808150.12186500,5759311
1780444800000,2026-06-03,1859.84000000,1893.07000000,1769.62000000,1813.05000000,584760.48180000,1077611599.89867300,6496256
1780531200000,2026-06-04,1813.05000000,1820.50000000,1717.28000000,1770.77000000,648306.10510000,1147661693.34122300,8222751
1780617600000,2026-06-05,1770.76000000,1774.99000000,1540.19000000,1583.40000000,1257013.16080000,2055119895.17678200,13017779
1780704000000,2026-06-06,1583.40000000,1601.22000000,1505.68000000,1569.69000000,558458.36720000,870946411.10025200,6254953
1780790400000,2026-06-07,1569.68000000,1721.93000000,1564.10000000,1690.51000000,458280.59090000,745676201.88402300,5095675
1780876800000,2026-06-08,1690.50000000,1714.50000000,1645.00000000,1690.49000000,480027.31210000,807959902.78797400,5759621
1780963200000,2026-06-09,1690.48000000,1696.88000000,1614.02000000,1639.52000000,384147.23490000,637600472.42120100,4501516
1781049600000,2026-06-10,1639.52000000,1667.96000000,1603.44000000,1621.59000000,290791.28190000,474642198.52845800,4680030
1781136000000,2026-06-11,1621.60000000,1693.59000000,1621.60000000,1673.46000000,278507.72040000,462505814.28974900,3410263
1781222400000,2026-06-12,1673.46000000,1691.07000000,1652.09000000,1666.41000000,201888.01020000,337258161.65899100,2888517
1781308800000,2026-06-13,1666.42000000,1697.28000000,1662.20000000,1681.18000000,106751.60770000,178899182.70338700,1222979
1781395200000,2026-06-14,1681.19000000,1732.28000000,1654.90000000,1725.62000000,178009.95410000,301404302.77074900,1935991
1781481600000,2026-06-15,1725.63000000,1849.54000000,1709.66000000,1796.13000000,464135.25530000,828105501.97530900,3136116
1781568000000,2026-06-16,1796.14000000,1839.77000000,1758.00000000,1792.99000000,353577.54900000,632855864.59334000,3651200
1781654400000,2026-06-17,1793.00000000,1810.21000000,1725.34000000,1750.60000000,334498.05750000,590352096.34258100,4175463
1781740800000,2026-06-18,1750.61000000,1762.99000000,1671.79000000,1711.11000000,312480.96560000,537955499.99103600,3404966
1781827200000,2026-06-19,1711.11000000,1719.51000000,1679.11000000,1711.19000000,165078.19840000,280490372.39464900,2339768
1781913600000,2026-06-20,1711.18000000,1749.55000000,1704.06000000,1741.08000000,159791.82110000,276212659.05202600,1842588
1782000000000,2026-06-21,1741.08000000,1741.45000000,1702.00000000,1706.94000000,123762.46890000,213639585.05652500,1658599
1782086400000,2026-06-22,1706.94000000,1779.90000000,1706.94000000,1728.19000000,262657.18200000,458500918.78925900,3303043
1782172800000,2026-06-23,1728.19000000,1736.25000000,1635.65000000,1667.13000000,248262.01200000,415217088.04396600,3415279
1782259200000,2026-06-24,1667.13000000,1693.67000000,1552.95000000,1622.17000000,355728.34030000,577866307.94514500,5254099
1782345600000,2026-06-25,1622.18000000,1660.54000000,1532.90000000,1567.84000000,440671.00500000,701364958.55089400,4454580
1782432000000,2026-06-26,1567.86000000,1594.70000000,1512.00000000,1578.68000000,423691.43930000,660970073.85057200,4010582
1782518400000,2026-06-27,1578.68000000,1611.02000000,1562.86000000,1573.99000000,131592.35980000,208767639.65273000,1281824
1782604800000,2026-06-28,1574.00000000,1588.82000000,1548.37000000,1571.96000000,140181.14170000,220544633.52290400,1506628
1782691200000,2026-06-29,1571.96000000,1637.58000000,1550.43000000,1613.07000000,309968.97480000,492867470.53718200,2959728
1782777600000,2026-06-30,1613.07000000,1614.41000000,1550.20000000,1572.01000000,222057.20420000,350170280.88022600,2013738
1782864000000,2026-07-01,1572.00000000,1646.26000000,1552.92000000,1609.58000000,306536.31100000,490560666.67279700,2678598
1782950400000,2026-07-02,1609.59000000,1725.00000000,1597.22000000,1700.57000000,373453.50820000,623263881.11862700,2999563
1783036800000,2026-07-03,1700.57000000,1775.78000000,1694.72000000,1758.21000000,244416.86800000,423991252.44646700,2558467
1783123200000,2026-07-04,1758.22000000,1807.65000000,1744.09000000,1780.64000000,190880.14970000,338974331.94968600,1984105
1783209600000,2026-07-05,1780.64000000,1808.00000000,1748.79000000,1785.65000000,389673.41910000,688573118.49607900,2710301
1783296000000,2026-07-06,1785.65000000,1833.40000000,1728.95000000,1799.56000000,305879.33040000,543793458.05043900,2770665
1783382400000,2026-07-07,1799.56000000,1813.16000000,1757.57000000,1771.45000000,241536.72530000,430535778.21159800,2520272
1783468800000,2026-07-08,1771.45000000,1785.00000000,1713.44000000,1743.54000000,225231.22540000,392443741.00134200,2459826
1783555200000,2026-07-09,1743.55000000,1762.36000000,1721.93000000,1745.16000000,173705.25720000,303099797.64520500,1852063
1783641600000,2026-07-10,1745.17000000,1812.00000000,1737.68000000,1796.85000000,215605.80450000,384955634.87069700,1885371
1783728000000,2026-07-11,1796.85000000,1830.00000000,1786.58000000,1787.76000000,178703.41830000,323458409.34515700,1196630
1783814400000,2026-07-12,1787.76000000,1826.92000000,1779.46000000,1806.80000000,141072.98350000,255198846.99317700,1163165
1783900800000,2026-07-13,1806.80000000,1846.00000000,1750.20000000,1776.72000000,295031.61980000,526935050.09030200,2649302
1783987200000,2026-07-14,1776.71000000,1896.14000000,1773.41000000,1891.87000000,368913.77200000,679973505.26953800,3283907
1784073600000,2026-07-15,1891.87000000,1946.52000000,1864.38000000,1917.86000000,319800.96930000,610469249.64272700,2766157
1784160000000,2026-07-16,1917.86000000,1929.48000000,1857.54000000,1864.71000000,271689.08630000,513230705.74106000,2577028
1784246400000,2026-07-17,1864.71000000,1871.08000000,1803.05000000,1841.93000000,253027.75560000,464360361.59667500,2654101
1784332800000,2026-07-18,1841.94000000,1867.58000000,1837.58000000,1862.61000000,92597.92320000,171263880.03790200,898148
1784419200000,2026-07-19,1862.61000000,1879.38000000,1851.71000000,1872.23000000,143922.66620000,268830201.62559200,1375145
1784505600000,2026-07-20,1872.24000000,1918.16000000,1843.14000000,1904.77000000,271195.63300000,510211033.82208100,2898762
1784592000000,2026-07-21,1904.77000000,1953.00000000,1900.74000000,1930.09000000,326965.67790000,631388165.10664200,2430342
1784678400000,2026-07-22,1930.09000000,1956.45000000,1910.68000000,1934.25000000,251140.82530000,485196087.24341500,2535468
