open_time_ms,date,open,high,low,close,volume,quote_volume,trades
1698364800000,2023-10-27,32.78000000,33.35000000,31.20000000,31.73000000,6273331.35000000,202864018.83500000,267809
1698451200000,2023-10-28,31.73000000,32.51000000,31.35000000,31.63000000,2594478.41000000,82954765.45070000,115942
1698537600000,2023-10-29,31.62000000,33.19000000,31.27000000,32.83000000,3483834.90000000,113025329.75750000,143590
1698624000000,2023-10-30,32.83000000,35.35000000,32.28000000,34.94000000,7627255.13000000,260895757.81880000,302180
1698710400000,2023-10-31,34.94000000,38.62000000,34.82000000,38.40000000,9267665.69000000,337465622.32930000,418248
1698796800000,2023-11-01,38.41000000,46.90000000,37.81000000,41.15000000,19486359.98000000,804674930.00290000,1118913
1698883200000,2023-11-02,41.16000000,44.57000000,38.65000000,40.23000000,14743830.91000000,615193542.09570000,803736
1698969600000,2023-11-03,40.24000000,40.26000000,37.98000000,39.45000000,10290073.48000000,402362618.13820000,499933
1699056000000,2023-11-04,39.45000000,42.72000000,39.00000000,42.41000000,7452581.71000000,307758388.51080000,375836
1699142400000,2023-11-05,42.41000000,42.85000000,40.10000000,41.15000000,4117962.39000000,170745448.07140000,243247
1699228800000,2023-11-06,41.16000000,42.20000000,39.66000000,42.16000000,4866558.59000000,197526734.99150000,311052
1699315200000,2023-11-07,42.16000000,44.78000000,40.08000000,42.93000000,8826660.47000000,372908004.03040000,533222
1699401600000,2023-11-08,42.93000000,43.88000000,42.25000000,43.13000000,4580371.01000000,197444613.60900000,257006
1699488000000,2023-11-09,43.12000000,48.88000000,41.36000000,45.29000000,12546941.33000000,572434384.90240000,827876
1699574400000,2023-11-10,45.30000000,57.54000000,45.05000000,56.67000000,14708555.35000000,748150174.96560000,1162737
1699660800000,2023-11-11,56.67000000,63.95000000,53.55000000,56.34000000,13790858.30000000,802941068.37400000,1270979
1699747200000,2023-11-12,56.36000000,61.86000000,54.50000000,56.28000000,10246085.39000000,593063677.35000000,937454
1699833600000,2023-11-13,56.27000000,59.86000000,51.28000000,51.60000000,11066863.24000000,619757525.55140000,1105038
1699920000000,2023-11-14,51.60000000,57.99000000,51.12000000,56.81000000,12213778.24000000,669746384.38610000,1083209
1700006400000,2023-11-15,56.81000000,67.12000000,56.15000000,65.43000000,12800109.28000000,793157487.20100000,1286609
1700092800000,2023-11-16,65.43000000,68.20000000,56.31000000,57.80000000,13868327.04000000,873421967.78290000,1258736
1700179200000,2023-11-17,57.81000000,60.57000000,54.10000000,58.51000000,11968303.78000000,691077611.19320000,992117
1700265600000,2023-11-18,58.52000000,59.37000000,54.70000000,58.56000000,7374946.50000000,423498344.49160000,554041
1700352000000,2023-11-19,58.56000000,62.10000000,56.61000000,61.10000000,7009650.09000000,420647369.44720000,552196
1700438400000,2023-11-20,61.10000000,61.33000000,56.00000000,56.57000000,7127562.28000000,419235822.36550000,593999
1700524800000,2023-11-21,56.57000000,57.40000000,51.23000000,51.65000000,10741088.90000000,586407080.00820000,810170
1700611200000,2023-11-22,51.65000000,58.94000000,51.43000000,57.56000000,7891464.65000000,437326650.28530000,471290
1700697600000,2023-11-23,57.55000000,59.63000000,56.14000000,56.51000000,4925635.15000000,284148025.19510000,383230
1700784000000,2023-11-24,56.52000000,58.79000000,56.20000000,56.86000000,3905651.92000000,224921680.87430000,319344
1700870400000,2023-11-25,56.86000000,59.82000000,55.70000000,58.82000000,4095129.28000000,239441357.65410000,314780
1700956800000,2023-11-26,58.81000000,59.04000000,56.12000000,57.57000000,3097837.47000000,178464407.28270000,250802
1701043200000,2023-11-27,57.57000000,58.09000000,53.47000000,55.06000000,4618869.60000000,255149638.21610000,357965
1701129600000,2023-11-28,55.06000000,58.65000000,53.94000000,58.18000000,5642915.95000000,318405563.22790000,367903
1701216000000,2023-11-29,58.18000000,61.78000000,57.72000000,59.31000000,7574392.84000000,452934119.58930000,484253
1701302400000,2023-11-30,59.31000000,61.70000000,58.75000000,59.30000000,4597104.01000000,275587046.65800000,341750
1701388800000,2023-12-01,59.30000000,61.90000000,58.60000000,59.75000000,5422494.06000000,328236649.12860000,382246
1701475200000,2023-12-02,59.74000000,63.90000000,59.67000000,63.66000000,4898503.76000000,303922362.68540000,364915
1701561600000,2023-12-03,63.66000000,65.53000000,62.22000000,62.98000000,4675198.65000000,297939228.06200000,360268
1701648000000,2023-12-04,62.99000000,65.25000000,59.75000000,61.64000000,7696216.19000000,480297269.40670000,525683
1701734400000,2023-12-05,61.63000000,62.60000000,59.11000000,61.03000000,6032438.26000000,365959805.86310000,399777
1701820800000,2023-12-06,61.04000000,66.68000000,61.03000000,61.85000000,11121135.68000000,708229617.18340000,848401
1701907200000,2023-12-07,61.85000000,69.37000000,61.64000000,67.74000000,10648583.32000000,693832168.86710000,771637
1701993600000,2023-12-08,67.74000000,75.30000000,67.74000000,74.94000000,11314830.34800000,813635345.24784600,814049
1702080000000,2023-12-09,74.93000000,77.78000000,71.50000000,72.30000000,8809964.30000000,661734151.01190000,695172
1702166400000,2023-12-10,72.31000000,74.89000000,70.67000000,74.87000000,5886808.01000000,429356414.64880000,434901
1702252800000,2023-12-11,74.88000000,75.00000000,64.18000000,70.25000000,12970688.47000000,901955694.28180000,974088
1702339200000,2023-12-12,70.24000000,72.42000000,65.75000000,68.60000000,7763463.64000000,541671172.22830000,588718
1702425600000,2023-12-13,68.60000000,72.60000000,63.67000000,70.62000000,8271925.44000000,559579173.07340000,603343
1702512000000,2023-12-14,70.62000000,76.24000000,68.18000000,75.68000000,7493589.41000000,543474285.62420000,633186
1702598400000,2023-12-15,75.68000000,79.50000000,72.13000000,72.51000000,8834567.44000000,673033918.09970000,786885
1702684800000,2023-12-16,72.51000000,77.22000000,71.18000000,73.72000000,5513079.61000000,410808269.58640000,466725
1702771200000,2023-12-17,73.71000000,75.05000000,70.36000000,70.87000000,5108641.26000000,372478234.03440000,422507
1702857600000,2023-12-18,70.85000000,75.46000000,67.00000000,74.42000000,7219822.33000000,509564447.46180000,611266
1702944000000,2023-12-19,74.41000000,76.37000000,71.78000000,73.00000000,6086806.16000000,452723595.90810000,527336
1703030400000,2023-12-20,73.00000000,84.14000000,72.96000000,82.21000000,10701294.29000000,844729188.45020000,949815
1703116800000,2023-12-21,82.22000000,95.54000000,81.03000000,93.84000000,12129644.35000000,1071627249.96010000,1243866
1703203200000,2023-12-22,93.86000000,99.50000000,90.34000000,97.90000000,11975121.56000000,1142233209.19150000,1304087
1703289600000,2023-12-23,97.91000000,110.00000000,92.80000000,107.88000000,8336420.60000000,834085981.57200000,993004
1703376000000,2023-12-24,107.88000000,118.10000000,107.30000000,112.45000000,12261699.03000000,1381818060.28290000,1666365
1703462400000,2023-12-25,112.45000000,126.36000000,107.92000000,120.91000000,11114497.92000000,1304701622.32380000,1530670
1703548800000,2023-12-26,120.91000000,121.36000000,102.09000000,112.49000000,12300095.38000000,1381917663.71650000,1600432
1703635200000,2023-12-27,112.48000000,115.30000000,104.58000000,106.91000000,8972638.90000000,984653333.03840000,1233525
1703721600000,2023-12-28,106.92000000,109.66000000,97.14000000,101.80000000,10194201.02000000,1043685011.56190000,1255836
1703808000000,2023-12-29,101.80000000,110.00000000,99.00000000,106.17000000,9432538.67000000,998024734.43060000,1208220
1703894400000,2023-12-30,106.17000000,107.47000000,100.62000000,101.90000000,4178339.62000000,432370368.80490000,527519
1703980800000,2023-12-31,101.90000000,105.21000000,99.54000000,101.72000000,3821990.67000000,393154901.34420000,490129
1704067200000,2024-01-01,101.72000000,109.93000000,101.44000000,109.91000000,4403310.37000000,464763783.10890000,563530
1704153600000,2024-01-02,109.93000000,116.95000000,106.02000000,106.73000000,7831366.05000000,872701826.11610000,1029366
1704240000000,2024-01-03,106.72000000,109.90000000,85.00000000,98.52000000,12221060.38000000,1229680872.76490000,1428502
1704326400000,2024-01-04,98.52000000,108.15000000,96.60000000,104.91000000,7235482.95000000,737464117.30160000,828177
1704412800000,2024-01-05,104.91000000,105.48000000,95.23000000,99.94000000,6703567.21000000,670654588.26400000,792668
1704499200000,2024-01-06,99.93000000,100.30000000,91.53000000,93.77000000,5151478.03000000,489617161.26860000,613981
1704585600000,2024-01-07,93.77000000,96.80000000,87.68000000,89.44000000,5547334.15000000,518106999.38830000,610413
1704672000000,2024-01-08,89.44000000,99.97000000,85.16000000,97.88000000,9677497.13000000,898941032.18470000,1011344
1704758400000,2024-01-09,97.88000000,104.89000000,95.25000000,99.36000000,8574930.67000000,856996851.97270000,1264291
1704844800000,2024-01-10,99.36000000,105.52000000,91.68000000,102.00000000,8634280.07000000,844272802.60540000,1171099
1704931200000,2024-01-11,101.99000000,107.32000000,97.67000000,99.90000000,8986682.95000000,917867725.42330000,1293558
1705017600000,2024-01-12,99.89000000,100.49000000,87.00000000,92.12000000,6462190.24000000,617727525.69660000,875300
1705104000000,2024-01-13,92.14000000,97.05000000,89.51000000,95.85000000,4054010.92000000,378014581.52990000,483031
1705190400000,2024-01-14,95.85000000,102.87000000,93.62000000,93.81000000,5767904.66000000,563898813.33970000,756466
1705276800000,2024-01-15,93.81000000,96.96000000,92.97000000,94.36000000,3605978.31000000,343222588.91550000,434916
1705363200000,2024-01-16,94.35000000,98.73000000,94.16000000,97.61000000,3768288.08000000,364626155.02710000,443725
1705449600000,2024-01-17,97.60000000,102.80000000,96.50000000,102.10000000,6932306.54000000,694509428.59280000,890899
1705536000000,2024-01-18,102.10000000,103.59000000,91.41000000,94.40000000,6216673.00000000,605242236.53430000,714584
1705622400000,2024-01-19,94.39000000,95.47000000,87.04000000,93.62000000,6357442.75000000,586831116.74000000,684705
1705708800000,2024-01-20,93.62000000,94.27000000,90.20000000,92.88000000,2799385.87000000,258219863.82510000,301796
1705795200000,2024-01-21,92.88000000,93.93000000,90.79000000,91.09000000,2013751.83000000,186423090.09210000,229723
1705881600000,2024-01-22,91.08000000,91.90000000,82.06000000,83.84000000,7065444.82000000,613926823.35880000,708563
1705968000000,2024-01-23,83.84000000,86.00000000,79.00000000,84.35000000,8284305.33000000,677658028.81720000,830273
1706054400000,2024-01-24,84.36000000,89.47000000,83.30000000,88.77000000,6058894.15000000,522038046.01900000,591745
1706140800000,2024-01-25,88.77000000,89.64000000,85.09000000,86.91000000,4002698.20000000,350394786.47190000,475624
1706227200000,2024-01-26,86.90000000,93.72000000,85.96000000,92.28000000,4693818.55000000,425941268.20700000,560673
1706313600000,2024-01-27,92.29000000,94.50000000,90.68000000,94.28000000,2735837.45000000,253216534.31180000,302341
1706400000000,2024-01-28,94.27000000,99.44000000,93.31000000,95.98000000,5618408.23000000,541703113.86270000,648842
1706486400000,2024-01-29,95.99000000,101.98000000,95.06000000,101.68000000,5772519.82000000,569954869.72520000,634094
1706572800000,2024-01-30,101.67000000,106.49000000,100.95000000,101.40000000,6990527.25000000,726848061.36780000,743499
1706659200000,2024-01-31,101.40000000,102.73000000,95.90000000,96.96000000,8609956.87000000,859420024.33370000,914548
1706745600000,2024-02-01,96.96000000,98.11000000,93.11000000,97.81000000,6556006.07000000,627562058.69940000,652301
1706832000000,2024-02-02,97.81000000,102.57000000,97.39000000,100.58000000,5487861.84000000,548625813.66620000,580111
1706918400000,2024-02-03,100.57000000,101.24000000,96.53000000,97.96000000,2787373.11000000,274762025.03280000,292310
1707004800000,2024-02-04,97.95000000,98.59000000,95.08000000,95.49000000,2914876.34000000,282911440.80330000,295763
1707091200000,2024-02-05,95.48000000,98.70000000,94.11000000,95.66000000,3891146.06000000,375072768.13810000,381857
1707177600000,2024-02-06,95.66000000,97.88000000,92.88000000,96.88000000,4279238.07000000,408309176.20140000,407235
1707264000000,2024-02-07,96.87000000,101.58000000,94.62000000,101.14000000,4577672.06000000,446039059.91970000,489245
1707350400000,2024-02-08,101.14000000,104.98000000,100.51000000,102.76000000,5082811.46000000,521415121.73230000,574488
1707436800000,2024-02-09,102.77000000,109.13000000,102.76000000,106.94000000,6686758.45000000,705846559.51410000,724146
1707523200000,2024-02-10,106.94000000,110.86000000,106.86000000,109.01000000,3939526.49000000,429171975.24340000,451222
1707609600000,2024-02-11,109.01000000,110.67000000,107.24000000,107.46000000,2755398.40000000,300070898.86570000,337007
1707696000000,2024-02-12,107.46000000,112.22000000,103.40000000,111.64000000,6169652.05000000,665452212.16850000,684788
1707782400000,2024-02-13,111.65000000,115.15000000,108.25000000,112.48000000,5622825.56000000,631903077.79330000,674183
1707868800000,2024-02-14,112.49000000,118.69000000,110.61000000,116.97000000,4884824.42000000,563977441.67390000,593380
1707955200000,2024-02-15,116.97000000,118.39000000,111.51000000,113.50000000,4927735.50000000,567749563.97490000,658457
1708041600000,2024-02-16,113.50000000,114.25000000,107.94000000,110.33000000,3947132.77000000,438070793.20230000,521407
1708128000000,2024-02-17,110.32000000,111.08000000,105.00000000,108.92000000,2897705.67000000,314210779.89930000,388340
1708214400000,2024-02-18,108.92000000,114.04000000,107.51000000,112.24000000,3083833.73000000,343205223.46570000,414145
1708300800000,2024-02-19,112.25000000,114.87000000,110.75000000,111.53000000,3746704.95000000,422129836.04570000,514577
1708387200000,2024-02-20,111.53000000,112.11000000,103.00000000,108.31000000,5676734.13000000,614703000.80990000,732595
1708473600000,2024-02-21,108.32000000,108.40000000,100.23000000,105.03000000,4752688.01000000,493622986.47060000,638631
1708560000000,2024-02-22,105.04000000,107.10000000,101.53000000,101.76000000,3905642.33000000,408028903.11970000,532651
1708646400000,2024-02-23,101.75000000,103.10000000,98.64000000,99.90000000,3546853.99000000,359325149.93840000,441289
1708732800000,2024-02-24,99.91000000,104.85000000,98.48000000,104.01000000,2334116.02000000,237972991.02250000,300412
1708819200000,2024-02-25,104.02000000,104.43000000,102.00000000,103.47000000,1967184.81000000,202983222.20780000,285185
1708905600000,2024-02-26,103.47000000,110.89000000,100.29000000,109.90000000,5392138.71000000,570413289.46480000,723403
1708992000000,2024-02-27,109.90000000,112.30000000,105.29000000,108.36000000,6198163.52000000,679932921.20060000,910828
1709078400000,2024-02-28,108.35000000,119.06000000,106.85000000,119.03000000,11832282.01000000,1332835060.49580000,1812047
1709164800000,2024-02-29,119.03000000,134.65000000,117.15000000,125.68000000,13847087.32000000,1758043857.42170000,2407149
1709251200000,2024-03-01,125.68000000,137.80000000,125.61000000,129.43000000,8376631.09000000,1112504025.33270000,1579108
1709337600000,2024-03-02,129.43000000,131.69000000,127.20000000,130.02000000,4693251.94000000,605833422.17760000,935924
1709424000000,2024-03-03,130.03000000,132.11000000,124.17000000,130.16000000,5228370.86000000,674383368.58000000,957739
1709510400000,2024-03-04,130.16000000,134.95000000,127.35000000,133.27000000,8053684.79000000,1054037091.22050000,1354011
1709596800000,2024-03-05,133.26000000,142.72000000,105.00000000,125.31000000,17035242.52000000,2212988765.09510000,2728801
1709683200000,2024-03-06,125.31000000,134.95000000,120.00000000,130.79000000,9581617.48000000,1233993440.98010000,1528038
1709769600000,2024-03-07,130.80000000,149.30000000,130.52000000,143.82000000,10952975.30000000,1553231320.47470000,1976430
1709856000000,2024-03-08,143.82000000,152.64000000,142.00000000,144.79000000,8096745.65000000,1186459433.42290000,1440300
1709942400000,2024-03-09,144.79000000,149.15000000,143.54000000,144.29000000,3686876.81000000,539026432.73400000,669430
1710028800000,2024-03-10,144.30000000,148.50000000,140.43000000,144.39000000,4489519.25000000,651013489.98280000,754488
1710115200000,2024-03-11,144.39000000,150.20000000,136.49000000,148.83000000,7743384.35000000,1126194337.66580000,1296958
1710201600000,2024-03-12,148.83000000,155.00000000,141.50000000,151.05000000,8930538.00000000,1337735992.29900000,1590998
1710288000000,2024-03-13,151.06000000,166.73000000,148.71000000,163.90000000,7627285.95000000,1188025236.90350000,1411841
1710374400000,2024-03-14,163.90000000,178.50000000,159.20000000,176.65000000,10423585.86000000,1755161226.80100000,2198598
1710460800000,2024-03-15,176.65000000,188.98000000,164.50000000,183.95000000,17484961.60000000,3111253071.41390000,3444279
1710547200000,2024-03-16,183.95000000,197.95000000,176.78000000,182.05000000,13017058.01000000,2445058679.46210000,2909824
1710633600000,2024-03-17,182.05000000,205.20000000,178.55000000,201.86000000,10524537.06000000,2004364577.51840000,2323291
1710720000000,2024-03-18,201.85000000,210.18000000,193.80000000,195.92000000,11583736.08000000,2344955653.17510000,2540129
1710806400000,2024-03-19,195.92000000,198.68000000,166.00000000,169.82000000,16935298.87000000,3057454424.49430000,3396222
1710892800000,2024-03-20,169.82000000,193.19000000,162.45000000,191.77000000,12365784.68000000,2168361320.83780000,2660068
1710979200000,2024-03-21,191.76000000,195.68000000,175.84000000,179.46000000,8064316.56000000,1503728905.92720000,1955883
1711065600000,2024-03-22,179.46000000,181.95000000,167.57000000,175.21000000,6152106.89000000,1071851931.73560000,1468995
1711152000000,2024-03-23,175.21000000,179.00000000,170.38000000,172.65000000,3504716.61000000,614080772.87990000,859128
1711238400000,2024-03-24,172.65000000,186.78000000,171.25000000,183.88000000,3578259.38000000,633069986.07300000,800450
1711324800000,2024-03-25,183.87000000,194.60000000,180.92000000,188.99000000,5240091.85000000,990571953.49720000,1122467
1711411200000,2024-03-26,188.98000000,196.57000000,186.00000000,190.46000000,4465611.36000000,855869951.72650000,968440
1711497600000,2024-03-27,190.46000000,192.74000000,180.00000000,186.33000000,5173929.09000000,963119325.23710000,1098295
1711584000000,2024-03-28,186.34000000,190.93000000,180.92000000,189.63000000,3602194.14000000,670716258.48360000,749165
1711670400000,2024-03-29,189.64000000,193.00000000,183.39000000,192.01000000,3580115.76000000,671638567.42550000,728399
1711756800000,2024-03-30,192.02000000,200.00000000,190.71000000,194.20000000,3491334.38000000,684129474.87230000,758168
1711843200000,2024-03-31,194.19000000,203.17000000,193.69000000,202.45000000,2398135.45000000,474008544.46400000,522989
1711929600000,2024-04-01,202.45000000,204.46000000,186.87000000,192.24000000,4599776.65000000,898620905.57710000,932165
1712016000000,2024-04-02,192.24000000,192.24000000,175.92000000,181.53000000,5766777.40000000,1054470061.65030000,1161554
1712102400000,2024-04-03,181.53000000,192.00000000,176.92000000,185.05000000,5010275.57000000,936613348.87620000,961764
1712188800000,2024-04-04,185.05000000,190.13000000,180.02000000,184.00000000,3773747.36000000,698792503.64500000,728988
1712275200000,2024-04-05,184.00000000,185.07000000,167.84000000,174.37000000,5000847.22000000,873276254.34070000,1053497
1712361600000,2024-04-06,174.37000000,179.89000000,173.54000000,178.68000000,2641869.38000000,467410701.06990000,494775
1712448000000,2024-04-07,178.69000000,182.71000000,176.85000000,179.52000000,2235798.23000000,402864467.69640000,460972
1712534400000,2024-04-08,179.51000000,184.68000000,175.25000000,180.68000000,3690701.97000000,666300708.13330000,659397
1712620800000,2024-04-09,180.68000000,180.90000000,169.11000000,172.42000000,3401885.89000000,595711370.24350000,638002
1712707200000,2024-04-10,172.41000000,175.50000000,162.28000000,173.31000000,4653467.65000000,789367464.63010000,790630
1712793600000,2024-04-11,173.30000000,176.32000000,170.07000000,172.37000000,3761197.49000000,651891318.36900000,649962
1712880000000,2024-04-12,172.37000000,175.98000000,141.00000000,153.16000000,6842096.22000000,1093302149.24220000,1252007
1712966400000,2024-04-13,153.16000000,155.00000000,116.00000000,138.47000000,15444420.06000000,2156725925.99700000,2344436
1713052800000,2024-04-14,138.47000000,152.84000000,130.45000000,151.25000000,12428370.68000000,1742133326.17800000,1910814
1713139200000,2024-04-15,151.26000000,156.06000000,133.56000000,138.51000000,9332424.74000000,1359049188.77210000,1498623
1713225600000,2024-04-16,138.51000000,140.57000000,126.40000000,136.22000000,9794711.90000000,1308017674.43110000,1530833
1713312000000,2024-04-17,136.21000000,142.77000000,126.87000000,131.84000000,9559485.27000000,1287664513.08000000,1498645
1713398400000,2024-04-18,131.84000000,144.25000000,127.62000000,142.07000000,7805067.82000000,1057713479.81530000,1213277
1713484800000,2024-04-19,142.08000000,147.49000000,128.50000000,142.50000000,11145361.53000000,1564359376.95300000,1717920
1713571200000,2024-04-20,142.50000000,152.39000000,139.66000000,151.22000000,4855973.67000000,705680673.94510000,796179
1713657600000,2024-04-21,151.21000000,153.50000000,146.68000000,148.80000000,3646801.53000000,546975842.84480000,600110
1713744000000,2024-04-22,148.81000000,158.50000000,146.63000000,156.95000000,4967360.16000000,760453706.31630000,804446
1713830400000,2024-04-23,156.94000000,160.00000000,153.04000000,154.75000000,4102272.11000000,641853097.13330000,683700
1713916800000,2024-04-24,154.75000000,159.80000000,145.58000000,147.78000000,6491963.00000000,1000742354.25040000,1056785
1714003200000,2024-04-25,147.79000000,149.60000000,142.09000000,144.84000000,5417465.27000000,792818208.05240000,783470
1714089600000,2024-04-26,144.83000000,146.19000000,138.74000000,139.23000000,3749353.51000000,536537208.98170000,616776
1714176000000,2024-04-27,139.23000000,143.04000000,132.88000000,141.31000000,3821061.91000000,527111064.54100000,569425
1714262400000,2024-04-28,141.31000000,144.82000000,137.03000000,137.99000000,2951913.56000000,420263449.81820000,438504
1714348800000,2024-04-29,137.99000000,138.93000000,133.38000000,137.77000000,4267883.49700000,578946009.02877000,616036
1714435200000,2024-04-30,137.79000000,139.77000000,121.21000000,126.77000000,6026555.48800000,780739771.36254000,989314
1714521600000,2024-05-01,126.76000000,135.97000000,118.47000000,134.64000000,7991325.27100000,1008351786.04678000,1235535
1714608000000,2024-05-02,134.64000000,140.90000000,128.19000000,137.58000000,5743465.62100000,775239966.24235000,881829
1714694400000,2024-05-03,137.58000000,145.00000000,135.88000000,143.69000000,4524855.55600000,636701248.97452000,758139
1714780800000,2024-05-04,143.70000000,149.14000000,142.22000000,146.05000000,2808003.24000000,409395252.13994000,500318
1714867200000,2024-05-05,146.05000000,148.00000000,143.10000000,145.73000000,2131850.26300000,310504070.39615000,396560
1714953600000,2024-05-06,145.74000000,156.89000000,145.40000000,152.82000000,4787441.56700000,729944626.53061000,854076
1715040000000,2024-05-07,152.81000000,159.19000000,147.76000000,148.03000000,4486379.59600000,692683918.35024000,792273
1715126400000,2024-05-08,148.03000000,152.00000000,140.00000000,142.18000000,4533265.34100000,661888498.59383000,756740
1715212800000,2024-05-09,142.17000000,153.39000000,140.61000000,152.57000000,3912139.90800000,571152033.41234000,692980
1715299200000,2024-05-10,152.56000000,155.75000000,144.49000000,146.01000000,4124775.20800000,618548257.76221000,802880
1715385600000,2024-05-11,146.02000000,147.70000000,143.12000000,145.42000000,2017032.81400000,292868240.91002000,401566
1715472000000,2024-05-12,145.42000000,147.80000000,142.50000000,143.43000000,1422547.62700000,206518187.54230000,309808
1715558400000,2024-05-13,143.42000000,150.88000000,137.78000000,147.54000000,4407929.92300000,636617019.96036000,766364
1715644800000,2024-05-14,147.53000000,149.09000000,141.82000000,142.03000000,3389933.37100000,491650914.90056000,573013
1715731200000,2024-05-15,142.03000000,158.88000000,141.21000000,158.52000000,4885274.20300000,734214270.26841000,749405
1715817600000,2024-05-16,158.52000000,164.79000000,156.46000000,159.37000000,4200112.76500000,675510074.16727000,763259
1715904000000,2024-05-17,159.36000000,174.00000000,159.32000000,169.44000000,4097186.84100000,682669638.66178000,728905
1715990400000,2024-05-18,169.43000000,176.06000000,168.65000000,172.40000000,2874473.99700000,496940232.56438000,577304
1716076800000,2024-05-19,172.40000000,175.50000000,165.96000000,169.93000000,2696984.07400000,460508285.32582000,502213
1716163200000,2024-05-20,169.93000000,188.32000000,167.47000000,186.70000000,5690568.99800000,1022051849.66920000,1057452
1716249600000,2024-05-21,186.69000000,188.89000000,174.37000000,178.15000000,4727780.06400000,854999395.09577000,877587
1716336000000,2024-05-22,178.15000000,185.00000000,174.96000000,176.95000000,4272900.12700000,766148690.37294000,850875
1716422400000,2024-05-23,176.96000000,181.04000000,165.35000000,176.16000000,5598921.63000000,977277434.41105000,1037830
1716508800000,2024-05-24,176.15000000,176.15000000,162.50000000,167.70000000,4819660.64200000,810028558.31071000,856617
1716595200000,2024-05-25,167.70000000,170.55000000,165.90000000,168.35000000,1911443.13500000,321691312.78369000,405433
1716681600000,2024-05-26,168.35000000,168.40000000,161.00000000,163.41000000,3126117.98900000,512894771.41766000,537560
1716768000000,2024-05-27,163.42000000,172.28000000,163.26000000,170.15000000,3260017.05500000,547344142.94860000,591480
1716854400000,2024-05-28,170.15000000,173.24000000,164.92000000,168.68000000,3779251.34300000,637522900.01295000,714064
1716940800000,2024-05-29,168.68000000,173.93000000,167.00000000,168.32000000,2946277.29400000,500443628.71600000,607907
1717027200000,2024-05-30,168.32000000,173.00000000,163.55000000,166.88000000,3307767.04700000,555770168.75021000,592495
1717113600000,2024-05-31,166.88000000,170.94000000,163.67000000,165.65000000,2592736.38800000,432816352.94655000,476139
1717200000000,2024-06-01,165.65000000,167.95000000,165.64000000,166.14000000,1070498.92800000,178824432.11781000,214954
1717286400000,2024-06-02,166.14000000,167.10000000,161.32000000,163.15000000,1669577.98600000,274722936.49486000,308808
1717372800000,2024-06-03,163.14000000,167.21000000,161.79000000,164.89000000,2378016.53200000,392561788.00562000,409680
1717459200000,2024-06-04,164.90000000,171.87000000,164.31000000,171.78000000,2124954.01500000,356126382.83239000,384488
1717545600000,2024-06-05,171.78000000,175.60000000,170.00000000,173.54000000,2560223.58900000,443704811.36120000,435543
1717632000000,2024-06-06,173.55000000,174.40000000,167.51000000,170.15000000,2116238.23400000,363765530.70853000,360006
1717718400000,2024-06-07,170.15000000,172.85000000,152.92000000,162.50000000,3538852.09100000,584574048.04206000,665965
1717804800000,2024-06-08,162.51000000,163.78000000,157.37000000,157.83000000,1789882.65000000,287653524.77527000,338015
1717891200000,2024-06-09,157.83000000,163.04000000,156.52000000,162.12000000,1444905.00000000,231109362.89601000,268602
1717977600000,2024-06-10,162.12000000,163.18000000,157.46000000,159.05000000,1760276.95400000,281863612.18113000,349749
1718064000000,2024-06-11,159.04000000,159.75000000,145.20000000,149.31000000,3646582.77700000,554100633.37648000,736163
1718150400000,2024-06-12,149.31000000,161.84000000,145.44000000,155.22000000,3851856.39400000,598161585.14139000,801266
1718236800000,2024-06-13,155.21000000,155.21000000,146.03000000,147.29000000,2573289.11100000,385605225.31535000,552143
1718323200000,2024-06-14,147.29000000,149.00000000,139.67000000,143.05000000,3183461.49300000,460357684.10748000,606662
1718409600000,2024-06-15,143.04000000,145.78000000,142.92000000,145.52000000,1346924.92200000,194646238.58695000,304623
1718496000000,2024-06-16,145.52000000,151.35000000,143.08000000,151.30000000,1405879.42700000,206570978.08947000,299425
1718582400000,2024-06-17,151.30000000,151.79000000,139.85000000,143.27000000,3412959.81200000,494336447.73763000,637261
1718668800000,2024-06-18,143.28000000,143.82000000,127.95000000,137.41000000,6557976.71000000,888291180.97423000,1134962
1718755200000,2024-06-19,137.41000000,141.90000000,134.47000000,135.62000000,3536777.46800000,488039592.77287000,614546
1718841600000,2024-06-20,135.62000000,141.29000000,131.90000000,133.55000000,3507680.50800000,475840535.65983000,659932
1718928000000,2024-06-21,133.55000000,135.38000000,128.76000000,134.60000000,3230074.02700000,426673566.80230000,631539
1719014400000,2024-06-22,134.61000000,136.74000000,133.00000000,133.69000000,1399215.89100000,188365519.28270000,334153
1719100800000,2024-06-23,133.70000000,135.09000000,128.22000000,128.69000000,1492401.23100000,197001384.22396000,361092
1719187200000,2024-06-24,128.68000000,132.66000000,122.00000000,132.33000000,5583497.77700000,709427098.28488000,1013696
1719273600000,2024-06-25,132.34000000,139.90000000,131.20000000,136.58000000,3963661.70400000,541175887.65102000,777729
1719360000000,2024-06-26,136.57000000,140.41000000,134.85000000,136.81000000,2503428.06600000,343612682.12807000,454579
1719446400000,2024-06-27,136.81000000,151.21000000,135.20000000,149.71000000,4450967.43600000,646251166.23058000,762694
1719532800000,2024-06-28,149.71000000,150.84000000,139.01000000,140.03000000,3339031.26700000,481073901.27222000,646751
1719619200000,2024-06-29,140.03000000,143.26000000,139.67000000,140.28000000,1468985.54300000,208157309.84296000,286106
1719705600000,2024-06-30,140.28000000,147.62000000,137.09000000,146.61000000,2086670.18900000,296853184.38976000,461577
1719792000000,2024-07-01,146.61000000,149.36000000,145.87000000,146.67000000,2280252.83600000,336552447.23335000,506412
1719878400000,2024-07-02,146.68000000,155.00000000,146.14000000,154.03000000,2776061.29200000,417015417.22148000,650428
1719964800000,2024-07-03,154.03000000,154.50000000,139.01000000,140.84000000,4189341.93300000,607418245.77144000,942154
1720051200000,2024-07-04,140.84000000,142.75000000,127.20000000,127.86000000,5230812.15800000,702763141.49909000,1340234
1720137600000,2024-07-05,127.85000000,136.58000000,121.00000000,134.32000000,7669471.23100000,983389317.89722000,1888690
1720224000000,2024-07-06,134.32000000,144.35000000,132.33000000,143.05000000,2873919.13600000,398979042.90841000,809402
1720310400000,2024-07-07,143.05000000,143.33000000,131.23000000,131.64000000,2590805.36900000,357932288.79140000,824773
1720396800000,2024-07-08,131.64000000,142.00000000,127.77000000,139.81000000,5708358.00800000,778233609.89992000,1758085
1720483200000,2024-07-09,139.81000000,144.33000000,136.45000000,141.42000000,3363673.60600000,474835006.13947000,933893
1720569600000,2024-07-10,141.43000000,146.20000000,138.60000000,141.98000000,2700825.89300000,384433518.86052000,768227
1720656000000,2024-07-11,141.99000000,146.10000000,135.64000000,135.73000000,3363094.13000000,472185792.21612000,946184
1720742400000,2024-07-12,135.73000000,140.55000000,133.92000000,139.46000000,2929528.43100000,400570824.13592000,829615
1720828800000,2024-07-13,139.47000000,143.60000000,137.94000000,141.90000000,1357177.62100000,190214241.69670000,448463
1720915200000,2024-07-14,141.89000000,148.56000000,141.87000000,147.66000000,2997466.75700000,435942051.37289000,768260
1721001600000,2024-07-15,147.66000000,159.95000000,147.00000000,159.38000000,3428848.52200000,526088294.36737000,1139996
1721088000000,2024-07-16,159.37000000,162.49000000,152.57000000,160.62000000,3988105.45400000,629159430.00225000,1421402
1721174400000,2024-07-17,160.62000000,163.80000000,154.68000000,155.50000000,2840583.09000000,453684708.72590000,971401
1721260800000,2024-07-18,155.50000000,161.60000000,155.07000000,159.22000000,2584704.12400000,409279722.45088000,901379
1721347200000,2024-07-19,159.22000000,172.42000000,156.07000000,169.13000000,4685513.24000000,774783060.77819000,1483093
1721433600000,2024-07-20,169.12000000,175.10000000,167.27000000,173.60000000,2047796.04600000,350329363.85493000,702512
1721520000000,2024-07-21,173.60000000,185.17000000,170.27000000,184.49000000,3684536.41100000,651749302.14181000,1188870
1721606400000,2024-07-22,184.49000000,185.00000000,176.71000000,178.90000000,3345609.52500000,602525041.98770000,1095481
1721692800000,2024-07-23,178.90000000,180.54000000,169.72000000,173.03000000,3895827.33200000,682470078.60841000,1371959
1721779200000,2024-07-24,173.03000000,182.50000000,170.90000000,178.06000000,3845177.71300000,682705655.25175000,1269686
1721865600000,2024-07-25,178.07000000,179.59000000,165.42000000,171.85000000,4859387.42800000,829732654.80752000,1699682
1721952000000,2024-07-26,171.86000000,185.01000000,171.69000000,183.06000000,3030603.24600000,541455609.23512000,1012900
1722038400000,2024-07-27,183.07000000,188.33000000,178.11000000,183.92000000,3518852.05600000,647090166.85253000,1221390
1722124800000,2024-07-28,183.92000000,186.77000000,181.16000000,184.90000000,1901473.95700000,350662180.92843000,748871
1722211200000,2024-07-29,184.91000000,193.98000000,181.57000000,182.57000000,4024560.31400000,759977442.45996000,1320755
1722297600000,2024-07-30,182.57000000,184.95000000,175.39000000,179.16000000,3074498.49300000,555301399.55814000,1162904
1722384000000,2024-07-31,179.16000000,185.10000000,171.61000000,171.71000000,3250862.52700000,582939536.24755000,1245080
1722470400000,2024-08-01,171.70000000,172.91000000,157.91000000,167.37000000,5523497.61500000,917091024.19327000,1849971
1722556800000,2024-08-02,167.37000000,169.43000000,150.00000000,152.77000000,5553017.93400000,880989082.65712000,2396392
1722643200000,2024-08-03,152.78000000,154.05000000,140.00000000,142.52000000,5444954.69300000,803132863.99150000,1940755
1722729600000,2024-08-04,142.53000000,146.08000000,131.22000000,138.33000000,7037715.28500000,979026258.03256000,2391187
1722816000000,2024-08-05,138.32000000,139.37000000,110.00000000,129.78000000,24267557.81900000,3003271600.88404000,7092579
1722902400000,2024-08-06,129.79000000,149.59000000,129.40000000,144.40000000,8362643.63400000,1184669504.90055000,3567599
1722988800000,2024-08-07,144.40000000,155.00000000,142.21000000,144.77000000,8372307.58700000,1249654524.57670000,3639741
1723075200000,2024-08-08,144.78000000,163.70000000,141.40000000,163.13000000,7303133.96000000,1137205545.63164000,3235989
1723161600000,2024-08-09,163.12000000,163.54000000,150.72000000,156.28000000,4098735.23300000,639908115.46544000,1938541
1723248000000,2024-08-10,156.29000000,158.75000000,152.54000000,154.01000000,1885839.23300000,291664636.47097000,1077252
1723334400000,2024-08-11,154.01000000,158.00000000,141.20000000,141.57000000,3468314.25500000,517779240.96725000,1395573
1723420800000,2024-08-12,141.56000000,150.79000000,141.20000000,146.29000000,4946945.23900000,721770026.12754000,1945549
1723507200000,2024-08-13,146.29000000,149.82000000,142.92000000,146.65000000,2865655.42300000,418947930.81089000,1243626
1723593600000,2024-08-14,146.65000000,152.18000000,142.36000000,143.71000000,3927148.64700000,575678706.56274000,1172123
1723680000000,2024-08-15,143.70000000,147.64000000,137.78000000,142.58000000,4229038.81600000,603098548.31330000,1687515
1723766400000,2024-08-16,142.58000000,144.88000000,136.10000000,139.04000000,4035320.60500000,567440808.99247000,1602737
1723852800000,2024-08-17,139.04000000,141.99000000,137.61000000,141.93000000,1561594.10300000,218485355.29024000,647642
1723939200000,2024-08-18,141.92000000,147.31000000,140.56000000,142.42000000,2352046.74300000,339317046.09327000,908299
1724025600000,2024-08-19,142.42000000,146.19000000,140.33000000,144.29000000,2940357.95300000,420454387.86405000,1271189
1724112000000,2024-08-20,144.28000000,148.83000000,141.00000000,142.27000000,3021467.59600000,437968467.22535000,1009714
1724198400000,2024-08-21,142.27000000,144.42000000,138.70000000,142.79000000,2519581.85900000,357577461.78616000,1129613
1724284800000,2024-08-22,142.78000000,144.88000000,140.63000000,143.22000000,1825402.71800000,260990437.28999000,1002758
1724371200000,2024-08-23,143.23000000,154.08000000,142.68000000,153.26000000,3781090.16200000,557770796.32283000,1357176
1724457600000,2024-08-24,153.27000000,162.30000000,151.97000000,160.67000000,3739086.94900000,588656966.40684000,1734854
1724544000000,2024-08-25,160.67000000,162.00000000,155.25000000,158.92000000,2629083.70300000,416869258.12242000,1494935
1724630400000,2024-08-26,158.92000000,162.00000000,155.53000000,157.12000000,3318398.04100000,526697469.93657000,1884429
1724716800000,2024-08-27,157.12000000,159.69000000,145.03000000,146.79000000,3650375.76600000,559434487.43673000,1731229
1724803200000,2024-08-28,146.78000000,149.30000000,140.53000000,143.95000000,4270867.03400000,619453816.72578000,2176364
1724889600000,2024-08-29,143.96000000,147.36000000,138.05000000,140.00000000,2921816.82900000,418889238.56372000,1240221
1724976000000,2024-08-30,140.01000000,141.11000000,132.04000000,137.99000000,4038797.16900000,552772623.16571000,1698401
1725062400000,2024-08-31,137.99000000,139.23000000,134.49000000,135.35000000,1230210.74500000,168333087.14831000,591531
1725148800000,2024-09-01,135.35000000,136.15000000,127.66000000,128.50000000,2928444.74100000,386814972.37561000,1198069
1725235200000,2024-09-02,128.50000000,135.39000000,126.80000000,134.94000000,3146315.55400000,411715340.55512000,1260396
1725321600000,2024-09-03,134.95000000,138.13000000,127.15000000,127.54000000,2627381.92500000,347419442.89269000,1240227
1725408000000,2024-09-04,127.54000000,134.98000000,122.60000000,133.64000000,3814059.10900000,493863453.34695000,1556072
1725494400000,2024-09-05,133.64000000,135.58000000,127.85000000,129.41000000,2762037.05200000,363814655.91648000,1232457
1725580800000,2024-09-06,129.40000000,134.29000000,120.00000000,125.05000000,5494252.37000000,698281647.27321000,2536448
1725667200000,2024-09-07,125.05000000,129.50000000,124.13000000,127.71000000,2111596.96500000,268366867.55258000,805061
1725753600000,2024-09-08,127.72000000,131.70000000,126.61000000,130.15000000,1971919.86600000,254464239.08089000,796387
1725840000000,2024-09-09,130.15000000,137.09000000,126.96000000,135.08000000,3664956.87800000,481085523.61761000,1522972
1725926400000,2024-09-10,135.07000000,138.00000000,132.50000000,135.63000000,2305171.22000000,311229293.36815000,1208968
1726012800000,2024-09-11,135.64000000,135.91000000,128.20000000,132.42000000,3139383.41800000,414398406.21866000,1674623
1726099200000,2024-09-12,132.43000000,136.78000000,132.38000000,136.05000000,2273359.30900000,306779738.70621000,1205435
1726185600000,2024-09-13,136.06000000,139.80000000,131.70000000,139.02000000,2714532.02500000,368359528.65679000,1086185
1726272000000,2024-09-14,139.02000000,139.80000000,135.60000000,137.14000000,1396833.29800000,192268912.45152000,573529
1726358400000,2024-09-15,137.15000000,137.95000000,130.43000000,131.37000000,1850456.74000000,248848021.94444000,769118
1726444800000,2024-09-16,131.38000000,132.40000000,128.91000000,131.47000000,2136388.30500000,279606319.67364000,1104570
1726531200000,2024-09-17,131.47000000,135.55000000,130.12000000,131.54000000,2339845.91100000,310574750.11516000,1168533
1726617600000,2024-09-18,131.54000000,134.45000000,127.07000000,134.34000000,3309787.25800000,430929910.80921000,1494231
1726704000000,2024-09-19,134.34000000,144.04000000,134.27000000,142.89000000,4130435.35000000,577699422.06203000,1537605
1726790400000,2024-09-20,142.88000000,152.50000000,141.18000000,146.66000000,4488100.61500000,664077947.16975000,1794412
1726876800000,2024-09-21,146.67000000,150.25000000,144.61000000,149.41000000,1916733.21600000,282626113.20776000,706885
1726963200000,2024-09-22,149.42000000,149.92000000,141.12000000,144.63000000,2165962.88800000,314113730.48354000,885013
1727049600000,2024-09-23,144.64000000,149.07000000,142.13000000,144.79000000,3226373.77300000,467054364.81911000,1211468
1727136000000,2024-09-24,144.79000000,154.00000000,143.09000000,152.73000000,4015502.93100000,592206584.36052000,1369350
1727222400000,2024-09-25,152.74000000,153.93000000,147.28000000,147.98000000,2728253.34600000,411459401.65579000,1011746
1727308800000,2024-09-26,147.97000000,158.05000000,146.57000000,155.55000000,4251220.76300000,653415043.08504000,1235687
1727395200000,2024-09-27,155.54000000,161.43000000,153.89000000,157.64000000,3725660.99800000,588310567.93940000,1260105
1727481600000,2024-09-28,157.63000000,159.43000000,155.00000000,156.75000000,1580834.34100000,248277861.32032000,704766
1727568000000,2024-09-29,156.75000000,161.78000000,155.09000000,158.46000000,2350658.47600000,371044350.37015000,1021753
1727654400000,2024-09-30,158.47000000,159.77000000,151.73000000,152.49000000,3240682.20600000,505193825.22015000,1706379
1727740800000,2024-10-01,152.51000000,157.34000000,142.29000000,145.13000000,4991241.41900000,745512858.98242000,2123355
1727827200000,2024-10-02,145.12000000,148.96000000,138.61000000,140.18000000,3817606.11900000,550570685.31102000,2440923
1727913600000,2024-10-03,140.18000000,142.96000000,133.11000000,136.82000000,3742347.84500000,514812941.95153000,2544894
1728000000000,2024-10-04,136.81000000,144.55000000,135.95000000,143.24000000,3120151.95300000,439091983.66735000,1282445
1728086400000,2024-10-05,143.24000000,144.93000000,141.06000000,142.59000000,1475217.81600000,211080413.77507000,714484
1728172800000,2024-10-06,142.59000000,146.75000000,142.00000000,146.48000000,1409071.40000000,203954747.24911000,763554
1728259200000,2024-10-07,146.47000000,152.40000000,143.50000000,143.96000000,3607754.95100000,535056906.39550000,1768564
1728345600000,2024-10-08,143.97000000,145.60000000,141.17000000,143.49000000,2153828.15300000,309326890.82457000,1304792
1728432000000,2024-10-09,143.50000000,145.34000000,138.66000000,139.33000000,2071518.06100000,293977143.09486000,1265373
1728518400000,2024-10-10,139.33000000,140.92000000,135.52000000,139.03000000,2289782.90700000,316766669.27985000,1253504
1728604800000,2024-10-11,139.04000000,146.62000000,138.68000000,145.53000000,2269088.91800000,325024798.54017000,1028243
1728691200000,2024-10-12,145.52000000,147.32000000,144.71000000,146.40000000,1347679.54800000,197164215.71221000,587595
1728777600000,2024-10-13,146.39000000,148.86000000,144.45000000,147.74000000,1599054.83300000,234391884.38395000,827089
1728864000000,2024-10-14,147.74000000,158.10000000,146.80000000,157.59000000,3987055.14500000,612698964.45627000,1744075
1728950400000,2024-10-15,157.59000000,159.73000000,150.30000000,154.76000000,4480025.11100000,692975854.02436000,2210459
1729036800000,2024-10-16,154.76000000,158.41000000,153.00000000,154.28000000,2851816.35000000,442239613.53750000,1710126
1729123200000,2024-10-17,154.28000000,155.73000000,147.66000000,150.50000000,2664809.94800000,404740607.93776000,1329012
1729209600000,2024-10-18,150.50000000,156.65000000,149.56000000,154.94000000,1829394.11800000,281306391.09424000,1063679
1729296000000,2024-10-19,154.93000000,159.85000000,153.45000000,159.79000000,1724504.16600000,269205539.47737000,678270
1729382400000,2024-10-20,159.79000000,167.94000000,157.58000000,167.40000000,3094698.82500000,499091756.88122000,1326223
1729468800000,2024-10-21,167.40000000,171.76000000,160.99000000,166.17000000,4807758.74200000,802248688.37832000,2074468
1729555200000,2024-10-22,166.16000000,170.99000000,162.99000000,167.59000000,4115685.50200000,688160680.55922000,1526765
1729641600000,2024-10-23,167.60000000,174.30000000,164.13000000,170.85000000,4509792.29200000,757152123.98221000,2198916
1729728000000,2024-10-24,170.86000000,179.30000000,170.50000000,177.19000000,3893052.12000000,680676981.90358000,1905295
1729814400000,2024-10-25,177.19000000,177.60000000,159.12000000,164.90000000,5718307.06600000,975203392.12616000,2802265
1729900800000,2024-10-26,164.91000000,173.25000000,162.43000000,170.88000000,3010702.79600000,505678400.81293000,1497920
1729987200000,2024-10-27,170.87000000,178.27000000,170.26000000,176.63000000,2606131.77100000,456430957.53051000,1472999
1730073600000,2024-10-28,176.63000000,179.80000000,172.45000000,178.29000000,3877330.22100000,682720697.43000000,2015079
1730160000000,2024-10-29,178.28000000,183.38000000,176.41000000,179.42000000,4046109.93900000,729686178.77882000,2186480
1730246400000,2024-10-30,179.43000000,181.36000000,173.01000000,174.87000000,2893112.75100000,510367902.92025000,1693721
1730332800000,2024-10-31,174.87000000,176.56000000,167.56000000,168.69000000,2661529.29800000,458128321.23974000,1555163
1730419200000,2024-11-01,168.69000000,174.00000000,163.43000000,166.10000000,3325662.44700000,557854086.52407000,2057625
1730505600000,2024-11-02,166.11000000,168.61000000,162.11000000,166.17000000,1603273.60300000,264909940.27946000,985042
1730592000000,2024-11-03,166.16000000,166.61000000,157.82000000,162.53000000,2745309.82900000,443630725.97122000,1259979
1730678400000,2024-11-04,162.52000000,165.04000000,155.11000000,157.95000000,3019251.32500000,486901138.20844000,1767941
1730764800000,2024-11-05,157.95000000,169.30000000,156.86000000,166.62000000,3438156.87100000,563101491.34140000,1606290
1730851200000,2024-11-06,166.63000000,190.01000000,166.40000000,186.59000000,10385235.99200000,1909187913.25849000,3093254
1730937600000,2024-11-07,186.59000000,197.84000000,185.84000000,196.35000000,4210329.82000000,805298768.52591000,2196009
1731024000000,2024-11-08,196.36000000,205.00000000,195.64000000,199.85000000,5129244.18800000,1026696176.73963000,2638632
1731110400000,2024-11-09,199.86000000,203.45000000,194.86000000,199.89000000,2833304.99600000,565544974.68205000,1495027
1731196800000,2024-11-10,199.89000000,215.27000000,198.68000000,210.07000000,7968628.23000000,1650287820.01631000,3972272
1731283200000,2024-11-11,210.07000000,224.00000000,204.16000000,222.13000000,8935306.96800000,1923338631.62358000,4568795
1731369600000,2024-11-12,222.12000000,225.21000000,204.71000000,211.64000000,9001990.65900000,1932232237.82400000,5190083
1731456000000,2024-11-13,211.63000000,220.44000000,200.67000000,215.13000000,10834052.79900000,2287313943.88454000,6265437
1731542400000,2024-11-14,215.14000000,222.80000000,206.78000000,209.57000000,7458523.70800000,1606845662.13136000,4182236
1731628800000,2024-11-15,209.57000000,220.50000000,204.48000000,218.45000000,5271091.92400000,1117551465.38711000,3372136
1731715200000,2024-11-16,218.44000000,221.99000000,213.35000000,215.71000000,4204469.30000000,915510373.45120000,2296856
1731801600000,2024-11-17,215.72000000,242.33000000,212.10000000,237.47000000,8433424.20400000,1960587171.68452000,3010544
1731888000000,2024-11-18,237.47000000,248.44000000,234.01000000,239.79000000,7485850.36100000,1804490953.93808000,3957941
1731974400000,2024-11-19,239.79000000,247.50000000,233.40000000,237.63000000,5595613.40200000,1350659078.09119000,3110191
1732060800000,2024-11-20,237.64000000,242.54000000,230.37000000,235.48000000,5472203.47600000,1289751835.31258000,2032597
1732147200000,2024-11-21,235.48000000,259.80000000,229.60000000,256.37000000,8595939.99400000,2120001679.01770000,4031098
1732233600000,2024-11-22,256.38000000,264.39000000,251.47000000,256.90000000,5155181.90500000,1326798359.45141000,2948004
1732320000000,2024-11-23,256.90000000,264.00000000,252.69000000,254.89000000,4836783.22700000,1248450578.22800000,2659103
1732406400000,2024-11-24,254.90000000,259.78000000,240.93000000,252.73000000,3665245.81200000,918826601.65279000,2627402
1732492800000,2024-11-25,252.74000000,256.70000000,231.21000000,234.18000000,4699636.31700000,1149248739.70010000,2322351
1732579200000,2024-11-26,234.18000000,239.66000000,221.80000000,230.69000000,5012621.45600000,1157330881.01868000,2836351
1732665600000,2024-11-27,230.69000000,243.33000000,227.51000000,241.96000000,3807284.29700000,898274398.45495000,2039178
1732752000000,2024-11-28,241.96000000,245.28000000,232.80000000,237.59000000,2694033.06000000,640996914.88985000,1578431
1732838400000,2024-11-29,237.58000000,246.77000000,236.55000000,243.33000000,2890806.07900000,699720103.91490000,1929299
1732924800000,2024-11-30,243.33000000,245.40000000,237.50000000,237.60000000,2279256.81600000,550410857.76520000,1597288
1733011200000,2024-12-01,237.60000000,239.89000000,234.10000000,236.80000000,2435872.95400000,577329157.83331000,1318224
1733097600000,2024-12-02,236.79000000,238.20000000,220.00000000,225.72000000,5868060.27500000,1332640777.80382000,3614201
1733184000000,2024-12-03,225.73000000,239.60000000,215.00000000,233.92000000,6918604.72800000,1569314471.01514000,3078327
1733270400000,2024-12-04,233.92000000,241.00000000,224.67000000,229.15000000,4966864.20500000,1160635660.55354000,2318217
1733356800000,2024-12-05,229.15000000,244.77000000,222.95000000,235.84000000,7391549.99300000,1743320226.07373000,4216711
1733443200000,2024-12-06,235.84000000,247.00000000,230.92000000,236.87000000,5136553.82700000,1225759651.15259000,2524507
1733529600000,2024-12-07,236.87000000,243.61000000,234.12000000,238.14000000,2933621.43800000,701579666.62957000,1606160
1733616000000,2024-12-08,238.14000000,241.51000000,233.22000000,237.02000000,2222837.55100000,526456056.82991000,1517123
1733702400000,2024-12-09,237.02000000,237.28000000,203.00000000,216.63000000,7391583.70800000,1645628210.24901000,3396912
1733788800000,2024-12-10,216.62000000,221.06000000,203.21000000,213.60000000,7018707.73000000,1494401948.21546000,3598912
1733875200000,2024-12-11,213.60000000,230.65000000,211.51000000,227.29000000,4688484.80800000,1044765862.39521000,2618186
1733961600000,2024-12-12,227.29000000,234.69000000,225.67000000,226.96000000,3559104.06700000,818643376.99027000,2608984
1734048000000,2024-12-13,226.95000000,228.44000000,220.60000000,224.79000000,2889526.77100000,648285519.70338000,2190401
1734134400000,2024-12-14,224.79000000,227.51000000,215.13000000,219.93000000,2155654.47100000,478317134.38287000,1665180
1734220800000,2024-12-15,219.94000000,225.50000000,215.68000000,224.27000000,2130908.00900000,469130131.65022000,1736084
1734307200000,2024-12-16,224.26000000,227.56000000,213.26000000,216.19000000,3863409.20100000,847551475.44925000,2819674
1734393600000,2024-12-17,216.19000000,228.95000000,211.36000000,223.15000000,5177736.74800000,1148991395.56908000,3540116
1734480000000,2024-12-18,223.16000000,226.04000000,204.80000000,206.53000000,5565926.56300000,1191309782.42507000,3308807
1734566400000,2024-12-19,206.53000000,212.14000000,187.00000000,193.81000000,7402649.88600000,1481798971.45023000,2909503
1734652800000,2024-12-20,193.82000000,199.81000000,175.26000000,194.48000000,9793383.66800000,1829760754.59580000,2947219
1734739200000,2024-12-21,194.48000000,201.98000000,178.30000000,181.45000000,5243572.61700000,988401321.05068000,1709667
1734825600000,2024-12-22,181.46000000,187.87000000,176.88000000,180.52000000,3573368.97200000,650666980.95565000,1394689
1734912000000,2024-12-23,180.53000000,193.48000000,176.48000000,190.11000000,4217664.03000000,778371475.46434000,1557287
1734998400000,2024-12-24,190.12000000,199.00000000,186.13000000,197.09000000,2709577.67200000,525181703.24730000,1127114
1735084800000,2024-12-25,197.09000000,201.85000000,195.00000000,197.44000000,1958644.48700000,388541679.68554000,1035650
1735171200000,2024-12-26,197.45000000,199.71000000,186.54000000,188.46000000,2045566.10000000,392011204.61471000,1279313
1735257600000,2024-12-27,188.46000000,194.39000000,182.74000000,184.22000000,1946509.64500000,366402095.63853000,1296546
1735344000000,2024-12-28,184.22000000,196.10000000,183.82000000,195.50000000,1494847.86700000,283725173.66562000,840578
1735430400000,2024-12-29,195.50000000,197.71000000,188.57000000,189.94000000,1560190.01900000,302551036.41535000,861977
1735516800000,2024-12-30,189.94000000,196.47000000,185.89000000,191.38000000,2415985.48800000,462392599.37737000,1417191
1735603200000,2024-12-31,191.37000000,199.27000000,188.04000000,189.31000000,2461978.26200000,476451076.66598000,1249847
1735689600000,2025-01-01,189.31000000,195.33000000,188.00000000,194.28000000,1655160.10200000,316558431.70699000,865024
1735776000000,2025-01-02,194.28000000,210.48000000,193.43000000,208.31000000,3224923.98200000,660170412.59900000,1615355
1735862400000,2025-01-03,208.30000000,219.83000000,205.63000000,217.99000000,3251086.55600000,694370536.02236000,1394237
1735948800000,2025-01-04,218.00000000,218.18000000,213.54000000,216.67000000,1943711.39000000,420200326.94243000,890249
1736035200000,2025-01-05,216.67000000,219.05000000,211.46000000,213.41000000,2101040.54500000,451130694.57664000,902175
1736121600000,2025-01-06,213.41000000,223.18000000,211.56000000,218.22000000,2855362.85800000,621928433.92415000,1394456
1736208000000,2025-01-07,218.22000000,219.11000000,201.80000000,202.17000000,3742298.28400000,786521513.88121000,1475754
1736294400000,2025-01-08,202.17000000,203.28000000,188.34000000,197.48000000,4446830.23000000,873913213.74813000,2031142
1736380800000,2025-01-09,197.48000000,199.06000000,182.00000000,184.95000000,3607147.19300000,684344914.22428000,1961684
1736467200000,2025-01-10,184.96000000,193.02000000,183.51000000,187.68000000,3642892.08200000,687353802.31763000,1852360
1736553600000,2025-01-11,187.69000000,191.91000000,184.01000000,188.09000000,2204486.05600000,411533204.16097000,937504
1736640000000,2025-01-12,188.09000000,191.00000000,185.17000000,188.51000000,1330917.13500000,250109405.58559000,723323
1736726400000,2025-01-13,188.50000000,191.99000000,168.88000000,182.87000000,5669925.61300000,1015651889.57331000,2547519
1736812800000,2025-01-14,182.86000000,190.11000000,181.88000000,187.57000000,2737355.06400000,510258589.71248000,1379846
1736899200000,2025-01-15,187.57000000,206.04000000,185.84000000,205.86000000,3768610.58000000,735465044.82904000,1825631
1736985600000,2025-01-16,205.86000000,217.14000000,198.47000000,211.14000000,5710255.65700000,1196137559.83409000,2762727
1737072000000,2025-01-17,211.15000000,222.11000000,209.84000000,219.51000000,4384472.83800000,952526271.30062000,2186663
1737158400000,2025-01-18,219.52000000,270.67000000,217.29000000,261.97000000,19971981.58000000,4849480490.65198000,9712182
1737244800000,2025-01-19,261.97000000,295.83000000,236.68000000,252.42000000,25051667.60000000,6733958631.98131000,16728916
1737331200000,2025-01-20,252.40000000,273.29000000,229.44000000,242.19000000,16879575.56100000,4215741222.97163000,13411844
1737417600000,2025-01-21,242.18000000,260.06000000,230.00000000,250.33000000,7882737.25700000,1907066376.77776000,6181509
1737504000000,2025-01-22,250.33000000,272.03000000,248.43000000,257.36000000,6223427.61600000,1612462526.67869000,4791221
1737590400000,2025-01-23,257.37000000,258.48000000,242.19000000,253.11000000,6802762.72300000,1698329260.27982000,5535365
1737676800000,2025-01-24,253.12000000,270.18000000,247.18000000,253.37000000,5214294.56900000,1357937147.07766000,4402292
1737763200000,2025-01-25,253.36000000,260.78000000,246.33000000,256.41000000,3703989.30100000,934052018.21903000,2767492
1737849600000,2025-01-26,256.40000000,260.16000000,240.32000000,240.50000000,3028015.52400000,766488890.38499000,2339798
1737936000000,2025-01-27,240.49000000,242.68000000,220.89000000,234.89000000,8916620.84200000,2058026956.44399000,6699907
1738022400000,2025-01-28,234.90000000,244.00000000,225.01000000,227.06000000,3483450.08700000,819684554.06420000,3282972
1738108800000,2025-01-29,227.06000000,238.49000000,222.63000000,228.16000000,3844193.83800000,886979893.13737000,3509070
1738195200000,2025-01-30,228.16000000,244.70000000,226.84000000,238.31000000,3341265.97300000,799766743.70330000,2468882
1738281600000,2025-01-31,238.30000000,241.82000000,228.24000000,231.77000000,2942165.56700000,694071690.64743000,2082835
1738368000000,2025-02-01,231.77000000,236.46000000,212.74000000,213.03000000,2849748.65000000,640184468.98493000,1972665
1738454400000,2025-02-02,213.03000000,218.90000000,192.31000000,203.51000000,7255500.33300000,1496343825.74038000,5307616
1738540800000,2025-02-03,203.52000000,218.70000000,175.89000000,216.28000000,12836970.26500000,2538322103.03744000,10116876
1738627200000,2025-02-04,216.27000000,219.97000000,201.87000000,206.64000000,6024194.38700000,1265056545.46502000,4811821
1738713600000,2025-02-05,206.64000000,209.39000000,195.14000000,196.12000000,3154802.03700000,639424685.67492000,2851688
1738800000000,2025-02-06,196.12000000,203.98000000,187.39000000,189.54000000,3444767.14700000,674411227.22245000,2708547
1738886400000,2025-02-07,189.53000000,203.42000000,188.12000000,191.99000000,3925596.77300000,767993723.82559000,3039573
1738972800000,2025-02-08,192.00000000,200.88000000,189.81000000,199.32000000,1967596.75200000,382617624.43681000,1656928
1739059200000,2025-02-09,199.32000000,207.37000000,193.53000000,200.47000000,2879138.46000000,578324813.09662000,2101908
1739145600000,2025-02-10,200.47000000,209.05000000,195.85000000,200.47000000,4040840.54800000,819921205.01373000,2637756
1739232000000,2025-02-11,200.47000000,206.18000000,195.12000000,197.96000000,3930238.33500000,792182733.69756000,2289535
1739318400000,2025-02-12,197.95000000,198.56000000,188.48000000,196.78000000,3898533.32100000,756076037.68729000,2807925
1739404800000,2025-02-13,196.78000000,198.47000000,188.78000000,194.25000000,2427771.87600000,468975077.17204000,1950076
1739491200000,2025-02-14,194.24000000,205.34000000,194.11000000,199.39000000,3727686.06300000,744993253.44044000,2047732
1739577600000,2025-02-15,199.40000000,200.27000000,192.61000000,194.48000000,1633300.39900000,319980278.83566000,1231341
1739664000000,2025-02-16,194.47000000,196.24000000,186.30000000,188.27000000,2009380.86200000,383704847.67239000,1271986
1739750400000,2025-02-17,188.26000000,189.72000000,174.63000000,177.53000000,4287573.73000000,779271190.58224000,2336009
1739836800000,2025-02-18,177.53000000,179.09000000,160.88000000,169.32000000,6319186.16600000,1061518548.68995000,3750135
1739923200000,2025-02-19,169.32000000,174.30000000,163.75000000,168.93000000,3478319.26200000,590112452.81958000,2185100
1740009600000,2025-02-20,168.94000000,176.65000000,167.66000000,176.00000000,2938753.33500000,508528834.82322000,1920797
1740096000000,2025-02-21,176.00000000,180.52000000,167.15000000,168.94000000,4103682.85700000,715436161.65543000,2546452
1740182400000,2025-02-22,168.94000000,174.68000000,168.07000000,172.07000000,1886813.45700000,324983318.38902000,1171019
1740268800000,2025-02-23,172.07000000,173.07000000,166.42000000,167.94000000,1488310.75900000,252136318.55605000,987546
1740355200000,2025-02-24,167.94000000,169.69000000,138.00000000,141.81000000,7997237.91500000,1226692646.03078000,4109967
1740441600000,2025-02-25,141.81000000,147.09000000,131.91000000,144.33000000,11747010.14500000,1635111010.70032000,6188432
1740528000000,2025-02-26,144.33000000,145.19000000,130.65000000,135.32000000,5368401.05900000,736842199.24000000,3159238
1740614400000,2025-02-27,135.33000000,142.90000000,134.71000000,137.68000000,4322990.45900000,599160525.54253000,2490511
1740700800000,2025-02-28,137.68000000,148.72000000,125.55000000,148.18000000,10039960.61300000,1368611824.73409000,4567953
1740787200000,2025-03-01,148.18000000,151.25000000,138.57000000,143.66000000,4151855.75800000,597723583.50179000,1658774
1740873600000,2025-03-02,143.66000000,179.85000000,140.04000000,178.71000000,13474639.84600000,2212052717.47645000,6490443
1740960000000,2025-03-03,178.72000000,179.47000000,139.21000000,142.16000000,11096202.04000000,1748078985.39323000,6131716
1741046400000,2025-03-04,142.16000000,147.00000000,130.66000000,144.79000000,10389598.33400000,1438316454.58464000,5773861
1741132800000,2025-03-05,144.80000000,149.73000000,140.18000000,146.28000000,4895520.58500000,706791297.23729000,2591656
1741219200000,2025-03-06,146.27000000,152.90000000,142.44000000,143.31000000,4451879.66100000,656676724.65380000,2442100
1741305600000,2025-03-07,143.30000000,150.88000000,135.04000000,139.39000000,7267412.77100000,1039508735.19796000,3717944
1741392000000,2025-03-08,139.39000000,141.09000000,135.29000000,137.01000000,2135751.39300000,295310260.98050000,1318277
1741478400000,2025-03-09,137.01000000,139.88000000,125.41000000,126.51000000,3909495.65200000,514516598.48730000,1984143
1741564800000,2025-03-10,126.52000000,131.57000000,115.47000000,118.32000000,6654109.33100000,820279149.59140000,3232219
1741651200000,2025-03-11,118.32000000,128.43000000,112.00000000,125.35000000,6435277.86300000,783022212.27215000,2896453
1741737600000,2025-03-12,125.35000000,131.33000000,121.22000000,126.62000000,4410502.14000000,552333767.76339000,2166421
1741824000000,2025-03-13,126.61000000,128.76000000,120.76000000,123.37000000,2824584.96100000,352338027.09973000,1491066
1741910400000,2025-03-14,123.36000000,136.03000000,122.98000000,133.54000000,3607725.49200000,468530950.60997000,1784051
1741996800000,2025-03-15,133.53000000,136.53000000,132.44000000,135.86000000,1918077.49000000,257628407.34355000,976083
1742083200000,2025-03-16,135.86000000,136.71000000,125.21000000,126.13000000,2764260.89200000,360794496.26160000,1521652
1742169600000,2025-03-17,126.13000000,130.64000000,125.55000000,128.01000000,2707611.09400000,347309564.93446000,1381175
1742256000000,2025-03-18,128.01000000,128.19000000,121.76000000,125.33000000,3181789.69900000,395405699.24355000,1359468
1742342400000,2025-03-19,125.33000000,136.08000000,124.20000000,135.33000000,4170497.99100000,541158128.72602000,1839474
1742428800000,2025-03-20,135.33000000,136.12000000,126.65000000,127.60000000,2593287.98600000,340143750.52064000,1266071
1742515200000,2025-03-21,127.60000000,130.18000000,124.81000000,128.48000000,2400422.34800000,306105567.68726000,1095161
1742601600000,2025-03-22,128.47000000,131.84000000,127.80000000,128.51000000,1498168.19600000,194061126.95637000,706271
1742688000000,2025-03-23,128.50000000,134.06000000,128.21000000,132.84000000,1763485.98600000,232208409.45648000,799393
1742774400000,2025-03-24,132.85000000,144.96000000,132.04000000,141.01000000,4554131.64500000,638280711.52939000,2114604
1742860800000,2025-03-25,141.01000000,147.48000000,138.17000000,143.64000000,3529958.67000000,505738904.94536000,1865843
1742947200000,2025-03-26,143.64000000,145.49000000,135.89000000,137.34000000,3099523.28700000,437189263.88719000,1549733
1743033600000,2025-03-27,137.35000000,140.22000000,135.63000000,138.43000000,2466162.68300000,341254155.91117000,1324639
1743120000000,2025-03-28,138.44000000,139.05000000,127.69000000,129.49000000,3892191.36500000,515501341.03969000,1575782
1743206400000,2025-03-29,129.50000000,130.54000000,122.68000000,124.58000000,2610065.51500000,329643079.81650000,1178810
1743292800000,2025-03-30,124.58000000,127.08000000,123.00000000,124.82000000,1743775.29600000,218155180.69158000,990191
1743379200000,2025-03-31,124.83000000,127.81000000,122.75000000,124.54000000,3730628.85300000,468042537.66829000,1618236
1743465600000,2025-04-01,124.53000000,130.55000000,123.74000000,126.67000000,3554277.84800000,452578878.01829000,1528527
1743552000000,2025-04-02,126.68000000,136.21000000,117.00000000,117.42000000,6288908.68000000,796943491.95910000,2817898
1743638400000,2025-04-03,117.42000000,120.94000000,112.24000000,117.17000000,5854867.27800000,683637733.06036000,2171892
1743724800000,2025-04-04,117.17000000,124.00000000,113.25000000,122.79000000,5721072.32000000,677703415.89485000,2469979
1743811200000,2025-04-05,122.80000000,122.85000000,117.15000000,120.32000000,1784381.30000000,213707959.93490000,891779
1743897600000,2025-04-06,120.33000000,121.13000000,103.81000000,105.91000000,4934346.98500000,547868774.14022000,2282758
1743984000000,2025-04-07,105.90000000,113.00000000,95.26000000,106.99000000,12630664.99300000,1310680814.72602000,5170857
1744070400000,2025-04-08,106.98000000,112.58000000,102.96000000,105.40000000,5839129.78200000,630835932.39869000,2475283
1744156800000,2025-04-09,105.40000000,121.00000000,101.26000000,119.05000000,9334586.13900000,1033143449.36244000,3699577
1744243200000,2025-04-10,119.05000000,119.30000000,108.21000000,112.81000000,5566324.62900000,632204181.15054000,2144865
1744329600000,2025-04-11,112.80000000,122.65000000,112.16000000,121.41000000,4344066.88900000,514950895.34240000,1940948
1744416000000,2025-04-12,121.41000000,134.11000000,119.41000000,132.24000000,4620265.85500000,588559519.13812000,2075498
1744502400000,2025-04-13,132.24000000,133.96000000,125.32000000,128.38000000,4054370.60300000,525575877.83406000,2065828
1744588800000,2025-04-14,128.38000000,136.13000000,127.98000000,129.42000000,4150251.45000000,546940838.03531000,2656562
1744675200000,2025-04-15,129.41000000,134.45000000,125.82000000,126.11000000,3431482.49700000,446714548.40398000,2155278
1744761600000,2025-04-16,126.10000000,133.91000000,123.49000000,131.33000000,5320768.99400000,680727729.62112000,2740116
1744848000000,2025-04-17,131.33000000,136.20000000,129.50000000,134.83000000,3817459.71800000,508520833.35897000,2093402
1744934400000,2025-04-18,134.84000000,136.02000000,132.47000000,134.04000000,2556341.87400000,343312222.83750000,1202801
1745020800000,2025-04-19,134.05000000,140.50000000,133.58000000,139.87000000,2816038.06800000,389745180.09418000,1276245
1745107200000,2025-04-20,139.86000000,141.96000000,135.64000000,137.86000000,3498098.61500000,482908343.29459000,1308457
1745193600000,2025-04-21,137.86000000,143.25000000,133.82000000,136.56000000,4657400.50300000,645692434.21612000,2024307
1745280000000,2025-04-22,136.57000000,150.23000000,134.68000000,148.79000000,5078409.53600000,727917404.64025000,2263131
1745366400000,2025-04-23,148.78000000,154.21000000,147.13000000,151.10000000,4801378.47000000,724657996.32039000,2567533
1745452800000,2025-04-24,151.10000000,152.90000000,144.87000000,152.55000000,3535860.48400000,527261359.19678000,1929306
1745539200000,2025-04-25,152.55000000,157.00000000,149.87000000,150.82000000,4226767.97300000,647250679.34811000,2143364
1745625600000,2025-04-26,150.82000000,153.17000000,147.75000000,149.21000000,1766805.88000000,264884274.04215000,1204338
1745712000000,2025-04-27,149.22000000,150.41000000,145.51000000,147.98000000,1599977.89100000,237125168.08100000,1297845
1745798400000,2025-04-28,147.97000000,153.40000000,144.63000000,147.84000000,3507950.44500000,522023426.41480000,1972070
1745884800000,2025-04-29,147.84000000,150.39000000,145.00000000,146.31000000,2498992.49200000,369541045.06508000,1432629
1745971200000,2025-04-30,146.30000000,148.67000000,140.32000000,147.54000000,2780816.36300000,403132464.35529000,1779447
1746057600000,2025-05-01,147.54000000,153.99000000,147.54000000,150.85000000,3037281.45400000,458689825.21601000,1494429
1746144000000,2025-05-02,150.85000000,151.91000000,147.30000000,148.05000000,2216263.07300000,332262056.95998000,1244594
1746230400000,2025-05-03,148.04000000,149.05000000,145.82000000,146.71000000,1406583.56000000,207747277.73483000,808828
1746316800000,2025-05-04,146.71000000,147.81000000,143.50000000,143.95000000,1613358.55300000,235442072.04033000,970408
1746403200000,2025-05-05,143.94000000,147.73000000,142.50000000,146.72000000,2030995.80100000,295411016.24423000,1298883
1746489600000,2025-05-06,146.72000000,147.23000000,141.41000000,146.88000000,2352310.93500000,339458035.32269000,1435973
1746576000000,2025-05-07,146.89000000,149.54000000,144.68000000,147.32000000,2440566.28400000,358909988.86087000,1388238
1746662400000,2025-05-08,147.32000000,164.60000000,147.08000000,164.46000000,6040622.61800000,947386329.98644000,2680223
1746748800000,2025-05-09,164.46000000,176.15000000,161.07000000,172.78000000,6318574.64900000,1066435830.02627000,3565297
1746835200000,2025-05-10,172.77000000,178.98000000,168.72000000,177.89000000,3339701.17900000,576546707.44572000,2296552
1746921600000,2025-05-11,177.89000000,180.26000000,169.35000000,173.19000000,3210729.52000000,560754526.12960000,2541298
1747008000000,2025-05-12,173.20000000,181.46000000,168.31000000,174.22000000,6245732.97700000,1096750784.26202000,3870262
1747094400000,2025-05-13,174.22000000,184.83000000,166.18000000,183.75000000,4587043.39800000,805977156.69272000,3136625
1747180800000,2025-05-14,183.75000000,184.88000000,173.23000000,176.64000000,3619155.25300000,650301806.43098000,2715293
1747267200000,2025-05-15,176.63000000,178.33000000,166.70000000,169.16000000,3546037.72400000,607575969.68482000,2756715
1747353600000,2025-05-16,169.16000000,174.21000000,166.36000000,167.40000000,2766386.67100000,473923633.57258000,2033247
1747440000000,2025-05-17,167.40000000,169.99000000,164.01000000,165.94000000,2262121.70600000,377239175.69118000,1819659
1747526400000,2025-05-18,165.94000000,176.77000000,164.54000000,173.30000000,3194610.93600000,544510554.62809000,2251214
1747612800000,2025-05-19,173.30000000,173.94000000,159.44000000,166.86000000,4076352.74400000,670683465.64664000,2778183
1747699200000,2025-05-20,166.87000000,173.11000000,164.51000000,168.59000000,3135420.42600000,526700156.84318000,2366165
1747785600000,2025-05-21,168.59000000,175.99000000,165.51000000,173.53000000,4400610.40000000,749188809.37931000,3211242
1747872000000,2025-05-22,173.54000000,180.87000000,172.59000000,179.68000000,3608222.86200000,640424778.41730000,2760365
1747958400000,2025-05-23,179.68000000,187.71000000,173.23000000,174.01000000,6112910.77600000,1104030043.56186000,4081755
1748044800000,2025-05-24,174.00000000,178.33000000,172.50000000,175.87000000,2317965.02100000,407150995.30293000,1707936
1748131200000,2025-05-25,175.87000000,176.88000000,169.14000000,175.74000000,2530363.85900000,435707799.23410000,1870817
1748217600000,2025-05-26,175.75000000,179.02000000,173.48000000,174.91000000,2214724.79600000,391142612.45651000,1720528
1748304000000,2025-05-27,174.92000000,179.41000000,171.24000000,176.71000000,2568509.36800000,452738959.54561000,2144420
1748390400000,2025-05-28,176.72000000,177.45000000,168.92000000,172.21000000,2534660.87700000,437379320.47623000,1739709
1748476800000,2025-05-29,172.22000000,175.34000000,165.96000000,166.71000000,2641789.96800000,450903344.10682000,1933597
1748563200000,2025-05-30,166.71000000,167.51000000,155.22000000,156.20000000,3770279.51200000,609076479.51084000,2744989
1748649600000,2025-05-31,156.20000000,158.01000000,152.14000000,156.45000000,2352257.75200000,364885611.94149000,1971476
1748736000000,2025-06-01,156.45000000,157.92000000,150.59000000,157.68000000,2042131.04100000,315215977.43484000,1648590
1748822400000,2025-06-02,157.68000000,158.93000000,151.67000000,156.83000000,2502052.19100000,386842477.22604000,1950497
1748908800000,2025-06-03,156.83000000,163.64000000,154.14000000,155.19000000,2849585.14500000,455003937.65742000,2057700
1748995200000,2025-06-04,155.19000000,157.97000000,152.94000000,153.26000000,1990646.42400000,310274443.07951000,1613483
1749081600000,2025-06-05,153.27000000,154.61000000,141.53000000,144.29000000,4258041.07500000,634979837.84160000,2600389
1749168000000,2025-06-06,144.28000000,152.39000000,144.11000000,147.83000000,2167791.11400000,322608804.01360000,1517934
1749254400000,2025-06-07,147.82000000,152.84000000,146.84000000,150.06000000,1408204.61500000,212333839.77254000,1041436
1749340800000,2025-06-08,150.07000000,155.30000000,147.88000000,152.45000000,1564000.36600000,236874131.83445000,1073644
1749427200000,2025-06-09,152.45000000,161.73000000,149.58000000,161.16000000,3079728.26500000,478105971.72300000,1853346
1749513600000,2025-06-10,161.16000000,165.67000000,156.32000000,165.12000000,3589559.16300000,578045039.31202000,2626493
1749600000000,2025-06-11,165.12000000,168.36000000,159.21000000,160.97000000,4019424.99900000,663220131.68288000,2696532
1749686400000,2025-06-12,160.98000000,161.28000000,152.02000000,152.32000000,2883476.68500000,454850637.40677000,2232785
1749772800000,2025-06-13,152.32000000,152.59000000,140.21000000,148.60000000,5339782.78300000,775171113.32776000,3503943
1749859200000,2025-06-14,148.60000000,148.70000000,141.97000000,144.64000000,1679994.75100000,244007516.51517000,1221540
1749945600000,2025-06-15,144.65000000,153.54000000,144.22000000,152.97000000,2831999.61600000,422563512.67885000,1768520
1750032000000,2025-06-16,152.97000000,158.80000000,150.30000000,150.72000000,3573196.78500000,556278400.06253000,2206641
1750118400000,2025-06-17,150.73000000,154.33000000,145.61000000,147.57000000,3395648.85900000,508658147.22473000,2452350
1750204800000,2025-06-18,147.58000000,149.28000000,143.65000000,146.34000000,2800908.98000000,409856193.71815000,1975830
1750291200000,2025-06-19,146.35000000,147.90000000,142.92000000,147.04000000,2285335.72900000,332397675.29724000,1402937
1750377600000,2025-06-20,147.04000000,148.81000000,135.69000000,140.11000000,3393327.20900000,483166807.07631000,2056826
1750464000000,2025-06-21,140.11000000,142.60000000,130.90000000,135.43000000,2826424.14300000,390271799.64798000,1758763
1750550400000,2025-06-22,135.43000000,137.62000000,126.00000000,131.71000000,4252120.02300000,557857427.53674000,3207787
1750636800000,2025-06-23,131.71000000,146.92000000,130.68000000,144.51000000,4573147.66700000,627079580.57708000,2897589
1750723200000,2025-06-24,144.51000000,146.77000000,142.31000000,145.92000000,2741809.08600000,395980461.45042000,1915616
1750809600000,2025-06-25,145.93000000,147.95000000,142.25000000,143.57000000,2233601.90900000,324533547.19572000,1624941
1750896000000,2025-06-26,143.57000000,148.00000000,138.62000000,139.06000000,2522507.94200000,360989062.59112000,1619748
1750982400000,2025-06-27,139.05000000,144.85000000,137.14000000,142.09000000,2471847.15000000,349943506.06527000,1441035
1751068800000,2025-06-28,142.09000000,152.70000000,141.13000000,150.72000000,2657836.68200000,391373737.69054000,1266232
1751155200000,2025-06-29,150.73000000,154.77000000,149.36000000,153.32000000,2150026.17200000,325934665.45081000,1150742
1751241600000,2025-06-30,153.32000000,159.99000000,149.45000000,154.81000000,3871390.33500000,598342659.37994000,1920915
1751328000000,2025-07-01,154.82000000,155.64000000,144.85000000,146.88000000,2770862.17400000,413588502.76090000,1530183
1751414400000,2025-07-02,146.87000000,154.47000000,145.85000000,152.27000000,2652574.27900000,399566857.59119000,1648001
1751500800000,2025-07-03,152.28000000,156.35000000,149.86000000,152.36000000,2686218.20500000,411857243.43209000,1619201
1751587200000,2025-07-04,152.35000000,153.88000000,145.22000000,147.70000000,2308086.73600000,344301514.30937000,1451892
1751673600000,2025-07-05,147.69000000,148.70000000,145.90000000,147.55000000,1173963.86000000,173152977.64954000,710458
1751760000000,2025-07-06,147.55000000,153.89000000,146.78000000,151.86000000,2486859.71800000,374754049.20113000,1138325
1751846400000,2025-07-07,151.86000000,153.60000000,147.70000000,148.88000000,2174727.72300000,327954661.16230000,1423398
1751932800000,2025-07-08,148.89000000,152.88000000,147.85000000,151.67000000,2712869.32300000,408864092.13441000,1306748
1752019200000,2025-07-09,151.68000000,157.93000000,150.53000000,157.05000000,2907219.74800000,448417630.22510000,1611497
1752105600000,2025-07-10,157.06000000,165.43000000,155.64000000,164.34000000,3428382.34900000,547305235.76648000,1998915
1752192000000,2025-07-11,164.33000000,168.20000000,159.54000000,162.93000000,4354179.71300000,715116916.43081000,2747985
1752278400000,2025-07-12,162.92000000,163.90000000,157.74000000,160.69000000,2043211.94200000,328647415.71788000,1383540
1752364800000,2025-07-13,160.70000000,164.19000000,159.63000000,161.15000000,1929745.85100000,312565043.60087000,1252909
1752451200000,2025-07-14,161.15000000,168.65000000,160.61000000,162.21000000,3973706.53300000,658265226.60694000,2368393
1752537600000,2025-07-15,162.21000000,164.26000000,157.23000000,163.98000000,3665295.75300000,589073859.89953000,2245073
1752624000000,2025-07-16,163.98000000,176.00000000,161.51000000,173.63000000,5020288.12300000,849924900.12035000,2574205
1752710400000,2025-07-17,173.62000000,178.19000000,168.71000000,175.87000000,4491555.72700000,781437221.96743000,3024259
1752796800000,2025-07-18,175.88000000,184.67000000,173.24000000,177.28000000,5191853.16800000,931893082.37480000,2947978
1752883200000,2025-07-19,177.28000000,178.61000000,174.00000000,176.96000000,2059315.00800000,363940083.07050000,1475514
1752969600000,2025-07-20,176.97000000,183.66000000,176.33000000,181.43000000,3694854.91500000,666377253.90080000,2315101
1753056000000,2025-07-21,181.44000000,199.28000000,178.25000000,195.72000000,6495907.17900000,1245489002.45574000,3865007
1753142400000,2025-07-22,195.72000000,206.30000000,193.75000000,205.70000000,8635627.17300000,1728386077.16153000,5218083
1753228800000,2025-07-23,205.70000000,205.75000000,183.97000000,189.40000000,5548137.49900000,1070982208.46140000,3511850
1753315200000,2025-07-24,189.40000000,191.87000000,179.21000000,182.87000000,5217064.87100000,971502034.18813000,3520500
1753401600000,2025-07-25,182.88000000,186.85000000,175.63000000,186.76000000,4481310.44000000,806409380.29809000,3217256
1753488000000,2025-07-26,186.75000000,189.78000000,184.29000000,184.88000000,1773453.87500000,331235849.63192000,1197596
1753574400000,2025-07-27,184.89000000,190.70000000,184.53000000,188.64000000,2233060.13300000,418620553.40531000,1619218
1753660800000,2025-07-28,188.64000000,195.26000000,182.16000000,183.11000000,4067872.12700000,768873079.63638000,2788739
1753747200000,2025-07-29,183.10000000,186.68000000,178.30000000,181.48000000,2541912.03600000,463596650.71106000,2159517
1753833600000,2025-07-30,181.47000000,182.56000000,170.29000000,177.77000000,3297250.18700000,585983082.58663000,2502481
1753920000000,2025-07-31,177.77000000,182.70000000,171.44000000,172.22000000,2624841.78300000,466405400.70146000,1927344
1754006400000,2025-08-01,172.22000000,172.26000000,159.20000000,162.71000000,4317529.31500000,722230246.87119000,3348302
1754092800000,2025-08-02,162.71000000,165.30000000,155.83000000,158.48000000,2208175.07500000,355113008.83770000,1637688
1754179200000,2025-08-03,158.49000000,163.14000000,156.28000000,161.97000000,2297909.31100000,370496365.83064000,1081075
1754265600000,2025-08-04,161.98000000,169.80000000,161.26000000,169.55000000,2688954.15800000,444266444.38758000,1905885
1754352000000,2025-08-05,169.55000000,171.73000000,161.30000000,164.09000000,2554958.00900000,425083041.90688000,2110779
1754438400000,2025-08-06,164.09000000,169.93000000,161.13000000,168.09000000,1797491.42900000,297879603.05790000,1632609
1754524800000,2025-08-07,168.10000000,175.51000000,166.70000000,175.36000000,3014662.99500000,515712927.73765000,1828953
1754611200000,2025-08-08,175.37000000,179.66000000,173.43000000,176.78000000,3678790.65500000,648764863.62977000,2321015
1754697600000,2025-08-09,176.79000000,183.45000000,176.64000000,179.95000000,3325504.38700000,600713701.94360000,1827513
1754784000000,2025-08-10,179.96000000,186.18000000,177.51000000,182.66000000,4197287.28700000,764487779.16299000,2213416
1754870400000,2025-08-11,182.67000000,186.80000000,173.43000000,174.84000000,3960743.53100000,716297040.55758000,2540822
1754956800000,2025-08-12,174.83000000,193.76000000,173.60000000,191.78000000,5074348.15700000,928619384.54652000,2634085
1755043200000,2025-08-13,191.77000000,204.96000000,191.48000000,201.51000000,7148726.27900000,1420646837.29987000,3943926
1755129600000,2025-08-14,201.51000000,209.86000000,186.68000000,192.47000000,8965607.31400000,1785079918.85764000,5852370
1755216000000,2025-08-15,192.46000000,198.07000000,183.30000000,185.72000000,4360287.39600000,829105705.03941000,3117056
1755302400000,2025-08-16,185.71000000,190.06000000,185.20000000,189.60000000,2099818.44800000,394159921.57508000,1394994
1755388800000,2025-08-17,189.61000000,195.89000000,187.35000000,190.99000000,2261555.55600000,434881253.74428000,1584860
1755475200000,2025-08-18,191.00000000,191.33000000,180.00000000,182.94000000,3374074.69700000,618792820.89800000,2339848
1755561600000,2025-08-19,182.94000000,185.87000000,175.69000000,176.22000000,3260089.95900000,585480412.15700000,2553489
1755648000000,2025-08-20,176.22000000,187.97000000,176.04000000,187.94000000,3464957.67400000,631568652.47851000,2509424
1755734400000,2025-08-21,187.95000000,190.10000000,179.43000000,180.29000000,2914511.60300000,539342225.23738000,2294252
1755820800000,2025-08-22,180.30000000,202.40000000,177.27000000,200.69000000,6594118.38900000,1256886660.78769000,4028924
1755907200000,2025-08-23,200.69000000,208.62000000,195.26000000,204.14000000,4788640.75900000,973536839.81952000,2877535
1755993600000,2025-08-24,204.15000000,211.99000000,201.09000000,205.98000000,7165649.23800000,1481731932.84565000,4288191
1756080000000,2025-08-25,205.99000000,213.60000000,185.33000000,187.20000000,7953100.75300000,1582418695.44157000,5377684
1756166400000,2025-08-26,187.19000000,198.10000000,185.58000000,195.86000000,4734419.52200000,902012356.43676000,3831434
1756252800000,2025-08-27,195.85000000,212.08000000,193.78000000,202.95000000,7835140.15400000,1604543620.28289000,5143734
1756339200000,2025-08-28,202.95000000,216.89000000,201.72000000,214.43000000,7247306.54600000,1535414273.75746000,3790488
1756425600000,2025-08-29,214.43000000,218.00000000,199.85000000,205.08000000,8607486.59700000,1804668250.00784000,4655834
1756512000000,2025-08-30,205.09000000,207.06000000,197.52000000,202.70000000,3894576.11500000,788507477.60620000,1971665
1756598400000,2025-08-31,202.70000000,206.66000000,200.28000000,200.62000000,3303223.94800000,673804991.87307000,1543137
1756684800000,2025-09-01,200.62000000,204.58000000,194.19000000,197.32000000,4464767.77300000,888774733.51505000,2833944
1756771200000,2025-09-02,197.32000000,209.68000000,196.77000000,209.65000000,4894637.54900000,995253298.23912000,2854002
1756857600000,2025-09-03,209.64000000,213.02000000,207.42000000,210.77000000,4063191.68300000,853869392.70960000,2104093
1756944000000,2025-09-04,210.77000000,211.94000000,201.84000000,202.32000000,2726779.27700000,562140700.46499000,1685149
1757030400000,2025-09-05,202.32000000,210.00000000,200.95000000,203.36000000,4121395.25500000,845694209.95453000,2398880
1757116800000,2025-09-06,203.37000000,204.68000000,199.32000000,200.16000000,1481500.99700000,299268104.11997000,793661
1757203200000,2025-09-07,200.17000000,207.95000000,200.12000000,206.35000000,2217510.76300000,452766240.27400000,891331
1757289600000,2025-09-08,206.35000000,217.11000000,205.59000000,214.11000000,5729678.93500000,1218755448.80921000,2394975
1757376000000,2025-09-09,214.11000000,219.79000000,210.79000000,217.21000000,4979304.71300000,1074352909.95500000,2271930
1757462400000,2025-09-10,217.22000000,226.00000000,215.09000000,224.07000000,4824185.21200000,1068145608.20625000,2291606
1757548800000,2025-09-11,224.06000000,228.95000000,221.72000000,228.73000000,4352357.00100000,982824602.60322000,2350356
1757635200000,2025-09-12,228.73000000,244.04000000,228.11000000,242.18000000,5891653.93100000,1401494582.28432000,2743953
1757721600000,2025-09-13,242.18000000,244.14000000,235.73000000,242.38000000,3305661.26500000,797410753.30843000,1663122
1757808000000,2025-09-14,242.38000000,249.60000000,239.23000000,239.76000000,4165171.12800000,1020860755.13829000,2465676
1757894400000,2025-09-15,239.75000000,244.00000000,230.15000000,234.31000000,4733589.61900000,1116796443.80521000,2667457
1757980800000,2025-09-16,234.32000000,240.95000000,231.26000000,236.96000000,3181627.06000000,751087110.05172000,1950517
1758067200000,2025-09-17,236.96000000,246.62000000,232.23000000,244.84000000,4771529.49300000,1131152511.04479000,2695846
1758153600000,2025-09-18,244.84000000,253.51000000,242.58000000,247.50000000,3916890.90800000,969547754.18097000,2112417
1758240000000,2025-09-19,247.50000000,248.57000000,235.12000000,238.53000000,3384985.69800000,816472208.89022000,1817232
1758326400000,2025-09-20,238.53000000,241.22000000,236.91000000,239.48000000,1550489.21500000,370629858.97415000,954135
1758412800000,2025-09-21,239.48000000,241.82000000,235.32000000,236.16000000,1392437.97600000,332349583.59001000,1012982
1758499200000,2025-09-22,236.16000000,236.96000000,214.50000000,220.38000000,5836593.70300000,1306702324.90479000,2962747
1758585600000,2025-09-23,220.39000000,221.71000000,212.34000000,213.30000000,3448908.46800000,749395007.69619000,2084709
1758672000000,2025-09-24,213.29000000,216.45000000,204.81000000,211.60000000,4427457.52600000,934723852.95988000,2319661
1758758400000,2025-09-25,211.61000000,212.44000000,191.32000000,192.74000000,6761257.29100000,1356874816.64603000,3572335
1758844800000,2025-09-26,192.73000000,205.52000000,190.80000000,205.17000000,5623202.87400000,1107437559.64762000,2949417
1758931200000,2025-09-27,205.16000000,205.43000000,199.88000000,203.46000000,2104933.41500000,426788361.48016000,1142963
1759017600000,2025-09-28,203.47000000,211.00000000,198.00000000,210.83000000,2194260.07400000,447175240.70321000,1301607
1759104000000,2025-09-29,210.83000000,214.74000000,204.58000000,212.75000000,3213098.85100000,674793150.79180000,1908731
1759190400000,2025-09-30,212.74000000,213.67000000,204.29000000,208.68000000,3264781.48500000,679647220.11924000,1922286
1759276800000,2025-10-01,208.68000000,222.77000000,206.31000000,222.04000000,4050260.92100000,873666054.98369000,2119007
1759363200000,2025-10-02,222.04000000,234.99000000,219.52000000,234.74000000,4590696.38800000,1041743948.15148000,2550516
1759449600000,2025-10-03,234.74000000,237.00000000,227.13000000,232.84000000,4216611.61400000,977118748.09201000,2632758
1759536000000,2025-10-04,232.84000000,234.05000000,224.07000000,227.86000000,1841410.60500000,420089668.09435000,1292594
1759622400000,2025-10-05,227.86000000,237.22000000,226.45000000,228.56000000,3099633.52600000,718004023.22144000,2035300
1759708800000,2025-10-06,228.56000000,237.79000000,227.55000000,232.35000000,2981928.37500000,696237930.30736000,2186112
1759795200000,2025-10-07,232.35000000,235.21000000,219.70000000,219.97000000,4401045.75700000,999073406.40618000,2553696
1759881600000,2025-10-08,219.98000000,229.72000000,217.30000000,229.02000000,3103760.64500000,692169444.64124000,2154720
1759968000000,2025-10-09,229.03000000,229.69000000,216.53000000,220.93000000,3272953.43100000,728443051.98444000,2359051
1760054400000,2025-10-10,220.93000000,224.46000000,168.79000000,188.43000000,9622835.42900000,1933764147.70444000,5852243
1760140800000,2025-10-11,188.43000000,191.05000000,172.58000000,177.62000000,7292387.24800000,1336674581.83677000,6001725
1760227200000,2025-10-12,177.63000000,199.00000000,173.00000000,197.00000000,6486999.72100000,1212033480.30209000,4248027
1760313600000,2025-10-13,196.99000000,209.28000000,190.02000000,208.69000000,6253161.51100000,1243650930.49898000,3592866
1760400000000,2025-10-14,208.69000000,211.25000000,191.03000000,202.44000000,7349167.87500000,1468181584.29201000,4266429
1760486400000,2025-10-15,202.45000000,208.91000000,192.04000000,193.84000000,5369155.43900000,1077459951.29180000,3462246
1760572800000,2025-10-16,193.84000000,198.42000000,182.03000000,184.85000000,5404640.66300000,1031907451.90110000,3984585
1760659200000,2025-10-17,184.84000000,187.55000000,174.06000000,181.96000000,6102908.87700000,1105131379.71511000,4990043
1760745600000,2025-10-18,181.97000000,188.26000000,181.75000000,187.56000000,2105841.09500000,390464630.80473000,1671152
1760832000000,2025-10-19,187.55000000,192.29000000,183.19000000,187.86000000,2483964.60000000,467903351.76606000,1924138
1760918400000,2025-10-20,187.86000000,194.50000000,183.82000000,189.71000000,3178001.49900000,603125239.27637000,2433576
1761004800000,2025-10-21,189.71000000,197.71000000,182.72000000,185.63000000,4651082.62100000,882667767.13181000,2993729
1761091200000,2025-10-22,185.62000000,187.45000000,177.04000000,180.12000000,3977004.71500000,728436136.60218000,2949085
1761177600000,2025-10-23,180.13000000,193.45000000,179.68000000,191.35000000,3501959.11500000,660476128.42061000,2124848
1761264000000,2025-10-24,191.36000000,197.00000000,188.83000000,193.59000000,3356762.62600000,645504079.80877000,1753520
1761350400000,2025-10-25,193.58000000,195.25000000,191.19000000,193.84000000,1626838.93800000,314665640.87631000,874157
1761436800000,2025-10-26,193.84000000,202.43000000,191.90000000,200.03000000,2577750.13000000,509121280.43437000,1351806
1761523200000,2025-10-27,200.03000000,205.33000000,197.34000000,198.70000000,3515609.38700000,708336575.41230000,2185287
1761609600000,2025-10-28,198.71000000,203.99000000,190.22000000,194.15000000,4329169.96100000,859454239.36776000,2719480
1761696000000,2025-10-29,194.16000000,201.70000000,189.37000000,193.88000000,4620887.82900000,904296220.37263000,3083485
1761782400000,2025-10-30,193.89000000,198.19000000,178.65000000,184.69000000,5054538.26300000,951567373.37045000,3681828
1761868800000,2025-10-31,184.69000000,190.26000000,183.70000000,187.21000000,3193393.84000000,595975738.67529000,2136994
1761955200000,2025-11-01,187.21000000,187.55000000,183.79000000,186.35000000,1484505.22000000,276116739.23029000,977810
1762041600000,2025-11-02,186.35000000,188.34000000,182.00000000,187.71000000,1761297.55700000,326634314.33352000,1245796
1762128000000,2025-11-03,187.71000000,189.13000000,163.15000000,166.06000000,7327613.06300000,1264049328.01724000,3910583
1762214400000,2025-11-04,166.06000000,168.42000000,145.85000000,155.03000000,8288577.56500000,1304788600.22890000,5573905
1762300800000,2025-11-05,155.04000000,163.97000000,147.29000000,162.37000000,4650531.68800000,731570306.64341000,3444083
1762387200000,2025-11-06,162.37000000,162.91000000,153.45000000,155.28000000,3576753.32700000,566130762.86118000,2732485
1762473600000,2025-11-07,155.27000000,164.48000000,149.82000000,161.79000000,4213077.97200000,661451643.57886000,3662708
1762560000000,2025-11-08,161.80000000,164.89000000,155.80000000,158.02000000,2502927.24000000,399996303.16123000,1841390
1762646400000,2025-11-09,158.01000000,166.57000000,155.11000000,164.53000000,3231789.57500000,520708062.09549000,1970862
1762732800000,2025-11-10,164.53000000,170.48000000,163.42000000,167.31000000,3628961.12600000,607111109.27836000,2502580
1762819200000,2025-11-11,167.31000000,171.94000000,153.93000000,154.63000000,4702104.21300000,766449925.55292000,2677284
1762905600000,2025-11-12,154.63000000,161.14000000,151.20000000,153.42000000,4139205.46700000,645568636.51880000,2512619
1762992000000,2025-11-13,153.43000000,157.20000000,141.04000000,144.73000000,5418189.69700000,812546000.91323000,3262498
1763078400000,2025-11-14,144.74000000,145.68000000,135.76000000,138.92000000,6176425.14700000,871175641.33120000,4481602
1763164800000,2025-11-15,138.93000000,144.69000000,138.61000000,139.61000000,2351478.02200000,332993047.78325000,1548121
1763251200000,2025-11-16,139.60000000,143.38000000,134.42000000,137.17000000,3385434.28400000,468359686.65837000,2470289
1763337600000,2025-11-17,137.17000000,143.28000000,128.82000000,130.99000000,5624720.77500000,766512711.10863000,3486901
1763424000000,2025-11-18,131.00000000,142.17000000,129.00000000,140.69000000,5528848.81000000,757005300.54720000,3294195
1763510400000,2025-11-19,140.68000000,142.84000000,130.53000000,137.06000000,4268467.04400000,583711754.90350000,2768770
1763596800000,2025-11-20,137.06000000,144.80000000,131.11000000,133.67000000,7048254.22400000,972668410.79627000,3544605
1763683200000,2025-11-21,133.67000000,135.06000000,121.66000000,128.68000000,8285885.69300000,1059214775.74427000,5098676
1763769600000,2025-11-22,128.69000000,129.94000000,125.08000000,127.59000000,2612487.85900000,332301149.10065000,1893811
1763856000000,2025-11-23,127.60000000,133.54000000,127.56000000,130.58000000,2818715.19000000,368727256.45107000,1686146
1763942400000,2025-11-24,130.58000000,139.87000000,128.44000000,138.44000000,4744857.04600000,632869856.70086000,2659938
1764028800000,2025-11-25,138.43000000,140.50000000,133.13000000,138.96000000,2994819.85300000,409226323.33044000,2110444
1764115200000,2025-11-26,138.96000000,144.75000000,135.50000000,143.02000000,4021862.67000000,562094537.22552000,2100192
1764201600000,2025-11-27,143.01000000,144.29000000,140.47000000,140.85000000,2331673.18900000,331918081.73149000,1218711
1764288000000,2025-11-28,140.85000000,143.60000000,136.01000000,137.33000000,3502510.03100000,490598696.88363000,1614078
1764374400000,2025-11-29,137.33000000,138.10000000,134.76000000,135.91000000,1859321.17100000,254173125.62851000,749092
1764460800000,2025-11-30,135.92000000,140.19000000,133.26000000,133.48000000,2608165.32900000,357882224.67243000,991552
1764547200000,2025-12-01,133.48000000,133.74000000,123.11000000,126.66000000,5007504.05700000,635198829.37354000,2539012
1764633600000,2025-12-02,126.66000000,140.88000000,126.01000000,138.68000000,5022856.74700000,675106831.85339000,2502692
1764720000000,2025-12-03,138.67000000,146.08000000,137.76000000,144.67000000,3954144.80500000,560511341.40006000,2140894
1764806400000,2025-12-04,144.67000000,146.91000000,137.80000000,139.01000000,2694242.24100000,383629221.93813000,1819447
1764892800000,2025-12-05,139.01000000,140.75000000,130.73000000,133.29000000,3367359.14300000,457172027.12608000,1904907
1764979200000,2025-12-06,133.29000000,134.13000000,131.28000000,132.19000000,1341595.43100000,178276609.96260000,893052
1765065600000,2025-12-07,132.20000000,136.35000000,127.70000000,132.24000000,3131804.49100000,413797116.36681000,1814091
1765152000000,2025-12-08,132.25000000,139.36000000,131.52000000,133.25000000,3245115.42600000,440265638.92837000,2042892
1765238400000,2025-12-09,133.24000000,144.93000000,131.62000000,137.88000000,4508522.03400000,623533690.78880000,2422599
1765324800000,2025-12-10,137.87000000,142.57000000,135.39000000,136.26000000,4520230.27600000,624546006.02724000,2617344
1765411200000,2025-12-11,136.26000000,137.79000000,129.00000000,136.41000000,4377697.03600000,581262368.19525000,2353342
1765497600000,2025-12-12,136.41000000,140.12000000,130.35000000,132.27000000,4005608.26200000,542914566.18940000,2200099
1765584000000,2025-12-13,132.28000000,134.28000000,131.60000000,133.14000000,1472483.73500000,195790564.90788000,667045
1765670400000,2025-12-14,133.13000000,133.66000000,127.98000000,129.40000000,1731614.63700000,227172804.50155000,961625
1765756800000,2025-12-15,129.39000000,135.43000000,123.63000000,127.81000000,3922431.00000000,505572419.27462000,2137229
1765843200000,2025-12-16,127.81000000,130.14000000,124.87000000,129.15000000,2884783.99800000,368318615.17013000,1843584
1765929600000,2025-12-17,129.15000000,133.99000000,121.36000000,123.27000000,4525580.21600000,574312574.39112000,2357854
1766016000000,2025-12-18,123.28000000,129.05000000,116.88000000,119.60000000,4790795.00800000,589276513.97563000,2419617
1766102400000,2025-12-19,119.60000000,127.87000000,117.61000000,126.27000000,4090548.59200000,508624593.21844000,2082071
1766188800000,2025-12-20,126.27000000,126.89000000,125.30000000,125.81000000,1229353.58600000,155070613.06539000,488206
1766275200000,2025-12-21,125.80000000,126.62000000,123.40000000,126.03000000,1812103.18900000,227009325.56382000,839564
1766361600000,2025-12-22,126.03000000,128.78000000,124.20000000,125.93000000,2667589.14600000,337356985.61644000,1282063
1766448000000,2025-12-23,125.93000000,126.93000000,122.16000000,124.01000000,2440030.87200000,303158690.00044000,1214338
1766534400000,2025-12-24,124.02000000,124.30000000,120.63000000,122.53000000,1605450.49800000,196266334.88911000,891219
1766620800000,2025-12-25,122.52000000,124.46000000,119.71000000,120.06000000,1818325.14800000,222666013.39610000,620763
1766707200000,2025-12-26,120.05000000,125.14000000,119.24000000,122.26000000,3326516.56200000,407793789.60080000,1242795
1766793600000,2025-12-27,122.27000000,125.08000000,121.86000000,124.73000000,1357802.11200000,167427635.64651000,458614
1766880000000,2025-12-28,124.74000000,125.64000000,123.08000000,125.27000000,1828960.45100000,227049720.92228000,519293
1766966400000,2025-12-29,125.27000000,130.16000000,122.36000000,123.28000000,4307595.10500000,543723304.50905000,1525275
1767052800000,2025-12-30,123.28000000,126.52000000,122.58000000,125.01000000,2480631.51600000,308730777.48262000,955705
1767139200000,2025-12-31,125.02000000,132.75000000,122.99000000,124.65000000,2941643.65800000,368493594.69384000,966712
1767225600000,2026-01-01,124.64000000,127.25000000,124.15000000,126.90000000,1733664.97800000,217068948.15615000,515257
1767312000000,2026-01-02,126.91000000,133.25000000,125.84000000,132.29000000,2924227.37200000,378213187.58117000,1348954
1767398400000,2026-01-03,132.28000000,133.99000000,129.60000000,133.37000000,1520623.49900000,200295921.55764000,637040
1767484800000,2026-01-04,133.37000000,135.54000000,133.12000000,134.12000000,1809269.11300000,242985169.55108000,892859
1767571200000,2026-01-05,134.12000000,139.87000000,133.18000000,137.90000000,3327567.48400000,452911084.26412000,1633145
1767657600000,2026-01-06,137.91000000,143.48000000,136.19000000,141.08000000,3771795.11700000,526491231.98020000,1877400
1767744000000,2026-01-07,141.08000000,141.40000000,134.41000000,136.39000000,2321642.17800000,319140449.80578000,1424664
1767830400000,2026-01-08,136.39000000,140.07000000,132.67000000,138.37000000,3113437.83500000,425211873.06351000,1555663
1767916800000,2026-01-09,138.37000000,141.17000000,134.98000000,135.97000000,3778547.99600000,522670162.73951000,1559427
1768003200000,2026-01-10,135.96000000,137.05000000,135.37000000,135.84000000,1000837.00400000,136346330.79801000,419628
1768089600000,2026-01-11,135.85000000,141.60000000,135.75000000,139.70000000,2209913.20600000,306185406.75845000,857832
1768176000000,2026-01-12,139.69000000,144.40000000,138.34000000,139.22000000,4160120.09100000,587559710.04060000,1815385
1768262400000,2026-01-13,139.21000000,148.74000000,137.82000000,145.51000000,4195082.46800000,598713149.38546000,1781041
1768348800000,2026-01-14,145.52000000,148.44000000,143.37000000,146.69000000,3695077.37800000,539088197.85762000,1481363
1768435200000,2026-01-15,146.70000000,146.73000000,140.90000000,142.40000000,2462143.13900000,354149725.74563000,1301300
1768521600000,2026-01-16,142.41000000,145.55000000,140.26000000,144.89000000,1900879.02600000,271758949.58215000,1014424
1768608000000,2026-01-17,144.90000000,144.99000000,143.32000000,143.72000000,835154.76100000,120390445.12905000,392089
1768694400000,2026-01-18,143.73000000,144.00000000,137.74000000,137.87000000,1877438.69800000,266417011.22107000,712971
1768780800000,2026-01-19,137.87000000,137.87000000,130.00000000,133.44000000,2972524.77000000,397766014.10622000,1113535
1768867200000,2026-01-20,133.44000000,134.63000000,124.68000000,125.80000000,3532423.88000000,456200360.19412000,1665250
1768953600000,2026-01-21,125.81000000,132.17000000,125.26000000,129.54000000,3161736.36000000,406727656.32141000,1568002
1769040000000,2026-01-22,129.53000000,130.94000000,126.73000000,128.47000000,1811586.46200000,233570687.82335000,1016749
1769126400000,2026-01-23,128.47000000,130.20000000,125.28000000,127.43000000,2044063.07700000,261243943.98141000,1068593
1769212800000,2026-01-24,127.43000000,128.12000000,126.64000000,127.21000000,807419.99500000,102804908.33679000,331896
1769299200000,2026-01-25,127.22000000,127.46000000,117.15000000,118.85000000,4540879.44900000,549164530.09031000,1232391
1769385600000,2026-01-26,118.85000000,125.60000000,118.53000000,124.24000000,2355751.36300000,289767656.39401000,1187889
1769472000000,2026-01-27,124.24000000,127.84000000,123.12000000,127.19000000,2036509.04200000,255047826.37975000,1006079
1769558400000,2026-01-28,127.18000000,128.34000000,124.78000000,125.35000000,1997863.52800000,252933659.86287000,1065285
1769644800000,2026-01-29,125.34000000,125.51000000,115.39000000,117.82000000,3730613.47300000,444597605.45512000,1444201
1769731200000,2026-01-30,117.82000000,119.12000000,112.14000000,117.59000000,4761006.74200000,552023487.13287000,1991218
1769817600000,2026-01-31,117.60000000,118.85000000,96.40000000,105.58000000,8567398.32600000,920582075.30101000,3248600
1769904000000,2026-02-01,105.58000000,106.69000000,98.02000000,100.79000000,4204256.05100000,432839562.25445000,2202213
1769990400000,2026-02-02,100.78000000,106.12000000,95.95000000,104.55000000,5574032.68100000,566609041.93448000,2856979
1770076800000,2026-02-03,104.54000000,105.10000000,96.64000000,97.89000000,4514018.11500000,455865168.22654000,2135637
1770163200000,2026-02-04,97.89000000,99.67000000,89.30000000,92.12000000,6251459.37100000,589863839.90233000,2940009
1770249600000,2026-02-05,92.11000000,93.43000000,77.60000000,78.35000000,10243355.48000000,874788983.51127000,4871571
1770336000000,2026-02-06,78.34000000,89.84000000,67.50000000,87.46000000,11811095.76600000,944308125.32202000,3980604
1770422400000,2026-02-07,87.45000000,89.20000000,84.16000000,87.59000000,4486649.48000000,389575196.26258000,1746041
1770508800000,2026-02-08,87.59000000,89.08000000,85.77000000,86.99000000,2534998.68300000,222107656.10678000,1040850
1770595200000,2026-02-09,86.99000000,88.69000000,82.86000000,86.77000000,3667652.41600000,315211863.58337000,1641253
1770681600000,2026-02-10,86.77000000,87.49000000,81.91000000,82.99000000,2975212.10500000,251317963.78963000,1118002
1770768000000,2026-02-11,82.99000000,84.39000000,78.04000000,79.30000000,3814913.32000000,308205411.26465000,1519961
1770854400000,2026-02-12,79.31000000,82.25000000,76.60000000,78.40000000,3196230.11700000,254145719.77685000,1324436
1770940800000,2026-02-13,78.39000000,85.63000000,77.53000000,84.33000000,3370390.27200000,275784441.45232000,1245544
1771027200000,2026-02-14,84.34000000,88.90000000,84.21000000,88.06000000,2698607.21500000,234370543.10908000,771870
1771113600000,2026-02-15,88.06000000,91.26000000,84.89000000,86.16000000,3929085.40000000,346250701.78011000,1210120
1771200000000,2026-02-16,86.15000000,86.93000000,82.55000000,86.45000000,3559751.81100000,302546627.54411000,1097748
1771286400000,2026-02-17,86.45000000,87.69000000,82.92000000,85.08000000,2774655.86500000,235673494.40328000,1064339
1771372800000,2026-02-18,85.09000000,86.09000000,80.48000000,81.61000000,3137603.97000000,261289831.68580000,1026899
1771459200000,2026-02-19,81.61000000,82.67000000,79.61000000,82.50000000,2848277.49000000,231385778.97627000,946105
1771545600000,2026-02-20,82.50000000,85.49000000,81.77000000,84.67000000,3754556.75900000,314351728.47640000,1184887
1771632000000,2026-02-21,84.68000000,86.72000000,83.97000000,85.17000000,1780748.86200000,152190722.00216000,501200
1771718400000,2026-02-22,85.17000000,85.60000000,82.48000000,82.79000000,1798852.59600000,151392933.93976000,478017
1771804800000,2026-02-23,82.80000000,82.85000000,77.15000000,77.90000000,5163373.38300000,407884335.70471000,1508435
1771891200000,2026-02-24,77.91000000,79.62000000,75.63000000,78.99000000,3592828.37600000,278002990.95160000,1232135
1771977600000,2026-02-25,78.99000000,92.10000000,78.73000000,88.06000000,5632749.41500000,481433269.20429000,2076213
1772064000000,2026-02-26,88.05000000,89.27000000,84.34000000,85.91000000,3356890.97900000,292271358.94249000,1381041
1772150400000,2026-02-27,85.91000000,88.29000000,80.32000000,81.85000000,3370499.35900000,282372399.31505000,1290836
1772236800000,2026-02-28,81.84000000,85.65000000,77.12000000,84.35000000,4737699.87900000,381018103.31188000,1652423
1772323200000,2026-03-01,84.35000000,88.90000000,81.69000000,83.60000000,4435194.22200000,379704573.89707000,1639105
1772409600000,2026-03-02,83.61000000,90.29000000,82.37000000,86.64000000,5123433.26000000,441466075.27522000,2012450
1772496000000,2026-03-03,86.65000000,87.46000000,82.50000000,86.97000000,4136742.74500000,352407982.68373000,1899723
1772582400000,2026-03-04,86.98000000,94.05000000,84.78000000,90.85000000,6329931.38300000,569095803.57597000,2311936
1772668800000,2026-03-05,90.86000000,92.96000000,87.91000000,88.77000000,3753710.60800000,338381026.60303000,1560359
1772755200000,2026-03-06,88.78000000,89.31000000,83.64000000,84.70000000,3135324.64200000,270442360.96293000,1074615
1772841600000,2026-03-07,84.69000000,85.07000000,82.28000000,83.22000000,1465281.72100000,122963798.86816000,449215
1772928000000,2026-03-08,83.22000000,84.13000000,80.26000000,81.59000000,2102965.68700000,172996198.81307000,874561
1773014400000,2026-03-09,81.60000000,87.06000000,81.54000000,84.96000000,3594057.28900000,303762981.41433000,1435938
1773100800000,2026-03-10,84.95000000,88.80000000,84.83000000,85.88000000,3643895.13400000,315747627.25955000,1345421
1773187200000,2026-03-11,85.88000000,88.09000000,84.36000000,86.58000000,3182175.73900000,274584022.30669000,1160083
1773273600000,2026-03-12,86.58000000,87.69000000,84.72000000,86.84000000,2913681.14800000,251461590.54647000,1011244
1773360000000,2026-03-13,86.83000000,92.98000000,86.71000000,88.18000000,4940378.61700000,444382862.34735000,1573489
1773446400000,2026-03-14,88.17000000,88.71000000,86.51000000,88.03000000,1498143.03900000,131023050.50446000,452790
1773532800000,2026-03-15,88.04000000,93.23000000,87.36000000,92.30000000,2614547.10500000,234767488.50501000,884525
1773619200000,2026-03-16,92.31000000,97.68000000,91.18000000,96.20000000,5621650.62100000,528050134.14179000,1713091
1773705600000,2026-03-17,96.19000000,96.95000000,93.15000000,94.62000000,2833557.58600000,268101714.95452000,1112613
1773792000000,2026-03-18,94.61000000,95.65000000,88.55000000,90.08000000,3293861.55800000,300917405.38526000,1252844
1773878400000,2026-03-19,90.07000000,91.41000000,87.00000000,88.89000000,2609542.92400000,232099704.87992000,969701
1773964800000,2026-03-20,88.90000000,90.45000000,88.13000000,89.84000000,2201411.53800000,196421070.04267000,829967
1774051200000,2026-03-21,89.85000000,90.81000000,87.14000000,87.56000000,1241845.22500000,111256092.32793000,430506
1774137600000,2026-03-22,87.55000000,89.20000000,85.14000000,86.20000000,2138087.13100000,186560079.07073000,792987
1774224000000,2026-03-23,86.21000000,92.26000000,85.11000000,91.43000000,4561706.38800000,408668711.98439000,1666603
1774310400000,2026-03-24,91.44000000,92.22000000,88.42000000,90.80000000,3086042.52600000,278959551.29154000,1020843
1774396800000,2026-03-25,90.80000000,93.47000000,90.71000000,91.70000000,2652534.79800000,244373310.11937000,844728
1774483200000,2026-03-26,91.70000000,91.98000000,85.45000000,86.53000000,3566192.73600000,313848720.77040000,864864
1774569600000,2026-03-27,86.52000000,87.04000000,81.86000000,83.11000000,2840562.07000000,239097154.26725000,817296
1774656000000,2026-03-28,83.11000000,84.29000000,81.69000000,82.09000000,1667010.09900000,138586353.26362000,451858
1774742400000,2026-03-29,82.09000000,83.24000000,78.96000000,81.44000000,1624673.47500000,132619257.69694000,523110
1774828800000,2026-03-30,81.45000000,84.99000000,81.15000000,82.54000000,3025854.68700000,252604976.45833000,887139
1774915200000,2026-03-31,82.55000000,84.62000000,80.08000000,83.20000000,4272567.42600000,350168600.26211000,1157793
1775001600000,2026-04-01,83.19000000,86.65000000,80.77000000,81.18000000,4676736.12000000,390375500.93046000,1221698
1775088000000,2026-04-02,81.19000000,81.77000000,76.70000000,78.94000000,4210024.26300000,332877124.59013000,1149760
1775174400000,2026-04-03,78.95000000,80.91000000,78.85000000,80.40000000,2230839.74000000,178180006.68359000,585265
1775260800000,2026-04-04,80.39000000,81.61000000,79.57000000,80.83000000,1562930.76700000,126024814.13980000,339581
1775347200000,2026-04-05,80.84000000,82.13000000,78.52000000,81.89000000,1732438.55800000,138744190.87240000,530668
1775433600000,2026-04-06,81.89000000,83.20000000,79.60000000,80.03000000,2730370.56400000,223718858.15637000,836312
1775520000000,2026-04-07,80.03000000,87.02000000,78.38000000,85.56000000,4312598.52000000,352019236.78463000,1320957
1775606400000,2026-04-08,85.56000000,85.90000000,82.24000000,82.57000000,2952758.54800000,248176777.53562000,910454
1775692800000,2026-04-09,82.56000000,85.95000000,81.40000000,83.33000000,2775927.62900000,231023182.06021000,900238
1775779200000,2026-04-10,83.33000000,85.67000000,82.62000000,84.83000000,2186078.34300000,183586491.42502000,684681
1775865600000,2026-04-11,84.83000000,86.26000000,83.80000000,84.93000000,1570901.88300000,133250533.99659000,479797
1775952000000,2026-04-12,84.94000000,85.00000000,81.27000000,81.53000000,2174791.86600000,179048096.72296000,639807
1776038400000,2026-04-13,81.54000000,86.81000000,81.40000000,86.51000000,2950390.41500000,246881043.41407000,1038169
1776124800000,2026-04-14,86.51000000,87.67000000,83.30000000,83.72000000,3532984.69200000,302583169.25849000,949683
1776211200000,2026-04-15,83.72000000,85.83000000,82.65000000,84.90000000,2602448.59300000,218518458.54018000,866567
1776297600000,2026-04-16,84.90000000,90.53000000,83.80000000,89.05000000,3940291.34100000,342538921.72054000,1188495
1776384000000,2026-04-17,89.06000000,90.73000000,87.34000000,88.76000000,4237208.38800000,377307282.79799000,1177055
1776470400000,2026-04-18,88.77000000,89.16000000,85.78000000,86.16000000,1893190.54300000,165249225.53869000,560071
1776556800000,2026-04-19,86.15000000,87.12000000,82.94000000,83.47000000,2594849.06500000,221105423.00326000,769677
1776643200000,2026-04-20,83.47000000,86.22000000,83.34000000,85.28000000,2300346.75000000,195747705.12717000,755776
1776729600000,2026-04-21,85.29000000,86.89000000,84.31000000,86.03000000,2111587.26900000,180689885.18477000,789037
1776816000000,2026-04-22,86.04000000,89.32000000,86.01000000,86.87000000,3154871.83500000,277312968.48886000,814469
1776902400000,2026-04-23,86.86000000,87.18000000,84.48000000,86.12000000,2894663.23900000,248381347.37972000,789600
1776988800000,2026-04-24,86.12000000,86.94000000,84.92000000,86.18000000,1818574.66300000,156360251.67295000,545936
1777075200000,2026-04-25,86.18000000,86.80000000,85.53000000,86.18000000,1033932.43600000,89083751.12267000,300075
1777161600000,2026-04-26,86.19000000,87.32000000,85.84000000,86.93000000,1453501.45200000,125727370.39517000,380657
1777248000000,2026-04-27,86.93000000,88.08000000,83.63000000,84.82000000,3009101.69100000,258019187.38674000,737519
1777334400000,2026-04-28,84.82000000,84.93000000,82.98000000,84.06000000,1664394.44300000,139515262.33159000,397883
1777420800000,2026-04-29,84.06000000,85.56000000,81.40000000,83.04000000,2576063.59600000,215702892.97072000,581305
1777507200000,2026-04-30,83.05000000,84.01000000,82.16000000,83.09000000,1372591.61100000,114147099.21202000,481530
1777593600000,2026-05-01,83.09000000,84.86000000,83.08000000,83.76000000,1798067.95900000,151073553.34307000,432422
1777680000000,2026-05-02,83.76000000,84.97000000,83.44000000,84.26000000,1027759.49900000,86371425.97718000,283023
1777766400000,2026-05-03,84.26000000,84.97000000,83.58000000,83.91000000,1268647.52200000,106740859.19550000,341393
1777852800000,2026-05-04,83.91000000,85.90000000,83.23000000,84.10000000,3469307.21800000,293561075.29853000,757940
1777939200000,2026-05-05,84.11000000,86.98000000,84.04000000,86.29000000,2478888.12600000,211908510.33936000,520564
1778025600000,2026-05-06,86.29000000,90.03000000,86.10000000,89.16000000,3483256.03000000,308151763.87133000,799669
1778112000000,2026-05-07,89.16000000,90.44000000,87.63000000,88.42000000,2892180.50100000,256798285.69353000,829550
1778198400000,2026-05-08,88.43000000,92.80000000,87.60000000,92.01000000,2644434.85900000,237710210.22825000,780119
1778284800000,2026-05-09,92.02000000,94.17000000,91.85000000,93.13000000,1974272.69600000,184273334.88941000,591555
1778371200000,2026-05-10,93.12000000,97.00000000,92.60000000,96.47000000,2559168.99500000,242180573.08509000,795120
1778457600000,2026-05-11,96.46000000,98.41000000,94.30000000,97.37000000,3078049.96500000,295699382.12628000,1005178
1778544000000,2026-05-12,97.37000000,97.68000000,93.55000000,94.28000000,2810037.35900000,267797491.33600000,755594
1778630400000,2026-05-13,94.28000000,95.99000000,90.27000000,91.17000000,3192571.80200000,296684142.90225000,846316
1778716800000,2026-05-14,91.17000000,93.68000000,89.82000000,92.15000000,2709125.80800000,248759454.40340000,747394
1778803200000,2026-05-15,92.16000000,92.66000000,88.55000000,89.24000000,2675843.63100000,242000435.50568000,692037
1778889600000,2026-05-16,89.23000000,89.44000000,85.52000000,86.54000000,1963021.59400000,171166955.42498000,478209
1778976000000,2026-05-17,86.53000000,87.29000000,83.50000000,85.24000000,1914165.24400000,164713788.40151000,480098
1779062400000,2026-05-18,85.23000000,85.80000000,83.50000000,85.38000000,2771861.34400000,234894720.11943000,781366
1779148800000,2026-05-19,85.38000000,85.97000000,83.70000000,84.29000000,1662986.21600000,140968974.00370000,488954
1779235200000,2026-05-20,84.30000000,87.09000000,83.85000000,86.17000000,2365152.43800000,202352075.07971000,584791
1779321600000,2026-05-21,86.17000000,88.00000000,85.32000000,87.36000000,2654321.90000000,230197727.51692000,565249
1779408000000,2026-05-22,87.35000000,87.85000000,84.00000000,84.40000000,2208484.66300000,190465397.24417000,540819
1779494400000,2026-05-23,84.40000000,87.50000000,81.50000000,85.75000000,2973101.71100000,250189655.93753000,602178
1779580800000,2026-05-24,85.76000000,87.00000000,83.70000000,85.27000000,2086657.40300000,178546179.16054000,442697
1779667200000,2026-05-25,85.27000000,86.52000000,84.71000000,85.06000000,1562235.46500000,133934038.93491000,395894
1779753600000,2026-05-26,85.06000000,86.13000000,83.15000000,83.72000000,2358777.43000000,199494844.50827000,578993
1779840000000,2026-05-27,83.73000000,84.84000000,82.10000000,82.44000000,2119456.36300000,177381689.48777000,691460
1779926400000,2026-05-28,82.43000000,83.01000000,80.00000000,82.11000000,2306915.48000000,187780235.65195000,853185
1780012800000,2026-05-29,82.12000000,83.24000000,80.35000000,82.04000000,2064277.64600000,169419195.71328000,674991
1780099200000,2026-05-30,82.04000000,83.17000000,81.86000000,82.73000000,1018490.24400000,84139656.69554000,268631
1780185600000,2026-05-31,82.74000000,83.42000000,81.33000000,82.44000000,993880.66600000,81945760.25686000,317381
1780272000000,2026-06-01,82.45000000,83.10000000,79.11000000,81.28000000,2309147.39600000,186789094.88171000,701707
1780358400000,2026-06-02,81.28000000,81.30000000,72.73000000,74.23000000,3642536.91700000,280742777.63811000,1150607
1780444800000,2026-06-03,74.23000000,75.71000000,70.93000000,71.61000000,3655245.68000000,268846279.56846000,1261571
1780531200000,2026-06-04,71.61000000,72.09000000,66.80000000,68.88000000,4928249.49000000,342023023.17545000,1899749
1780617600000,2026-06-05,68.87000000,69.10000000,61.48000000,63.64000000,7041593.48800000,459201300.24767000,2696738
1780704000000,2026-06-06,63.64000000,64.86000000,60.13000000,62.20000000,3570841.05600000,222337240.81850000,1364694
1780790400000,2026-06-07,62.21000000,67.92000000,61.96000000,66.50000000,2941571.37300000,190256045.84914000,1086945
1780876800000,2026-06-08,66.50000000,68.17000000,64.98000000,66.82000000,3058995.36700000,203980500.89025000,987258
1780963200000,2026-06-09,66.82000000,67.47000000,63.54000000,64.96000000,3082150.31100000,202530772.18516000,1032126
1781049600000,2026-06-10,64.97000000,65.77000000,62.34000000,63.19000000,2937917.56100000,188397659.69397000,1207455
1781136000000,2026-06-11,63.19000000,67.42000000,63.19000000,66.93000000,2881561.03100000,189005038.43311000,819698
1781222400000,2026-06-12,66.93000000,68.82000000,65.95000000,66.82000000,2839586.68300000,190828765.42378000,637487
1781308800000,2026-06-13,66.83000000,69.59000000,66.59000000,68.94000000,1525014.50000000,103574137.66564000,434658
1781395200000,2026-06-14,68.94000000,71.29000000,66.94000000,71.28000000,1851821.93100000,127571173.00898000,576477
1781481600000,2026-06-15,71.29000000,76.09000000,70.66000000,73.98000000,3102777.46800000,227379382.80347000,1041029
1781568000000,2026-06-16,73.99000000,75.65000000,72.29000000,73.52000000,2185905.59500000,161637079.57009000,844497
1781654400000,2026-06-17,73.53000000,74.69000000,70.83000000,72.05000000,2443239.39100000,178123036.08371000,1139773
1781740800000,2026-06-18,72.05000000,72.68000000,68.23000000,69.71000000,2263712.32900000,158994959.76919000,944431
1781827200000,2026-06-19,69.72000000,70.09000000,67.92000000,69.74000000,1884570.86800000,129846260.69857000,714964
1781913600000,2026-06-20,69.73000000,74.30000000,69.48000000,73.22000000,2267614.62700000,162699600.53826000,740168
1782000000000,2026-06-21,73.22000000,74.68000000,72.31000000,72.46000000,2122685.61800000,156059401.95310000,680563
1782086400000,2026-06-22,72.47000000,75.00000000,71.37000000,71.95000000,2567224.06700000,189042406.80561000,912146
1782172800000,2026-06-23,71.95000000,72.06000000,68.16000000,69.71000000,2202519.28500000,153483354.24265000,876300
1782259200000,2026-06-24,69.70000000,70.44000000,64.71000000,68.11000000,3368667.52900000,228503515.42836000,1267052
1782345600000,2026-06-25,68.12000000,69.66000000,64.04000000,67.72000000,3716901.28100000,249278708.39506000,1391124
1782432000000,2026-06-26,67.72000000,73.93000000,65.91000000,71.90000000,4422868.71600000,310844293.71287000,1842812
1782518400000,2026-06-27,71.90000000,73.19000000,70.25000000,70.50000000,1921832.56000000,138191066.07292000,634959
1782604800000,2026-06-28,70.49000000,72.41000000,69.74000000,71.38000000,1709274.91800000,121662415.12054000,776562
1782691200000,2026-06-29,71.39000000,76.49000000,70.35000000,75.16000000,3861722.10000000,284229885.35371000,1751231
1782777600000,2026-06-30,75.17000000,75.80000000,71.90000000,73.67000000,2668784.10300000,195948181.87889000,989235
1782864000000,2026-07-01,73.67000000,78.96000000,72.25000000,77.46000000,3613325.29600000,274424470.62986000,1293054
1782950400000,2026-07-02,77.46000000,82.78000000,76.90000000,80.73000000,3740503.81000000,300710638.26347000,1323576
1783036800000,2026-07-03,80.72000000,83.22000000,80.34000000,82.34000000,1769217.38300000,144331402.98237000,747224
1783123200000,2026-07-04,82.35000000,83.98000000,81.36000000,81.80000000,1853790.46200000,152670026.21070000,623191
1783209600000,2026-07-05,81.80000000,82.43000000,79.68000000,81.59000000,1405482.13900000,113832056.83454000,531552
1783296000000,2026-07-06,81.59000000,83.74000000,79.23000000,81.94000000,2393607.64000000,194348694.83268000,1012792
1783382400000,2026-07-07,81.94000000,82.79000000,80.34000000,80.58000000,1858989.51700000,151356556.00884000,835044
1783468800000,2026-07-08,80.58000000,80.78000000,76.29000000,77.83000000,2171403.36000000,169124947.01044000,786423
1783555200000,2026-07-09,77.83000000,78.83000000,76.71000000,78.04000000,1458437.83400000,113612885.35964000,628012
1783641600000,2026-07-10,78.05000000,79.68000000,77.07000000,78.13000000,1853732.07500000,145485169.21621000,600906
1783728000000,2026-07-11,78.14000000,78.88000000,76.77000000,76.79000000,1341468.46700000,104568146.69463000,427167
1783814400000,2026-07-12,76.79000000,77.78000000,75.65000000,76.92000000,1107014.96000000,85077113.70053000,428321
1783900800000,2026-07-13,76.92000000,78.20000000,74.10000000,75.01000000,1598648.36200000,121408296.27600000,711539
1783987200000,2026-07-14,75.02000000,77.95000000,74.56000000,77.87000000,1797979.60200000,137489466.10569000,654450
1784073600000,2026-07-15,77.87000000,79.04000000,76.94000000,77.29000000,1789391.58800000,139319862.53961000,661584
1784160000000,2026-07-16,77.28000000,77.64000000,75.01000000,75.32000000,1525454.67800000,116450165.27121000,525461
1784246400000,2026-07-17,75.33000000,75.75000000,73.39000000,75.04000000,1361493.07500000,101677703.50072000,553564
1784332800000,2026-07-18,75.04000000,75.67000000,74.50000000,75.52000000,651011.69500000,48907344.63535000,249534
1784419200000,2026-07-19,75.53000000,76.70000000,75.37000000,76.38000000,1176910.44600000,89493155.41166000,322166
1784505600000,2026-07-20,76.38000000,78.38000000,75.50000000,77.85000000,1867200.85100000,143667567.93295000,674507
1784592000000,2026-07-21,77.85000000,78.88000000,77.42000000,78.12000000,1283561.32000000,100390454.24649000,395822
1784678400000,2026-07-22,78.13000000,78.85000000,77.00000000,77.97000000,1424652.17300000,110917121.35720000,497292
