open_time_ms,date,open,high,low,close,volume,quote_volume,trades
1698364800000,2023-10-27,0.55340000,0.55880000,0.53250000,0.54300000,312543838.00000000,171491048.37120000,179059
1698451200000,2023-10-28,0.54300000,0.55060000,0.54050000,0.54460000,110912293.00000000,60491790.55940000,75484
1698537600000,2023-10-29,0.54460000,0.56140000,0.54050000,0.55610000,160069611.00000000,88554355.81060000,111204
1698624000000,2023-10-30,0.55600000,0.58430000,0.54940000,0.57800000,436757242.00000000,248232480.43280000,249097
1698710400000,2023-10-31,0.57800000,0.62130000,0.56270000,0.59960000,621793128.00000000,368660558.78410000,405292
1698796800000,2023-11-01,0.59950000,0.61640000,0.58020000,0.60850000,468312081.00000000,281452760.38420000,300657
1698883200000,2023-11-02,0.60840000,0.62620000,0.58650000,0.60540000,438254076.00000000,266920463.19220000,306768
1698969600000,2023-11-03,0.60530000,0.61500000,0.59140000,0.61210000,329096876.00000000,198763348.24910000,241510
1699056000000,2023-11-04,0.61200000,0.61810000,0.60830000,0.61490000,142897570.00000000,87555326.76740000,117676
1699142400000,2023-11-05,0.61490000,0.66300000,0.61370000,0.66070000,418017252.00000000,267196689.06910000,360833
1699228800000,2023-11-06,0.66060000,0.73240000,0.65840000,0.71480000,703629362.00000000,492269742.46420000,663490
1699315200000,2023-11-07,0.71470000,0.71550000,0.65000000,0.68500000,618276758.00000000,422309909.78940000,568111
1699401600000,2023-11-08,0.68510000,0.69900000,0.67250000,0.68690000,344396095.00000000,236500123.99130000,280135
1699488000000,2023-11-09,0.68690000,0.70690000,0.63000000,0.66650000,777778139.00000000,526217501.62020000,651477
1699574400000,2023-11-10,0.66670000,0.67110000,0.63590000,0.65950000,464857348.00000000,305377391.82140000,364942
1699660800000,2023-11-11,0.65940000,0.69000000,0.64010000,0.66260000,380232188.00000000,253172843.06910000,341763
1699747200000,2023-11-12,0.66260000,0.67090000,0.64580000,0.66130000,216031217.00000000,143035347.16400000,190874
1699833600000,2023-11-13,0.66120000,0.75000000,0.63970000,0.67020000,749884441.00000000,508338082.69850000,879561
1699920000000,2023-11-14,0.67010000,0.67240000,0.59670000,0.62960000,597417769.00000000,385092136.04510000,540206
1700006400000,2023-11-15,0.62960000,0.65040000,0.62510000,0.64810000,339283800.00000000,215842881.77630000,262801
1700092800000,2023-11-16,0.64820000,0.65300000,0.60330000,0.61190000,440591531.00000000,278273459.12940000,322145
1700179200000,2023-11-17,0.61180000,0.62440000,0.58590000,0.61330000,368525340.00000000,224298132.84900000,260314
1700265600000,2023-11-18,0.61320000,0.61440000,0.58900000,0.61060000,192040293.00000000,116218315.98220000,128582
1700352000000,2023-11-19,0.61060000,0.62860000,0.60120000,0.62580000,240044861.00000000,147981860.31460000,151463
1700438400000,2023-11-20,0.62580000,0.62820000,0.60610000,0.61220000,298231745.00000000,184839298.73150000,199459
1700524800000,2023-11-21,0.61210000,0.61780000,0.57250000,0.57880000,468850910.00000000,282178604.42590000,330524
1700611200000,2023-11-22,0.57870000,0.61620000,0.57740000,0.61090000,346216216.00000000,206849999.41040000,211817
1700697600000,2023-11-23,0.61090000,0.62380000,0.60590000,0.62090000,305693192.00000000,187962573.16080000,215385
1700784000000,2023-11-24,0.62080000,0.62580000,0.61550000,0.62120000,303149239.00000000,188217852.89610000,191965
1700870400000,2023-11-25,0.62120000,0.62380000,0.61570000,0.62280000,121921267.00000000,75608640.35070000,87233
1700956800000,2023-11-26,0.62280000,0.63750000,0.60640000,0.61570000,266307412.00000000,165803435.54410000,197951
1701043200000,2023-11-27,0.61570000,0.61680000,0.59370000,0.60390000,309411406.00000000,187249018.37480000,209511
1701129600000,2023-11-28,0.60390000,0.61390000,0.59570000,0.61070000,286127938.00000000,173255085.92560000,168089
1701216000000,2023-11-29,0.61060000,0.61700000,0.60400000,0.60910000,235341461.00000000,143645522.78840000,135873
1701302400000,2023-11-30,0.60900000,0.60990000,0.59820000,0.60630000,232714430.00000000,140561709.32050000,134889
1701388800000,2023-12-01,0.60630000,0.61430000,0.60310000,0.61250000,248446111.00000000,151500975.46030000,146670
1701475200000,2023-12-02,0.61260000,0.62290000,0.61100000,0.62080000,144130252.00000000,88761091.04180000,105687
1701561600000,2023-12-03,0.62070000,0.63420000,0.61680000,0.62290000,240660124.00000000,150119342.55230000,172404
1701648000000,2023-12-04,0.62290000,0.64390000,0.58200000,0.62450000,492198799.00000000,306906152.55400000,375265
1701734400000,2023-12-05,0.62460000,0.63070000,0.60760000,0.62100000,369372743.00000000,227916914.96180000,251818
1701820800000,2023-12-06,0.62100000,0.64370000,0.61040000,0.64000000,498860756.00000000,312787290.22840000,350624
1701907200000,2023-12-07,0.64000000,0.65440000,0.62040000,0.64320000,454683854.00000000,290693308.70340000,326240
1701993600000,2023-12-08,0.64310000,0.67560000,0.63730000,0.67210000,497144485.00000000,325864380.63290000,331483
1702080000000,2023-12-09,0.67200000,0.70000000,0.65100000,0.65840000,522942153.00000000,355677766.91180000,432033
1702166400000,2023-12-10,0.65840000,0.67150000,0.64680000,0.66170000,251001949.00000000,165918653.99920000,222709
1702252800000,2023-12-11,0.66170000,0.66280000,0.60000000,0.61870000,601855237.00000000,374407040.27170000,442580
1702339200000,2023-12-12,0.61870000,0.62630000,0.60670000,0.61920000,372907112.00000000,231170040.10730000,229429
1702425600000,2023-12-13,0.61910000,0.63480000,0.59250000,0.62750000,383566539.00000000,234465552.88700000,246939
1702512000000,2023-12-14,0.62760000,0.63790000,0.60530000,0.63160000,340698850.00000000,213406134.19760000,221555
1702598400000,2023-12-15,0.63160000,0.64410000,0.61160000,0.61560000,356613976.00000000,224036403.92190000,214133
1702684800000,2023-12-16,0.61560000,0.62580000,0.61000000,0.62030000,160755138.00000000,99749269.65580000,104112
1702771200000,2023-12-17,0.62020000,0.62370000,0.60840000,0.61030000,176476817.00000000,108983642.71150000,123202
1702857600000,2023-12-18,0.61030000,0.61450000,0.57780000,0.61250000,477105096.00000000,285526632.31420000,273493
1702944000000,2023-12-19,0.61250000,0.61670000,0.59720000,0.60470000,309456484.00000000,188305009.58320000,166330
1703030400000,2023-12-20,0.60470000,0.62640000,0.60100000,0.61710000,380133323.00000000,233730636.44000000,207789
1703116800000,2023-12-21,0.61710000,0.62490000,0.61030000,0.62410000,294263304.00000000,181486794.98790000,163056
1703203200000,2023-12-22,0.62400000,0.63170000,0.61540000,0.62440000,386616422.00000000,240110049.24570000,220638
1703289600000,2023-12-23,0.62430000,0.62490000,0.61060000,0.61950000,170948891.00000000,105499262.15890000,109711
1703376000000,2023-12-24,0.61950000,0.62950000,0.60350000,0.61210000,305003397.00000000,188565171.46130000,202416
1703462400000,2023-12-25,0.61220000,0.64880000,0.60820000,0.64620000,501529244.00000000,317774651.65370000,326833
1703548800000,2023-12-26,0.64610000,0.64690000,0.60000000,0.62190000,427204990.00000000,266404566.67740000,302019
1703635200000,2023-12-27,0.62190000,0.64210000,0.61270000,0.63400000,363959180.00000000,228589962.93320000,239715
1703721600000,2023-12-28,0.63410000,0.65840000,0.62490000,0.63460000,468193003.00000000,299092512.05790000,355284
1703808000000,2023-12-29,0.63460000,0.63630000,0.61210000,0.62300000,347060742.00000000,217547687.87810000,243393
1703894400000,2023-12-30,0.62290000,0.62970000,0.61580000,0.62070000,168141907.00000000,104681939.62980000,122347
1703980800000,2023-12-31,0.62070000,0.62850000,0.60550000,0.61560000,160978768.00000000,99819076.46700000,119943
1704067200000,2024-01-01,0.61550000,0.63090000,0.60830000,0.62940000,165869400.00000000,102732273.89820000,117055
1704153600000,2024-01-02,0.62950000,0.64050000,0.62130000,0.62460000,371069494.00000000,233870765.05640000,225913
1704240000000,2024-01-03,0.62450000,0.63940000,0.50000000,0.58230000,1063513320.00000000,616476961.00120000,736079
1704326400000,2024-01-04,0.58230000,0.59380000,0.56920000,0.58680000,384638363.00000000,223518040.68220000,242875
1704412800000,2024-01-05,0.58680000,0.58850000,0.55300000,0.57570000,383229345.00000000,218834036.52780000,245647
1704499200000,2024-01-06,0.57580000,0.57580000,0.55680000,0.56790000,166749051.00000000,94643295.63850000,153251
1704585600000,2024-01-07,0.56800000,0.57300000,0.54540000,0.55150000,226717559.00000000,127831730.94330000,214162
1704672000000,2024-01-08,0.55150000,0.58210000,0.54420000,0.57760000,520587965.00000000,294676989.38880000,376161
1704758400000,2024-01-09,0.57760000,0.57930000,0.55310000,0.56690000,454568370.00000000,258327968.53040000,326240
1704844800000,2024-01-10,0.56700000,0.61500000,0.54890000,0.60080000,565711997.00000000,326124454.53350000,429011
1704931200000,2024-01-11,0.60080000,0.62400000,0.58560000,0.60190000,513518254.00000000,310159093.89610000,400838
1705017600000,2024-01-12,0.60190000,0.60350000,0.55150000,0.56990000,462016509.00000000,271305995.44370000,336564
1705104000000,2024-01-13,0.56990000,0.57750000,0.56300000,0.57470000,144723019.00000000,82918818.75510000,118002
1705190400000,2024-01-14,0.57460000,0.59320000,0.57170000,0.57630000,188471401.00000000,109243103.89680000,162384
1705276800000,2024-01-15,0.57630000,0.58950000,0.56870000,0.57570000,267118552.00000000,154706565.70470000,177076
1705363200000,2024-01-16,0.57570000,0.57970000,0.56590000,0.57570000,250036650.00000000,143801731.44930000,152058
1705449600000,2024-01-17,0.57580000,0.57630000,0.56110000,0.56850000,229435711.00000000,130910418.99940000,131484
1705536000000,2024-01-18,0.56850000,0.56900000,0.54300000,0.55200000,286860737.00000000,160206212.15240000,161110
1705622400000,2024-01-19,0.55200000,0.55370000,0.52160000,0.54430000,412467369.00000000,223694759.79860000,216243
1705708800000,2024-01-20,0.54430000,0.55510000,0.53900000,0.55340000,190027866.00000000,104041398.81090000,102320
1705795200000,2024-01-21,0.55340000,0.55520000,0.54510000,0.54640000,115018674.00000000,63480245.16940000,76745
1705881600000,2024-01-22,0.54640000,0.54970000,0.51690000,0.52750000,340622198.00000000,181521750.76700000,201355
1705968000000,2024-01-23,0.52750000,0.53180000,0.49620000,0.51830000,468522571.00000000,239931999.79210000,267650
1706054400000,2024-01-24,0.51830000,0.51940000,0.51100000,0.51810000,256315507.00000000,131991869.48870000,133816
1706140800000,2024-01-25,0.51820000,0.51820000,0.50370000,0.51380000,251423038.00000000,128611527.13580000,140119
1706227200000,2024-01-26,0.51390000,0.53680000,0.50840000,0.53230000,345499020.00000000,179941832.21460000,159917
1706313600000,2024-01-27,0.53220000,0.53490000,0.52620000,0.53030000,109437595.00000000,58062234.29680000,71686
1706400000000,2024-01-28,0.53040000,0.53550000,0.52110000,0.52410000,133344725.00000000,70557321.52390000,84061
1706486400000,2024-01-29,0.52420000,0.54000000,0.51930000,0.53520000,315810144.00000000,166936283.39480000,149835
1706572800000,2024-01-30,0.53510000,0.53930000,0.50710000,0.51070000,551143127.00000000,287974260.46780000,286534
1706659200000,2024-01-31,0.51060000,0.51440000,0.48530000,0.50330000,485421774.00000000,245358209.31090000,259626
1706745600000,2024-02-01,0.50330000,0.51070000,0.49000000,0.50580000,339711167.00000000,169136077.98740000,168991
1706832000000,2024-02-02,0.50570000,0.51420000,0.49870000,0.51050000,362229325.00000000,182866296.79090000,152511
1706918400000,2024-02-03,0.51060000,0.52700000,0.50600000,0.51860000,268503943.00000000,139267739.44200000,154948
1707004800000,2024-02-04,0.51870000,0.51920000,0.50030000,0.50320000,156461025.00000000,79994272.00650000,95974
1707091200000,2024-02-05,0.50310000,0.51430000,0.49690000,0.50690000,316744221.00000000,160199486.02720000,149666
1707177600000,2024-02-06,0.50690000,0.51120000,0.49810000,0.50500000,296361361.00000000,149476117.65860000,144258
1707264000000,2024-02-07,0.50500000,0.51550000,0.49930000,0.51380000,337065844.00000000,170065835.69460000,161884
1707350400000,2024-02-08,0.51380000,0.52000000,0.51010000,0.51470000,319558939.00000000,164331767.54660000,164228
1707436800000,2024-02-09,0.51460000,0.52820000,0.51400000,0.52620000,381663993.00000000,199001954.39440000,186874
1707523200000,2024-02-10,0.52620000,0.52820000,0.51860000,0.52390000,136051851.00000000,71203753.39820000,86130
1707609600000,2024-02-11,0.52390000,0.53600000,0.52160000,0.52610000,218992618.00000000,115829056.71340000,125536
1707696000000,2024-02-12,0.52620000,0.53800000,0.51430000,0.53150000,383946428.00000000,201577676.52180000,199481
1707782400000,2024-02-13,0.53150000,0.53380000,0.51400000,0.52470000,398803382.00000000,209569577.32080000,194280
1707868800000,2024-02-14,0.52460000,0.54180000,0.52030000,0.53780000,402071120.00000000,213698498.07640000,188685
1707955200000,2024-02-15,0.53780000,0.57690000,0.53700000,0.56220000,640584098.00000000,354054978.07840000,353387
1708041600000,2024-02-16,0.56220000,0.57910000,0.55230000,0.56430000,522111567.00000000,295713042.19940000,296142
1708128000000,2024-02-17,0.56430000,0.56550000,0.53920000,0.54960000,254033578.00000000,140263782.42440000,152381
1708214400000,2024-02-18,0.54960000,0.56250000,0.54710000,0.55710000,199644484.00000000,110984253.32610000,135531
1708300800000,2024-02-19,0.55700000,0.56790000,0.55380000,0.56260000,361659945.00000000,202602289.09490000,197222
1708387200000,2024-02-20,0.56260000,0.57510000,0.54300000,0.56220000,577494529.00000000,324956172.67690000,347428
1708473600000,2024-02-21,0.56220000,0.56290000,0.53260000,0.54910000,443537294.00000000,241554955.73110000,253472
1708560000000,2024-02-22,0.54900000,0.55170000,0.53660000,0.54100000,363824441.00000000,198108906.34200000,196071
1708646400000,2024-02-23,0.54100000,0.54370000,0.52510000,0.53420000,435074448.00000000,232931615.32450000,221534
1708732800000,2024-02-24,0.53420000,0.54810000,0.53130000,0.54500000,201672485.00000000,109408023.89350000,120313
1708819200000,2024-02-25,0.54490000,0.54890000,0.54200000,0.54250000,200338025.00000000,109195370.46840000,114078
1708905600000,2024-02-26,0.54240000,0.55280000,0.52880000,0.55060000,442051388.00000000,239159787.06540000,223551
1708992000000,2024-02-27,0.55060000,0.59760000,0.54760000,0.58610000,852720045.00000000,484204806.31530000,483468
1709078400000,2024-02-28,0.58620000,0.60590000,0.53000000,0.57500000,1038133713.00000000,600527436.52150000,674605
1709164800000,2024-02-29,0.57490000,0.62600000,0.56690000,0.58670000,1323123117.00000000,789799237.68540000,795539
1709251200000,2024-03-01,0.58680000,0.60340000,0.58290000,0.60130000,545783016.00000000,323258854.74150000,346164
1709337600000,2024-03-02,0.60130000,0.65010000,0.59930000,0.64420000,891150692.00000000,561098506.19940000,628347
1709424000000,2024-03-03,0.64420000,0.64460000,0.59000000,0.62710000,626556050.00000000,390250378.25740000,459635
1709510400000,2024-03-04,0.62710000,0.66600000,0.61500000,0.64770000,1053563753.00000000,680037933.80190000,745606
1709596800000,2024-03-05,0.64760000,0.66850000,0.53860000,0.59120000,1554937673.00000000,971210812.60120000,1151483
1709683200000,2024-03-06,0.59130000,0.62400000,0.57540000,0.61210000,832599729.00000000,501543922.86420000,589115
1709769600000,2024-03-07,0.61210000,0.63940000,0.60640000,0.62700000,789389082.00000000,491723629.87080000,508718
1709856000000,2024-03-08,0.62710000,0.63380000,0.60000000,0.62000000,648298999.00000000,403359268.72970000,446228
1709942400000,2024-03-09,0.62000000,0.63230000,0.61580000,0.61970000,399105613.00000000,248795359.00000000,268485
1710028800000,2024-03-10,0.61980000,0.62780000,0.59650000,0.60800000,431213931.00000000,265437261.59920000,287088
1710115200000,2024-03-11,0.60800000,0.74400000,0.58300000,0.72300000,2035920643.00000000,1397085361.72440000,1463819
1710201600000,2024-03-12,0.72300000,0.73320000,0.65850000,0.68800000,1164823272.00000000,809486248.40530000,924010
1710288000000,2024-03-13,0.68800000,0.70260000,0.66840000,0.68910000,629718012.00000000,433287999.43290000,451985
1710374400000,2024-03-14,0.68910000,0.70770000,0.63780000,0.66900000,866913230.00000000,586214978.96120000,668294
1710460800000,2024-03-15,0.66900000,0.67590000,0.59600000,0.63420000,1046569627.00000000,659887905.84840000,787687
1710547200000,2024-03-16,0.63410000,0.64790000,0.59150000,0.60310000,637944105.00000000,396629023.85960000,454113
1710633600000,2024-03-17,0.60300000,0.62490000,0.58690000,0.61910000,520417354.00000000,317996138.21030000,344847
1710720000000,2024-03-18,0.61910000,0.66860000,0.59460000,0.64530000,868146942.00000000,539213807.37000000,586138
1710806400000,2024-03-19,0.64530000,0.64890000,0.57120000,0.58450000,1036258366.00000000,622800830.97440000,785812
1710892800000,2024-03-20,0.58450000,0.61870000,0.56810000,0.61070000,802805428.00000000,474979753.17270000,533683
1710979200000,2024-03-21,0.61080000,0.65460000,0.59720000,0.64040000,799317843.00000000,499670072.38170000,548573
1711065600000,2024-03-22,0.64030000,0.64540000,0.59850000,0.61150000,580029104.00000000,359961089.18950000,414977
1711152000000,2024-03-23,0.61150000,0.63290000,0.60320000,0.61670000,278695151.00000000,173110244.52160000,207459
1711238400000,2024-03-24,0.61680000,0.63580000,0.61330000,0.63250000,304667124.00000000,191365610.38910000,225821
1711324800000,2024-03-25,0.63260000,0.66290000,0.62630000,0.64060000,598260361.00000000,383334099.93510000,379954
1711411200000,2024-03-26,0.64050000,0.65300000,0.62500000,0.63170000,483920076.00000000,309446906.75860000,302204
1711497600000,2024-03-27,0.63170000,0.63490000,0.60550000,0.61180000,576105586.00000000,357401973.35550000,333499
1711584000000,2024-03-28,0.61190000,0.63780000,0.60330000,0.62440000,500717330.00000000,311430816.43760000,290960
1711670400000,2024-03-29,0.62430000,0.64550000,0.60870000,0.63010000,536802072.00000000,336042616.72560000,329285
1711756800000,2024-03-30,0.63000000,0.63720000,0.61780000,0.62120000,275028227.00000000,172448766.20150000,187299
1711843200000,2024-03-31,0.62110000,0.63010000,0.62040000,0.62920000,181972969.00000000,113924710.71400000,124119
1711929600000,2024-04-01,0.62920000,0.63360000,0.59470000,0.61100000,546287523.00000000,333965195.55890000,313516
1712016000000,2024-04-02,0.61100000,0.61850000,0.57900000,0.58540000,648286441.00000000,384513388.80920000,368400
1712102400000,2024-04-03,0.58540000,0.59300000,0.56630000,0.57420000,493903933.00000000,287020380.97410000,267241
1712188800000,2024-04-04,0.57410000,0.61760000,0.56230000,0.59350000,701629386.00000000,413917599.60800000,392369
1712275200000,2024-04-05,0.59340000,0.59390000,0.56870000,0.58710000,421470900.00000000,245182996.94320000,231929
1712361600000,2024-04-06,0.58700000,0.59880000,0.58520000,0.59300000,165404890.00000000,97716359.60980000,104477
1712448000000,2024-04-07,0.59300000,0.60280000,0.58940000,0.59440000,210766117.00000000,125604904.47720000,128342
1712534400000,2024-04-08,0.59450000,0.62650000,0.58810000,0.61470000,512812491.00000000,312299000.76980000,300832
1712620800000,2024-04-09,0.61460000,0.64310000,0.60120000,0.61410000,648585747.00000000,402883593.02980000,410065
1712707200000,2024-04-10,0.61400000,0.62040000,0.59280000,0.61720000,449695736.00000000,273874315.88800000,312059
1712793600000,2024-04-11,0.61710000,0.62140000,0.60290000,0.60860000,316314812.00000000,194033425.04450000,215714
1712880000000,2024-04-12,0.60850000,0.61590000,0.50680000,0.54680000,903224330.00000000,509327542.68300000,595563
1712966400000,2024-04-13,0.54680000,0.54910000,0.41880000,0.47880000,1199425184.00000000,589051261.48600000,793061
1713052800000,2024-04-14,0.47880000,0.50730000,0.46370000,0.50330000,820741178.00000000,397952095.54410000,513428
1713139200000,2024-04-15,0.50340000,0.51890000,0.48110000,0.49770000,680790708.00000000,341529467.52710000,417628
1713225600000,2024-04-16,0.49770000,0.50210000,0.47540000,0.49650000,535103938.00000000,262546490.68490000,347421
1713312000000,2024-04-17,0.49650000,0.50810000,0.47150000,0.49510000,496078590.00000000,243899788.06040000,330326
1713398400000,2024-04-18,0.49510000,0.50570000,0.48560000,0.50250000,408855589.00000000,202498358.68960000,249459
1713484800000,2024-04-19,0.50260000,0.51080000,0.46650000,0.50300000,649243049.00000000,320230549.44560000,363319
1713571200000,2024-04-20,0.50300000,0.53000000,0.49810000,0.52880000,323152269.00000000,167172289.56780000,204386
1713657600000,2024-04-21,0.52880000,0.53670000,0.51830000,0.52460000,209381366.00000000,110387883.58480000,155833
1713744000000,2024-04-22,0.52460000,0.57150000,0.52210000,0.55600000,481213218.00000000,261174906.79990000,273001
1713830400000,2024-04-23,0.55600000,0.55760000,0.54150000,0.54450000,395536969.00000000,216977134.99040000,219355
1713916800000,2024-04-24,0.54450000,0.55190000,0.52120000,0.52750000,437750382.00000000,235729630.86250000,233320
1714003200000,2024-04-25,0.52760000,0.53270000,0.51370000,0.52540000,358100461.00000000,187496339.63200000,197973
1714089600000,2024-04-26,0.52540000,0.53610000,0.51430000,0.52610000,354085810.00000000,185956511.47840000,186864
1714176000000,2024-04-27,0.52610000,0.52650000,0.50800000,0.51790000,195569696.00000000,101032224.50980000,115655
1714262400000,2024-04-28,0.51780000,0.52530000,0.50850000,0.51030000,135893039.00000000,70458610.20890000,94278
1714348800000,2024-04-29,0.51040000,0.51750000,0.49860000,0.51510000,347828455.00000000,176581449.90240000,163488
1714435200000,2024-04-30,0.51500000,0.51980000,0.48750000,0.50060000,395591280.00000000,198721791.99930000,207128
1714521600000,2024-05-01,0.50060000,0.52140000,0.47820000,0.51750000,478521177.00000000,238496942.20370000,245638
1714608000000,2024-05-02,0.51750000,0.52450000,0.50670000,0.51800000,344602656.00000000,177688990.70010000,163360
1714694400000,2024-05-03,0.51800000,0.53670000,0.51450000,0.53170000,363626848.00000000,190081086.40270000,172451
1714780800000,2024-05-04,0.53170000,0.54100000,0.52720000,0.53020000,158694221.00000000,84581329.51590000,104262
1714867200000,2024-05-05,0.53020000,0.53340000,0.52400000,0.52960000,112344720.00000000,59417628.28420000,84937
1714953600000,2024-05-06,0.52950000,0.57030000,0.52470000,0.54020000,567274807.00000000,308959227.28580000,329404
1715040000000,2024-05-07,0.54010000,0.54430000,0.52170000,0.52450000,346192205.00000000,185972116.89210000,182921
1715126400000,2024-05-08,0.52440000,0.53000000,0.51530000,0.51710000,346832658.00000000,181169260.55100000,172317
1715212800000,2024-05-09,0.51700000,0.52380000,0.50870000,0.52090000,299812797.00000000,154978198.37290000,142986
1715299200000,2024-05-10,0.52090000,0.52090000,0.49700000,0.50220000,356081362.00000000,181324120.64510000,183584
1715385600000,2024-05-11,0.50220000,0.50790000,0.50050000,0.50590000,99554446.00000000,50215891.63990000,67159
1715472000000,2024-05-12,0.50590000,0.50880000,0.49570000,0.49930000,96995150.00000000,48846226.61800000,61866
1715558400000,2024-05-13,0.49930000,0.51210000,0.48660000,0.50530000,307847853.00000000,154227486.40180000,169093
1715644800000,2024-05-14,0.50520000,0.51320000,0.49720000,0.50020000,306746811.00000000,154803622.06440000,144779
1715731200000,2024-05-15,0.50020000,0.51960000,0.49670000,0.51880000,323956909.00000000,163996243.74660000,136661
1715817600000,2024-05-16,0.51880000,0.52280000,0.51230000,0.51570000,327561119.00000000,169549941.31060000,136787
1715904000000,2024-05-17,0.51580000,0.52920000,0.51350000,0.52340000,286496760.00000000,149222311.88640000,123562
1715990400000,2024-05-18,0.52350000,0.52560000,0.51860000,0.52130000,90176826.00000000,47112655.49790000,58571
1716076800000,2024-05-19,0.52130000,0.52360000,0.50630000,0.50960000,112974578.00000000,58212030.83500000,72307
1716163200000,2024-05-20,0.50960000,0.53800000,0.50640000,0.53770000,404880454.00000000,211108604.73210000,190770
1716249600000,2024-05-21,0.53770000,0.55710000,0.53190000,0.53700000,491396281.00000000,265966456.33890000,247339
1716336000000,2024-05-22,0.53700000,0.53830000,0.52240000,0.52680000,303183587.00000000,161365019.62310000,162091
1716422400000,2024-05-23,0.52680000,0.54880000,0.50270000,0.52890000,585134596.00000000,307894786.75690000,338090
1716508800000,2024-05-24,0.52880000,0.53750000,0.51680000,0.53600000,322992520.00000000,170784784.74350000,170176
1716595200000,2024-05-25,0.53590000,0.54260000,0.53180000,0.54160000,132376204.00000000,71152613.00060000,101486
1716681600000,2024-05-26,0.54160000,0.54200000,0.52550000,0.52830000,108799266.00000000,58125721.50820000,79119
1716768000000,2024-05-27,0.52830000,0.54090000,0.52360000,0.53400000,244982717.00000000,130266495.33840000,143561
1716854400000,2024-05-28,0.53390000,0.53550000,0.52110000,0.52870000,282469800.00000000,149284045.09860000,150940
1716940800000,2024-05-29,0.52860000,0.53340000,0.52000000,0.52380000,316791079.00000000,167216243.87680000,162150
1717027200000,2024-05-30,0.52380000,0.52830000,0.51270000,0.51860000,361762802.00000000,188381860.48830000,155622
1717113600000,2024-05-31,0.51850000,0.52590000,0.51190000,0.51760000,304398744.00000000,158091721.32510000,133418
1717200000000,2024-06-01,0.51760000,0.52190000,0.51740000,0.51870000,88294554.00000000,45883952.12420000,52691
1717286400000,2024-06-02,0.51870000,0.52090000,0.50800000,0.51350000,130902096.00000000,67445068.43350000,76015
1717372800000,2024-06-03,0.51350000,0.52320000,0.51180000,0.51990000,237659106.00000000,123452735.84030000,109799
1717459200000,2024-06-04,0.51990000,0.53030000,0.51820000,0.52570000,252531633.00000000,132153219.61120000,116750
1717545600000,2024-06-05,0.52570000,0.53260000,0.52400000,0.52580000,248045273.00000000,130755905.65840000,118458
1717632000000,2024-06-06,0.52590000,0.52810000,0.51640000,0.52150000,289657499.00000000,151937470.63630000,128914
1717718400000,2024-06-07,0.52140000,0.52800000,0.45080000,0.49910000,549543388.00000000,276798279.76190000,303223
1717804800000,2024-06-08,0.49910000,0.50080000,0.48970000,0.49260000,152121412.00000000,75330471.46630000,77501
1717891200000,2024-06-09,0.49270000,0.49920000,0.49090000,0.49860000,90936082.00000000,45014537.62290000,50688
1717977600000,2024-06-10,0.49870000,0.50600000,0.49330000,0.49690000,249759346.00000000,124411172.24960000,110268
1718064000000,2024-06-11,0.49690000,0.49700000,0.47070000,0.48020000,429410619.00000000,207619435.34270000,210041
1718150400000,2024-06-12,0.48030000,0.49820000,0.47420000,0.49160000,341106347.00000000,166014961.94760000,181418
1718236800000,2024-06-13,0.49170000,0.49170000,0.47560000,0.47690000,290198216.00000000,140783932.69430000,139476
1718323200000,2024-06-14,0.47680000,0.48140000,0.46010000,0.47460000,389318737.00000000,184650858.76770000,169231
1718409600000,2024-06-15,0.47460000,0.50530000,0.47400000,0.49080000,176444562.00000000,85997201.50140000,118080
1718496000000,2024-06-16,0.49080000,0.49970000,0.48780000,0.48910000,161562815.00000000,79404153.91250000,97290
1718582400000,2024-06-17,0.48910000,0.52130000,0.48380000,0.50470000,584945066.00000000,293745986.76180000,376091
1718668800000,2024-06-18,0.50480000,0.50960000,0.46900000,0.49100000,582727016.00000000,286321955.76810000,409042
1718755200000,2024-06-19,0.49090000,0.49960000,0.48680000,0.49330000,260612342.00000000,128534687.30200000,153010
1718841600000,2024-06-20,0.49330000,0.50230000,0.48830000,0.48880000,324974220.00000000,161043259.53810000,163315
1718928000000,2024-06-21,0.48880000,0.49590000,0.47970000,0.48890000,336098409.00000000,164176087.50950000,180052
1719014400000,2024-06-22,0.48900000,0.48970000,0.48410000,0.48660000,79168277.00000000,38545568.06620000,63226
1719100800000,2024-06-23,0.48670000,0.48920000,0.47420000,0.47970000,95099780.00000000,45970390.45460000,72716
1719187200000,2024-06-24,0.47980000,0.48250000,0.46200000,0.47400000,385123013.00000000,182515167.40530000,219340
1719273600000,2024-06-25,0.47410000,0.48020000,0.47310000,0.47570000,226045665.00000000,107619378.89300000,126044
1719360000000,2024-06-26,0.47580000,0.47830000,0.46520000,0.46980000,243409484.00000000,115124115.25140000,121215
1719446400000,2024-06-27,0.46970000,0.47710000,0.46570000,0.47530000,243549420.00000000,114661621.30300000,130763
1719532800000,2024-06-28,0.47530000,0.48110000,0.46920000,0.47160000,264186218.00000000,125897862.95210000,158014
1719619200000,2024-06-29,0.47160000,0.47680000,0.47160000,0.47270000,57959490.00000000,27507212.22200000,49856
1719705600000,2024-06-30,0.47270000,0.47840000,0.47010000,0.47610000,82862100.00000000,39267204.75870000,65622
1719792000000,2024-07-01,0.47610000,0.48490000,0.47540000,0.47700000,211844474.00000000,101568143.70080000,136698
1719878400000,2024-07-02,0.47710000,0.48890000,0.47600000,0.48530000,226194005.00000000,109165036.60180000,122349
1719964800000,2024-07-03,0.48530000,0.48750000,0.46110000,0.46720000,317610313.00000000,151782465.64940000,196205
1720051200000,2024-07-04,0.46720000,0.46970000,0.43130000,0.43290000,436420394.00000000,196369448.15190000,256474
1720137600000,2024-07-05,0.43300000,0.43350000,0.38230000,0.42510000,728055932.00000000,298566810.26630000,457000
1720224000000,2024-07-06,0.42520000,0.44970000,0.42350000,0.44880000,168945863.00000000,73695728.84820000,130521
1720310400000,2024-07-07,0.44890000,0.44950000,0.41820000,0.41950000,175785229.00000000,76237441.98270000,151223
1720396800000,2024-07-08,0.41960000,0.44380000,0.40320000,0.43160000,528743623.00000000,225009965.01450000,335742
1720483200000,2024-07-09,0.43160000,0.43980000,0.42700000,0.43560000,289512370.00000000,125534601.67120000,147051
1720569600000,2024-07-10,0.43570000,0.44260000,0.43100000,0.43880000,294639692.00000000,128814977.50470000,151264
1720656000000,2024-07-11,0.43880000,0.45730000,0.43630000,0.44910000,347547669.00000000,154866122.12170000,204921
1720742400000,2024-07-12,0.44910000,0.47800000,0.44450000,0.47450000,472984849.00000000,219137211.89110000,345708
1720828800000,2024-07-13,0.47450000,0.56610000,0.47370000,0.52570000,744327354.00000000,387770132.74230000,746285
1720915200000,2024-07-14,0.52570000,0.54000000,0.51360000,0.52050000,350964405.00000000,184831243.34290000,379986
1721001600000,2024-07-15,0.52050000,0.54040000,0.52030000,0.53720000,437376565.00000000,232124637.66930000,356488
1721088000000,2024-07-16,0.53720000,0.59450000,0.53090000,0.57930000,824632586.00000000,463817237.47930000,900990
1721174400000,2024-07-17,0.57920000,0.63780000,0.57830000,0.62600000,806805412.00000000,493351543.94640000,963332
1721260800000,2024-07-18,0.62600000,0.63690000,0.55750000,0.56970000,660623865.00000000,387629372.56070000,807466
1721347200000,2024-07-19,0.56970000,0.58670000,0.54000000,0.57330000,539155049.00000000,301703590.55420000,648402
1721433600000,2024-07-20,0.57330000,0.60470000,0.57070000,0.59370000,300097994.00000000,177039681.41220000,413159
1721520000000,2024-07-21,0.59380000,0.60800000,0.57210000,0.59840000,291988877.00000000,172384197.70490000,426022
1721606400000,2024-07-22,0.59850000,0.62290000,0.58550000,0.60800000,412923068.00000000,249627595.10450000,556906
1721692800000,2024-07-23,0.60800000,0.61700000,0.57970000,0.59750000,353756166.00000000,211868663.07190000,511032
1721779200000,2024-07-24,0.59760000,0.63270000,0.59150000,0.61790000,420617643.00000000,259346378.55340000,562664
1721865600000,2024-07-25,0.61790000,0.62900000,0.58440000,0.59960000,485187006.00000000,294688423.48570000,772378
1721952000000,2024-07-26,0.59960000,0.60930000,0.58600000,0.60340000,268729317.00000000,161078432.46060000,384185
1722038400000,2024-07-27,0.60330000,0.60910000,0.58330000,0.59560000,172975781.00000000,103444913.32140000,297345
1722124800000,2024-07-28,0.59560000,0.61610000,0.59100000,0.60120000,182173334.00000000,109970482.63080000,261276
1722211200000,2024-07-29,0.60120000,0.61240000,0.59210000,0.60190000,235245176.00000000,142366926.87370000,290706
1722297600000,2024-07-30,0.60190000,0.63790000,0.59530000,0.62770000,431409390.00000000,267991960.59940000,654852
1722384000000,2024-07-31,0.62780000,0.65860000,0.62170000,0.62300000,473184106.00000000,304622609.48300000,756642
1722470400000,2024-08-01,0.62300000,0.63030000,0.56800000,0.59640000,423266147.00000000,254368949.14100000,711144
1722556800000,2024-08-02,0.59650000,0.59700000,0.54640000,0.56070000,410967898.00000000,234033498.82030000,793252
1722643200000,2024-08-03,0.56060000,0.57770000,0.54060000,0.55580000,265483095.00000000,148824061.09320000,617511
1722729600000,2024-08-04,0.55580000,0.55900000,0.51360000,0.52280000,240108087.00000000,128308095.88370000,537001
1722816000000,2024-08-05,0.52290000,0.52570000,0.43190000,0.48890000,1250454532.00000000,585195701.42470000,2219931
1722902400000,2024-08-06,0.48890000,0.51880000,0.48770000,0.50620000,410337831.00000000,208637971.47390000,757849
1722988800000,2024-08-07,0.50620000,0.64340000,0.49220000,0.60020000,1000802326.00000000,570270974.58790000,2160438
1723075200000,2024-08-08,0.60030000,0.64240000,0.57850000,0.61660000,730482227.00000000,445857076.43810000,1482263
1723161600000,2024-08-09,0.61660000,0.62450000,0.56560000,0.58050000,456932445.00000000,270130308.95090000,835608
1723248000000,2024-08-10,0.58050000,0.60220000,0.57790000,0.58410000,213745629.00000000,126348509.74990000,450132
1723334400000,2024-08-11,0.58410000,0.59350000,0.54520000,0.55280000,251097812.00000000,143140570.72830000,496110
1723420800000,2024-08-12,0.55280000,0.57950000,0.55010000,0.56840000,355253164.00000000,201610450.85130000,555915
1723507200000,2024-08-13,0.56830000,0.58340000,0.56260000,0.57700000,252380249.00000000,144615862.23740000,476018
1723593600000,2024-08-14,0.57700000,0.58280000,0.56410000,0.56870000,253532158.00000000,145748123.06030000,418407
1723680000000,2024-08-15,0.56870000,0.57420000,0.55040000,0.56070000,267098570.00000000,150783279.11960000,403994
1723766400000,2024-08-16,0.56080000,0.57230000,0.55350000,0.56380000,234628410.00000000,132185236.45950000,345760
1723852800000,2024-08-17,0.56370000,0.57100000,0.56110000,0.56650000,68057519.00000000,38492076.69760000,120744
1723939200000,2024-08-18,0.56640000,0.58450000,0.56250000,0.56310000,119904362.00000000,68467510.82200000,177640
1724025600000,2024-08-19,0.56310000,0.60910000,0.56080000,0.59850000,387069502.00000000,226032960.10270000,540652
1724112000000,2024-08-20,0.59840000,0.61500000,0.58750000,0.59370000,276882583.00000000,166939440.74290000,459627
1724198400000,2024-08-21,0.59370000,0.60560000,0.58400000,0.59990000,274275573.00000000,163578491.68540000,468604
1724284800000,2024-08-22,0.60000000,0.60490000,0.59230000,0.59760000,207559419.00000000,124354601.02010000,317510
1724371200000,2024-08-23,0.59770000,0.61600000,0.59090000,0.61090000,297079009.00000000,178744582.07700000,410205
1724457600000,2024-08-24,0.61090000,0.63100000,0.60430000,0.61270000,242435317.00000000,149700821.98880000,479354
1724544000000,2024-08-25,0.61260000,0.61400000,0.59500000,0.60000000,163663049.00000000,98701742.45950000,379249
1724630400000,2024-08-26,0.60000000,0.60210000,0.57820000,0.58740000,236874640.00000000,140151881.07690000,461681
1724716800000,2024-08-27,0.58730000,0.60030000,0.55280000,0.56660000,331644513.00000000,193466113.17680000,604341
1724803200000,2024-08-28,0.56670000,0.58450000,0.55580000,0.56930000,312994647.00000000,178712747.22880000,701647
1724889600000,2024-08-29,0.56920000,0.57700000,0.55730000,0.56190000,209040650.00000000,119318759.90200000,376068
1724976000000,2024-08-30,0.56180000,0.56780000,0.54620000,0.56670000,258840588.00000000,144880198.22100000,508207
1725062400000,2024-08-31,0.56670000,0.57210000,0.56240000,0.56620000,67155202.00000000,38071491.68470000,204786
1725148800000,2024-09-01,0.56620000,0.56670000,0.54340000,0.54720000,121191438.00000000,67240139.78450000,427935
1725235200000,2024-09-02,0.54710000,0.56880000,0.54430000,0.56770000,174750033.00000000,96910244.92050000,403033
1725321600000,2024-09-03,0.56770000,0.57240000,0.55650000,0.55720000,179781483.00000000,101678841.17440000,396581
1725408000000,2024-09-04,0.55720000,0.56480000,0.53260000,0.55790000,272577067.00000000,150462306.76390000,553707
1725494400000,2024-09-05,0.55790000,0.55980000,0.53990000,0.54440000,213816210.00000000,117601582.29750000,412058
1725580800000,2024-09-06,0.54450000,0.54730000,0.50260000,0.52110000,382035412.00000000,202224802.54330000,892364
1725667200000,2024-09-07,0.52110000,0.53290000,0.51970000,0.52480000,82924642.00000000,43681401.22040000,225912
1725753600000,2024-09-08,0.52490000,0.53160000,0.52080000,0.52950000,67909459.00000000,35793549.14030000,217568
1725840000000,2024-09-09,0.52950000,0.54310000,0.52690000,0.53950000,168358952.00000000,89651583.94040000,350686
1725926400000,2024-09-10,0.53950000,0.54280000,0.53370000,0.54080000,135693250.00000000,72985900.30950000,266220
1726012800000,2024-09-11,0.54070000,0.54130000,0.52310000,0.53480000,187554599.00000000,99961274.49730000,398094
1726099200000,2024-09-12,0.53470000,0.58840000,0.53340000,0.56260000,380827353.00000000,212290449.45070000,756914
1726185600000,2024-09-13,0.56250000,0.57450000,0.55560000,0.57280000,270151559.00000000,153147135.20780000,458343
1726272000000,2024-09-14,0.57270000,0.59920000,0.57040000,0.59560000,231500545.00000000,135676017.58050000,548100
1726358400000,2024-09-15,0.59560000,0.59580000,0.56860000,0.57060000,126437096.00000000,73909574.97500000,426644
1726444800000,2024-09-16,0.57060000,0.59160000,0.55980000,0.58660000,247830927.00000000,142162473.12950000,541179
1726531200000,2024-09-17,0.58650000,0.59340000,0.57890000,0.58390000,173044465.00000000,101465255.32190000,457917
1726617600000,2024-09-18,0.58380000,0.58580000,0.56200000,0.58520000,204818640.00000000,117710333.44370000,587717
1726704000000,2024-09-19,0.58520000,0.59450000,0.58100000,0.58680000,222336927.00000000,130488341.66230000,527562
1726790400000,2024-09-20,0.58680000,0.59300000,0.57630000,0.58510000,217408757.00000000,127110507.08870000,520633
1726876800000,2024-09-21,0.58510000,0.61280000,0.58000000,0.59760000,144964801.00000000,86324780.77210000,423922
1726963200000,2024-09-22,0.59770000,0.60530000,0.57780000,0.58710000,120373196.00000000,71336242.27320000,494352
1727049600000,2024-09-23,0.58710000,0.59600000,0.57870000,0.58470000,161038706.00000000,94683080.29490000,477852
1727136000000,2024-09-24,0.58480000,0.59270000,0.58140000,0.59110000,169233403.00000000,99334500.65330000,388897
1727222400000,2024-09-25,0.59120000,0.59570000,0.58240000,0.58310000,179932001.00000000,105934017.56790000,340116
1727308800000,2024-09-26,0.58310000,0.59640000,0.57390000,0.59050000,226481301.00000000,133016574.09890000,413399
1727395200000,2024-09-27,0.59050000,0.59720000,0.58240000,0.58880000,222819497.00000000,131204198.17350000,375010
1727481600000,2024-09-28,0.58890000,0.62590000,0.58560000,0.61380000,442520365.00000000,270625181.98100000,779248
1727568000000,2024-09-29,0.61390000,0.66490000,0.60760000,0.64120000,442349596.00000000,282395798.51950000,893596
1727654400000,2024-09-30,0.64120000,0.65480000,0.60880000,0.61140000,396654376.00000000,251892928.39970000,841620
1727740800000,2024-10-01,0.61140000,0.63420000,0.57780000,0.59670000,579510147.00000000,354187629.91350000,1362100
1727827200000,2024-10-02,0.59680000,0.60690000,0.52670000,0.53830000,634074670.00000000,363439241.38820000,1107110
1727913600000,2024-10-03,0.53830000,0.54450000,0.50680000,0.52170000,562879573.00000000,295535389.46200000,1086503
1728000000000,2024-10-04,0.52180000,0.53900000,0.51000000,0.53400000,341840613.00000000,179594487.28640000,508323
1728086400000,2024-10-05,0.53400000,0.53520000,0.52600000,0.52940000,107009165.00000000,56840743.56210000,241773
1728172800000,2024-10-06,0.52940000,0.53720000,0.52790000,0.53360000,90314821.00000000,48080871.57170000,197789
1728259200000,2024-10-07,0.53360000,0.54590000,0.52860000,0.52860000,246483895.00000000,132839229.96980000,431933
1728345600000,2024-10-08,0.52870000,0.53580000,0.52090000,0.53100000,164201090.00000000,86941550.28430000,307960
1728432000000,2024-10-09,0.53100000,0.53460000,0.52100000,0.52450000,169687079.00000000,89966411.86730000,257640
1728518400000,2024-10-10,0.52450000,0.54500000,0.52280000,0.53050000,267008101.00000000,141944030.22630000,428818
1728604800000,2024-10-11,0.53050000,0.54190000,0.52960000,0.53880000,196729073.00000000,105654597.45710000,241480
1728691200000,2024-10-12,0.53870000,0.54320000,0.53530000,0.53930000,83887179.00000000,45255241.12670000,147315
1728777600000,2024-10-13,0.53930000,0.53950000,0.52520000,0.53210000,94059459.00000000,50039757.41250000,171230
1728864000000,2024-10-14,0.53210000,0.55240000,0.52820000,0.54830000,219397937.00000000,118828175.94960000,298059
1728950400000,2024-10-15,0.54840000,0.55560000,0.53150000,0.54170000,283568637.00000000,154044066.45280000,486305
1729036800000,2024-10-16,0.54170000,0.55380000,0.53750000,0.54820000,222285502.00000000,121260012.75300000,319898
1729123200000,2024-10-17,0.54810000,0.56660000,0.54190000,0.54410000,312103613.00000000,172709637.04810000,490897
1729209600000,2024-10-18,0.54410000,0.55320000,0.53970000,0.54650000,219767509.00000000,120070174.40390000,287989
1729296000000,2024-10-19,0.54650000,0.55000000,0.54060000,0.54400000,90144479.00000000,49148150.68610000,147718
1729382400000,2024-10-20,0.54400000,0.54900000,0.53660000,0.54820000,117461950.00000000,63742631.61730000,195652
1729468800000,2024-10-21,0.54820000,0.56080000,0.54090000,0.54490000,283328526.00000000,155854758.18340000,422914
1729555200000,2024-10-22,0.54490000,0.54980000,0.52910000,0.53390000,250206589.00000000,134413329.19100000,341139
1729641600000,2024-10-23,0.53380000,0.53410000,0.51170000,0.52580000,211146628.00000000,110819607.65450000,310636
1729728000000,2024-10-24,0.52590000,0.53380000,0.52410000,0.53200000,195840193.00000000,103669635.74710000,229487
1729814400000,2024-10-25,0.53200000,0.53220000,0.48600000,0.50220000,350905027.00000000,180198092.54990000,454046
1729900800000,2024-10-26,0.50220000,0.51540000,0.49890000,0.51340000,121828009.00000000,62068050.74430000,209741
1729987200000,2024-10-27,0.51350000,0.51800000,0.51080000,0.51680000,65734998.00000000,33824741.51390000,112112
1730073600000,2024-10-28,0.51680000,0.52170000,0.51130000,0.51950000,159504690.00000000,82504218.53240000,244481
1730160000000,2024-10-29,0.51950000,0.53050000,0.51850000,0.52840000,220863830.00000000,116080622.92750000,255258
1730246400000,2024-10-30,0.52850000,0.52850000,0.51940000,0.52290000,177555669.00000000,92996879.94000000,229039
1730332800000,2024-10-31,0.52290000,0.52380000,0.50310000,0.50950000,195063825.00000000,100337235.67030000,259527
1730419200000,2024-11-01,0.50960000,0.52440000,0.50250000,0.51310000,277144347.00000000,143027276.62290000,422687
1730505600000,2024-11-02,0.51300000,0.51600000,0.50630000,0.51030000,68679320.00000000,35113233.80820000,155367
1730592000000,2024-11-03,0.51030000,0.51110000,0.49170000,0.50300000,176012483.00000000,87962652.71130000,356420
1730678400000,2024-11-04,0.50300000,0.51470000,0.49570000,0.50350000,211259474.00000000,107079103.25730000,326314
1730764800000,2024-11-05,0.50350000,0.51910000,0.50190000,0.51400000,190711816.00000000,97415686.75770000,279180
1730851200000,2024-11-06,0.51400000,0.54690000,0.51400000,0.54180000,452294069.00000000,241408146.25700000,706591
1730937600000,2024-11-07,0.54180000,0.57850000,0.53770000,0.55560000,348528218.00000000,193108808.99420000,626850
1731024000000,2024-11-08,0.55560000,0.56000000,0.54130000,0.55370000,261155203.00000000,143790365.55430000,444985
1731110400000,2024-11-09,0.55370000,0.56200000,0.54360000,0.55930000,230978970.00000000,127417352.07940000,369722
1731196800000,2024-11-10,0.55920000,0.61870000,0.55550000,0.58840000,712821995.00000000,420968960.39540000,1475074
1731283200000,2024-11-11,0.58850000,0.63300000,0.57030000,0.62070000,661084405.00000000,395399037.37290000,1395645
1731369600000,2024-11-12,0.62080000,0.73980000,0.59680000,0.70400000,1776854012.00000000,1176494232.75750000,4449252
1731456000000,2024-11-13,0.70420000,0.74800000,0.64000000,0.68980000,1208545721.00000000,832627297.36540000,3274642
1731542400000,2024-11-14,0.68970000,0.84730000,0.68220000,0.77360000,1349353792.00000000,1007947938.22560000,3651388
1731628800000,2024-11-15,0.77360000,0.92790000,0.77040000,0.89220000,1413430891.00000000,1204261039.46990000,4020631
1731715200000,2024-11-16,0.89210000,1.26980000,0.87780000,1.12090000,2373030780.00000000,2568822464.70480000,8052630
1731801600000,2024-11-17,1.12080000,1.16030000,1.00260000,1.05430000,1245814358.00000000,1332901319.89970000,3643640
1731888000000,2024-11-18,1.05450000,1.18650000,1.05430000,1.11370000,941344489.00000000,1064978324.57100000,3537780
1731974400000,2024-11-19,1.11380000,1.14800000,1.06880000,1.10030000,562678894.00000000,619965971.00970000,1750208
1732060800000,2024-11-20,1.10040000,1.15100000,1.05560000,1.10410000,609804658.00000000,673862209.43990000,1806245
1732147200000,2024-11-21,1.10420000,1.26430000,1.07740000,1.24700000,1050788977.00000000,1211740794.96220000,2873812
1732233600000,2024-11-22,1.24710000,1.50000000,1.24700000,1.47260000,1597772473.98000000,2243532362.04823700,4892084
1732320000000,2024-11-23,1.47260000,1.63000000,1.40330000,1.46850000,1243933645.71000000,1907103196.37452300,4062387
1732406400000,2024-11-24,1.46860000,1.51300000,1.27750000,1.43310000,960628070.00000000,1339319912.66980000,2943646
1732492800000,2024-11-25,1.43340000,1.53930000,1.35500000,1.41420000,912385354.00000000,1323332053.11640000,2715327
1732579200000,2024-11-26,1.41420000,1.45880000,1.28330000,1.39840000,777417208.00000000,1068658916.86560000,2955609
1732665600000,2024-11-27,1.39840000,1.52170000,1.35240000,1.46960000,594887636.00000000,858258348.04750000,2119326
1732752000000,2024-11-28,1.46960000,1.54650000,1.42920000,1.54210000,440541778.00000000,649688261.17020000,1989520
1732838400000,2024-11-29,1.54200000,1.81490000,1.52330000,1.80060000,1055874162.77000000,1761609239.79364500,3970605
1732924800000,2024-11-30,1.80050000,1.95750000,1.76350000,1.95130000,1118556534.97000000,2096903381.53392900,4673220
1733011200000,2024-12-01,1.95140000,2.35000000,1.84750000,2.29370000,1171510986.43000000,2385698260.92974700,5114663
1733097600000,2024-12-02,2.29370000,2.87230000,2.20110000,2.72450000,2543716698.49000000,6398460707.91402400,8939668
1733184000000,2024-12-03,2.72440000,2.90920000,2.25000000,2.51020000,1955605237.21000000,5069619948.33682200,7807844
1733270400000,2024-12-04,2.51030000,2.68000000,2.28000000,2.35740000,1127878148.00000000,2806170530.86020000,4989874
1733356800000,2024-12-05,2.35740000,2.49420000,2.17430000,2.24460000,1095218093.00000000,2553726598.69460000,4313201
1733443200000,2024-12-06,2.24450000,2.46370000,2.22520000,2.42570000,671195786.00000000,1570287414.95200000,2889656
1733529600000,2024-12-07,2.42570000,2.61960000,2.38400000,2.60990000,541326545.00000000,1345487946.97210000,3407654
1733616000000,2024-12-08,2.60990000,2.64690000,2.48430000,2.60130000,456273582.00000000,1172409461.29090000,3445425
1733702400000,2024-12-09,2.60130000,2.60760000,2.00120000,2.21240000,991793616.00000000,2321117255.85320000,5011024
1733788800000,2024-12-10,2.21240000,2.42000000,1.90000000,2.37090000,1376683984.00000000,2974339782.93160000,6632184
1733875200000,2024-12-11,2.37080000,2.47030000,2.23030000,2.39410000,696138801.00000000,1644764788.99600000,3510035
1733961600000,2024-12-12,2.39420000,2.48400000,2.30800000,2.33840000,528351934.00000000,1271981639.98240000,2632745
1734048000000,2024-12-13,2.33850000,2.47880000,2.28400000,2.42170000,468083967.00000000,1118328085.78420000,2297713
1734134400000,2024-12-14,2.42180000,2.53190000,2.35480000,2.40050000,347447120.00000000,846025555.08110000,1949933
1734220800000,2024-12-15,2.40060000,2.47300000,2.36770000,2.44690000,275970977.00000000,666829508.99570000,1570186
1734307200000,2024-12-16,2.44700000,2.58720000,2.33330000,2.48410000,603893921.00000000,1484486729.09950000,3250580
1734393600000,2024-12-17,2.48420000,2.72810000,2.44010000,2.56730000,745688394.00000000,1939849488.18790000,4605205
1734480000000,2024-12-18,2.56720000,2.59210000,2.24780000,2.31030000,759860891.00000000,1865326386.82970000,3541428
1734566400000,2024-12-19,2.31020000,2.43170000,2.15950000,2.23900000,811210695.00000000,1861735899.81070000,3366704
1734652800000,2024-12-20,2.23910000,2.35500000,1.96010000,2.27930000,1110347016.00000000,2413652844.38760000,4550864
1734739200000,2024-12-21,2.27930000,2.38580000,2.19150000,2.23800000,451599864.00000000,1028141511.92170000,1913665
1734825600000,2024-12-22,2.23790000,2.29380000,2.16040000,2.20310000,310318499.00000000,691300978.40800000,1268046
1734912000000,2024-12-23,2.20320000,2.27890000,2.13080000,2.26170000,388820902.00000000,853238655.71110000,1350894
1734998400000,2024-12-24,2.26160000,2.35070000,2.21380000,2.32380000,249021066.00000000,569493372.07050000,784459
1735084800000,2024-12-25,2.32380000,2.33250000,2.26150000,2.29730000,162014998.00000000,371772271.30740000,620228
1735171200000,2024-12-26,2.29730000,2.31640000,2.12770000,2.15590000,266397920.00000000,584690463.48990000,1162580
1735257600000,2024-12-27,2.15590000,2.23790000,2.11490000,2.14660000,254236575.00000000,552171658.25440000,989067
1735344000000,2024-12-28,2.14670000,2.20760000,2.13430000,2.18430000,106144470.00000000,230698893.14370000,490662
1735430400000,2024-12-29,2.18430000,2.19760000,2.07110000,2.09420000,129587392.00000000,277622074.00760000,551740
1735516800000,2024-12-30,2.09410000,2.15260000,1.99540000,2.05870000,326304793.00000000,674750374.33100000,1395822
1735603200000,2024-12-31,2.05870000,2.14910000,2.01260000,2.08360000,202867597.00000000,421967928.65180000,979432
1735689600000,2025-01-01,2.08360000,2.35450000,2.08110000,2.33280000,340770274.00000000,760832060.31510000,1403523
1735776000000,2025-01-02,2.33290000,2.45220000,2.32970000,2.40240000,361196381.00000000,865949775.71570000,1580048
1735862400000,2025-01-03,2.40240000,2.47980000,2.39660000,2.45470000,233672728.00000000,569422075.28110000,1277666
1735948800000,2025-01-04,2.45460000,2.50900000,2.39990000,2.42010000,179793926.00000000,440309558.18770000,1037882
1736035200000,2025-01-05,2.42010000,2.42850000,2.32730000,2.39940000,155537860.00000000,370016358.60360000,1004398
1736121600000,2025-01-06,2.39930000,2.45840000,2.36740000,2.42000000,194293277.00000000,468861826.35660000,1362403
1736208000000,2025-01-07,2.42000000,2.46830000,2.25720000,2.27120000,342477338.00000000,806352782.10440000,2103134
1736294400000,2025-01-08,2.27120000,2.39860000,2.20010000,2.37310000,401036029.00000000,926470982.83330000,2658449
1736380800000,2025-01-09,2.37300000,2.39560000,2.23510000,2.27220000,294585086.00000000,679791974.64200000,2023830
1736467200000,2025-01-10,2.27220000,2.36990000,2.24650000,2.34140000,248018278.00000000,570867396.72300000,1750697
1736553600000,2025-01-11,2.34140000,2.60360000,2.32490000,2.57640000,349172496.00000000,860275796.78520000,2062973
1736640000000,2025-01-12,2.57640000,2.58350000,2.47000000,2.50460000,222912333.00000000,561787996.98030000,1690594
1736726400000,2025-01-13,2.50450000,2.56340000,2.32970000,2.52320000,515356746.00000000,1264512280.70450000,3173708
1736812800000,2025-01-14,2.52320000,2.70000000,2.51260000,2.66730000,397227342.00000000,1032281639.44980000,2369127
1736899200000,2025-01-15,2.66730000,3.20000000,2.64920000,3.14290000,1062630122.23000000,3077399206.08027900,6520615
1736985600000,2025-01-16,3.14300000,3.40000000,2.92280000,3.24510000,1110371222.20000000,3552620342.31167900,7670634
1737072000000,2025-01-17,3.24500000,3.35440000,3.17580000,3.29220000,529933494.00000000,1732354391.43550000,3804175
1737158400000,2025-01-18,3.29230000,3.29960000,3.05800000,3.26970000,458088944.00000000,1458009309.07170000,3479613
1737244800000,2025-01-19,3.26970000,3.29290000,2.82770000,2.95870000,663328805.00000000,2059430331.75260000,5302553
1737331200000,2025-01-20,2.95860000,3.36950000,2.90900000,3.10530000,838761258.00000000,2662458999.87040000,6049584
1737417600000,2025-01-21,3.10530000,3.24600000,3.01240000,3.17380000,376423502.00000000,1176436619.52960000,3502167
1737504000000,2025-01-22,3.17390000,3.28540000,3.12370000,3.18030000,291761274.00000000,933005266.37690000,2877227
1737590400000,2025-01-23,3.18020000,3.18680000,3.03740000,3.11940000,305314846.00000000,951855494.08340000,3149510
1737676800000,2025-01-24,3.11940000,3.20310000,3.05500000,3.10090000,232626964.00000000,731330547.61690000,2520376
1737763200000,2025-01-25,3.10080000,3.14460000,3.07840000,3.10800000,99489857.00000000,310069024.49430000,1251074
1737849600000,2025-01-26,3.10790000,3.14430000,3.01150000,3.02230000,128937813.00000000,399929472.82790000,1260024
1737936000000,2025-01-27,3.02220000,3.05870000,2.65590000,3.05520000,660056174.00000000,1900074942.15150000,5675648
1738022400000,2025-01-28,3.05520000,3.21400000,3.00620000,3.05720000,369470786.00000000,1152177187.43890000,3656027
1738108800000,2025-01-29,3.05720000,3.13630000,2.96730000,3.06830000,254756655.00000000,781733902.29280000,2883316
1738195200000,2025-01-30,3.06830000,3.15440000,3.04660000,3.12760000,173143314.00000000,539405335.05650000,1397662
1738281600000,2025-01-31,3.12760000,3.13330000,3.00300000,3.03610000,162235322.00000000,498266349.82990000,1501610
1738368000000,2025-02-01,3.03610000,3.07270000,2.82810000,2.87780000,173601404.00000000,514185531.78840000,1758090
1738454400000,2025-02-02,2.87790000,2.95590000,2.46030000,2.58000000,684089012.00000000,1833042745.56230000,6446056
1738540800000,2025-02-03,2.58010000,2.78140000,1.77110000,2.70010000,1866758972.00000000,4362783819.68070000,11491884
1738627200000,2025-02-04,2.70000000,2.78740000,2.42090000,2.52740000,621552965.00000000,1611405680.33000000,4335952
1738713600000,2025-02-05,2.52750000,2.56920000,2.33840000,2.38100000,338815093.00000000,835666325.00930000,2444787
1738800000000,2025-02-06,2.38100000,2.46990000,2.27720000,2.32500000,322896937.00000000,765674914.45370000,2493240
1738886400000,2025-02-07,2.32510000,2.54200000,2.26550000,2.39680000,447487945.00000000,1081213105.86380000,3109058
1738972800000,2025-02-08,2.39690000,2.43720000,2.35060000,2.41900000,154717204.00000000,371554857.02730000,1258770
1739059200000,2025-02-09,2.41900000,2.50790000,2.31130000,2.39280000,204205603.00000000,493229868.40240000,1407359
1739145600000,2025-02-10,2.39280000,2.47330000,2.32350000,2.42370000,207257933.00000000,498991376.07990000,1753923
1739232000000,2025-02-11,2.42380000,2.52900000,2.37080000,2.41310000,248182176.00000000,610136390.05080000,2008342
1739318400000,2025-02-12,2.41300000,2.49620000,2.33230000,2.47340000,227957636.00000000,549253249.79230000,1892950
1739404800000,2025-02-13,2.47340000,2.60610000,2.41540000,2.55990000,212478703.00000000,527319051.38150000,1847589
1739491200000,2025-02-14,2.56000000,2.83560000,2.53000000,2.73840000,407541122.00000000,1099747748.52970000,3930531
1739577600000,2025-02-15,2.73840000,2.83350000,2.71300000,2.76190000,184181907.00000000,512007575.23760000,1962398
1739664000000,2025-02-16,2.76190000,2.80540000,2.68790000,2.72830000,132387997.00000000,364119985.91860000,1355421
1739750400000,2025-02-17,2.72830000,2.76480000,2.60750000,2.65990000,212813356.00000000,569177522.79380000,1923364
1739836800000,2025-02-18,2.65990000,2.66990000,2.46930000,2.56280000,227170019.00000000,582472946.24620000,2271670
1739923200000,2025-02-19,2.56290000,2.74700000,2.51210000,2.73780000,208222691.00000000,545032758.81830000,1780798
1740009600000,2025-02-20,2.73780000,2.74900000,2.66710000,2.68770000,161213675.00000000,435621246.15410000,1348665
1740096000000,2025-02-21,2.68780000,2.71600000,2.50760000,2.57210000,257754207.00000000,674793413.92330000,2010767
1740182400000,2025-02-22,2.57220000,2.60990000,2.55050000,2.57400000,92516652.00000000,238844803.00070000,650453
1740268800000,2025-02-23,2.57400000,2.60160000,2.52010000,2.57630000,91398009.00000000,234022514.10270000,703256
1740355200000,2025-02-24,2.57630000,2.60900000,2.23360000,2.27830000,351034781.00000000,849040644.80150000,2517960
1740441600000,2025-02-25,2.27840000,2.36630000,2.06370000,2.32220000,762421577.00000000,1687911041.62060000,5941964
1740528000000,2025-02-26,2.32220000,2.33140000,2.15070000,2.19820000,364125565.00000000,817894826.17180000,2839319
1740614400000,2025-02-27,2.19830000,2.25770000,2.14530000,2.19850000,229741926.00000000,505961815.84160000,1932381
1740700800000,2025-02-28,2.19850000,2.20170000,1.95100000,2.14530000,463166339.00000000,957869589.58010000,3661569
1740787200000,2025-03-01,2.14540000,2.21990000,2.12140000,2.19160000,145588191.00000000,316213252.19320000,1047670
1740873600000,2025-03-02,2.19170000,2.99900000,2.17350000,2.93960000,806955619.00000000,2163390347.28700000,6201418
1740960000000,2025-03-03,2.93950000,2.96760000,2.29760000,2.38730000,770790136.00000000,2001737322.15510000,6149375
1741046400000,2025-03-04,2.38730000,2.53880000,2.21230000,2.45430000,569915093.00000000,1355169063.31580000,3775756
1741132800000,2025-03-05,2.45420000,2.54090000,2.40800000,2.49980000,254905967.00000000,631175246.69630000,2083086
1741219200000,2025-03-06,2.49980000,2.64610000,2.47070000,2.60010000,293494998.00000000,755127708.36940000,2190118
1741305600000,2025-03-07,2.60000000,2.62170000,2.34350000,2.38550000,454234094.00000000,1121586094.76920000,3363999
1741392000000,2025-03-08,2.38550000,2.41060000,2.30130000,2.32610000,119040944.00000000,279496752.33620000,1033070
1741478400000,2025-03-09,2.32620000,2.35100000,2.08300000,2.13870000,276711052.00000000,608123226.93480000,2541564
1741564800000,2025-03-10,2.13880000,2.26130000,1.99250000,2.02160000,391223631.00000000,829514635.40730000,3921329
1741651200000,2025-03-11,2.02160000,2.21380000,1.90000000,2.17110000,382420244.00000000,797538821.37470000,2315358
1741737600000,2025-03-12,2.17100000,2.27690000,2.13330000,2.23960000,277560410.00000000,612133003.82310000,2382381
1741824000000,2025-03-13,2.23950000,2.34700000,2.21370000,2.25270000,243896593.00000000,553752724.55310000,2269070
1741910400000,2025-03-14,2.25260000,2.38930000,2.23710000,2.35640000,197286469.00000000,457779727.58920000,1778622
1741996800000,2025-03-15,2.35640000,2.47510000,2.35250000,2.39110000,150056936.00000000,362455350.41340000,1419615
1742083200000,2025-03-16,2.39110000,2.41090000,2.26770000,2.29380000,151974757.00000000,353905686.88930000,1606169
1742169600000,2025-03-17,2.29380000,2.37880000,2.29150000,2.33820000,133923496.00000000,313586432.73610000,1233682
1742256000000,2025-03-18,2.33810000,2.33990000,2.22250000,2.28510000,164719299.00000000,373795463.52770000,1333105
1742342400000,2025-03-19,2.28510000,2.59000000,2.26530000,2.54690000,462181815.00000000,1145549057.28260000,3045455
1742428800000,2025-03-20,2.54690000,2.56380000,2.38900000,2.43610000,225573092.00000000,556990257.87590000,1910760
1742515200000,2025-03-21,2.43600000,2.46690000,2.35640000,2.38090000,143033066.00000000,343554538.98870000,1159813
1742601600000,2025-03-22,2.38090000,2.41700000,2.35940000,2.37110000,69083565.00000000,164935168.82370000,599867
1742688000000,2025-03-23,2.37120000,2.44090000,2.36500000,2.43930000,82171646.00000000,197375933.91930000,675980
1742774400000,2025-03-24,2.43920000,2.50440000,2.41340000,2.45010000,140591390.00000000,345465247.80680000,985956
1742860800000,2025-03-25,2.45010000,2.47830000,2.40710000,2.44920000,107306341.00000000,262047435.34010000,825224
1742947200000,2025-03-26,2.44910000,2.47940000,2.32800000,2.34940000,140813082.00000000,340471844.08160000,1028787
1743033600000,2025-03-27,2.34940000,2.39000000,2.30210000,2.34100000,121906802.00000000,286517138.31760000,940315
1743120000000,2025-03-28,2.34110000,2.34330000,2.15350000,2.20730000,211389681.00000000,470524788.21780000,1469290
1743206400000,2025-03-29,2.20720000,2.22670000,2.06070000,2.13510000,188344703.00000000,399565637.95470000,1392395
1743292800000,2025-03-30,2.13520000,2.21420000,2.10770000,2.13690000,143436566.00000000,309556823.12360000,1092491
1743379200000,2025-03-31,2.13710000,2.14150000,2.02380000,2.08990000,225359911.00000000,470475027.35720000,1771277
1743465600000,2025-04-01,2.08990000,2.19990000,2.06500000,2.13870000,206149959.00000000,440370529.10450000,1753639
1743552000000,2025-04-02,2.13870000,2.23300000,1.98410000,2.02370000,312902782.00000000,661278600.21950000,2654613
1743638400000,2025-04-03,2.02370000,2.08200000,1.96000000,2.06480000,283049149.00000000,574582911.20220000,2175279
1743724800000,2025-04-04,2.06480000,2.16260000,2.01600000,2.13020000,249538859.00000000,522053640.97470000,2126524
1743811200000,2025-04-05,2.13030000,2.17640000,2.11390000,2.14420000,79039409.00000000,168933379.26120000,766397
1743897600000,2025-04-06,2.14430000,2.15920000,1.86250000,1.92180000,247306320.00000000,494395445.25490000,2063575
1743984000000,2025-04-07,1.92180000,2.01090000,1.61340000,1.89870000,862282234.00000000,1564910506.52030000,4217262
1744070400000,2025-04-08,1.89860000,1.97500000,1.77700000,1.79630000,331058344.00000000,622942580.46040000,1019353
1744156800000,2025-04-09,1.79650000,2.08970000,1.72180000,2.05290000,517714914.00000000,983263446.18440000,1520284
1744243200000,2025-04-10,2.05290000,2.05720000,1.92230000,1.96580000,224691548.00000000,446583819.84560000,1921673
1744329600000,2025-04-11,1.96570000,2.06470000,1.94750000,2.02250000,175131511.00000000,352455438.39110000,1539032
1744416000000,2025-04-12,2.02250000,2.18620000,2.00330000,2.15980000,161856777.00000000,341792852.50430000,1416548
1744502400000,2025-04-13,2.15970000,2.24750000,2.08010000,2.11960000,194098687.00000000,419017456.62490000,1899834
1744588800000,2025-04-14,2.11960000,2.18040000,2.10380000,2.12750000,138573013.00000000,296792059.49060000,1537405
1744675200000,2025-04-15,2.12760000,2.18530000,2.08370000,2.08420000,131282814.00000000,280926951.97430000,1345686
1744761600000,2025-04-16,2.08430000,2.13000000,2.03550000,2.08340000,152704680.00000000,318042232.23030000,1494581
1744848000000,2025-04-17,2.08340000,2.11460000,2.05240000,2.06730000,103280383.30000000,215185592.53274000,1074532
1744934400000,2025-04-18,2.06730000,2.08960000,2.04340000,2.06190000,72730873.50000000,150530241.72514000,707800
1745020800000,2025-04-19,2.06190000,2.09750000,2.05860000,2.08770000,50163133.60000000,104485797.93701000,462679
1745107200000,2025-04-20,2.08770000,2.09450000,2.03880000,2.07870000,77348551.30000000,159807702.05961000,537648
1745193600000,2025-04-21,2.07860000,2.14090000,2.05940000,2.08550000,132502689.70000000,279135954.92696000,1088615
1745280000000,2025-04-22,2.08550000,2.25040000,2.06380000,2.21390000,215792646.30000000,463874787.33304000,1475208
1745366400000,2025-04-23,2.21380000,2.30100000,2.19020000,2.21840000,220415571.40000000,494085337.30413000,1778836
1745452800000,2025-04-24,2.21830000,2.23540000,2.11660000,2.20490000,184941421.40000000,403912284.76951000,1361032
1745539200000,2025-04-25,2.20490000,2.21930000,2.16340000,2.18120000,134014526.90000000,294138569.17227000,1090840
1745625600000,2025-04-26,2.18120000,2.24830000,2.17960000,2.19120000,89667472.40000000,197714019.96509000,822845
1745712000000,2025-04-27,2.19120000,2.29480000,2.15810000,2.25200000,176901254.60000000,394172934.52954000,1343214
1745798400000,2025-04-28,2.25210000,2.36300000,2.21840000,2.29490000,188782972.60000000,432932125.11437000,1550265
1745884800000,2025-04-29,2.29500000,2.31470000,2.22170000,2.23800000,109021832.70000000,248308443.54734000,919783
1745971200000,2025-04-30,2.23790000,2.25880000,2.12350000,2.19080000,169161178.80000000,371180616.59514000,1290014
1746057600000,2025-05-01,2.19070000,2.25670000,2.18680000,2.21230000,96594610.50000000,214862147.68855000,804561
1746144000000,2025-05-02,2.21220000,2.24110000,2.19200000,2.20930000,84810475.20000000,187929913.43163000,750177
1746230400000,2025-05-03,2.20930000,2.22000000,2.17600000,2.18720000,48541368.00000000,106715010.83749000,465311
1746316800000,2025-05-04,2.18720000,2.21880000,2.15100000,2.15600000,58758870.60000000,128384945.07249000,583831
1746403200000,2025-05-05,2.15610000,2.20000000,2.10670000,2.13060000,129350396.30000000,278055926.60453000,937063
1746489600000,2025-05-06,2.13060000,2.15950000,2.07770000,2.15500000,110021214.00000000,232503539.08214000,955869
1746576000000,2025-05-07,2.15500000,2.17160000,2.10390000,2.12650000,91759518.60000000,195823475.65040000,821197
1746662400000,2025-05-08,2.12640000,2.32970000,2.11760000,2.32720000,220454318.80000000,492146244.28859000,1689529
1746748800000,2025-05-09,2.32720000,2.42910000,2.28450000,2.34390000,270485423.50000000,637201286.41537000,2359378
1746835200000,2025-05-10,2.34380000,2.47700000,2.33590000,2.47110000,173584546.10000000,417538802.27194000,1700852
1746921600000,2025-05-11,2.47110000,2.48440000,2.32830000,2.36700000,162582479.50000000,387738035.17048000,1661326
1747008000000,2025-05-12,2.36710000,2.65490000,2.35150000,2.54390000,507950822.40000000,1275311866.31161000,4112142
1747094400000,2025-05-13,2.54400000,2.60530000,2.42150000,2.58290000,230851038.90000000,582508619.40381000,2518415
1747180800000,2025-05-14,2.58280000,2.65160000,2.51940000,2.55030000,213599727.40000000,551933214.06950000,1978980
1747267200000,2025-05-15,2.55040000,2.57190000,2.35250000,2.38560000,209320078.30000000,515143174.14976000,2309242
1747353600000,2025-05-16,2.38560000,2.43990000,2.34710000,2.37980000,136943221.20000000,329039410.53355000,1688096
1747440000000,2025-05-17,2.37970000,2.38920000,2.29840000,2.35310000,105734565.80000000,247839876.54358000,1442950
1747526400000,2025-05-18,2.35310000,2.44970000,2.33200000,2.42800000,110034544.50000000,263270059.37711000,1470998
1747612800000,2025-05-19,2.42800000,2.44100000,2.28270000,2.38030000,162880946.40000000,381979266.64326000,1791052
1747699200000,2025-05-20,2.38030000,2.40900000,2.31410000,2.35650000,136293676.80000000,321341594.69735000,1331382
1747785600000,2025-05-21,2.35650000,2.42880000,2.33080000,2.39520000,175070666.70000000,415539143.43446000,1711630
1747872000000,2025-05-22,2.39530000,2.45550000,2.38810000,2.43110000,145040194.50000000,350758657.64766000,1313608
1747958400000,2025-05-23,2.43110000,2.47990000,2.28380000,2.29660000,197335455.40000000,471539404.39892000,1876119
1748044800000,2025-05-24,2.29650000,2.36000000,2.28590000,2.33030000,50781088.20000000,118575581.84926000,679757
1748131200000,2025-05-25,2.33040000,2.34500000,2.26600000,2.34170000,81478273.40000000,187626186.24011000,937049
1748217600000,2025-05-26,2.34160000,2.35930000,2.29580000,2.31030000,75168770.00000000,175231902.21930000,752100
1748304000000,2025-05-27,2.31030000,2.35430000,2.26710000,2.31680000,94046517.50000000,217701881.39648000,969135
1748390400000,2025-05-28,2.31670000,2.32320000,2.22650000,2.27420000,99791200.40000000,227259719.06362000,954628
1748476800000,2025-05-29,2.27420000,2.31250000,2.23800000,2.24420000,99100514.70000000,226227584.71746000,993571
1748563200000,2025-05-30,2.24410000,2.25230000,2.12970000,2.13980000,192557829.60000000,421027264.31235000,1855873
1748649600000,2025-05-31,2.13970000,2.20650000,2.07940000,2.17380000,109349888.00000000,234327423.61236000,1299553
1748736000000,2025-06-01,2.17390000,2.18790000,2.12310000,2.17920000,62964847.70000000,135732307.10343000,741422
1748822400000,2025-06-02,2.17920000,2.20450000,2.13570000,2.19650000,96478578.80000000,208841688.85840000,907638
1748908800000,2025-06-03,2.19650000,2.28210000,2.18380000,2.24460000,110034231.10000000,245370237.05632000,1052351
1748995200000,2025-06-04,2.24450000,2.26580000,2.19510000,2.20090000,82924089.70000000,185497995.05840000,865515
1749081600000,2025-06-05,2.20090000,2.22650000,2.05910000,2.09360000,152227799.70000000,325805169.63140000,1426769
1749168000000,2025-06-06,2.09360000,2.19030000,2.08120000,2.15980000,92539769.10000000,198545872.82096000,768690
1749254400000,2025-06-07,2.15980000,2.19120000,2.14750000,2.17690000,40526697.00000000,88267737.87746000,349819
1749340800000,2025-06-08,2.17680000,2.29880000,2.16610000,2.26700000,115809963.60000000,260488969.11327000,963085
1749427200000,2025-06-09,2.26690000,2.32930000,2.22230000,2.32110000,128620231.20000000,292145217.57631000,915460
1749513600000,2025-06-10,2.32100000,2.32760000,2.26010000,2.30740000,119887307.80000000,275076155.03374000,1058738
1749600000000,2025-06-11,2.30740000,2.33790000,2.25240000,2.27040000,118779485.50000000,273751359.99510000,1076884
1749686400000,2025-06-12,2.27040000,2.27330000,2.17060000,2.18990000,98220197.30000000,219058539.73300000,927643
1749772800000,2025-06-13,2.19000000,2.19180000,2.08280000,2.14720000,171924272.90000000,365832602.13346000,1735858
1749859200000,2025-06-14,2.14730000,2.18010000,2.10930000,2.13940000,67644610.70000000,145441133.20270000,623505
1749945600000,2025-06-15,2.13930000,2.17590000,2.13750000,2.16550000,46595619.50000000,100552015.23866000,444613
1750032000000,2025-06-16,2.16550000,2.33700000,2.15120000,2.23800000,180775839.00000000,409153397.01986000,1502009
1750118400000,2025-06-17,2.23790000,2.25720000,2.14170000,2.15900000,145998030.00000000,321488422.84618000,1410075
1750204800000,2025-06-18,2.15910000,2.18080000,2.11810000,2.17050000,95962168.00000000,206443945.70966000,908990
1750291200000,2025-06-19,2.17040000,2.18550000,2.14410000,2.16480000,56149358.10000000,121396684.86737000,470006
1750377600000,2025-06-20,2.16470000,2.17970000,2.08520000,2.11940000,97632569.90000000,208777086.67049000,800124
1750464000000,2025-06-21,2.11950000,2.14500000,2.00000000,2.06320000,88671293.20000000,184162670.13492000,814900
1750550400000,2025-06-22,2.06320000,2.08980000,1.90830000,2.01720000,206511372.50000000,410005733.15721000,1827699
1750636800000,2025-06-23,2.01730000,2.17060000,1.96150000,2.15840000,175076963.60000000,358869371.56328000,1687266
1750723200000,2025-06-24,2.15840000,2.21650000,2.13160000,2.18980000,131247333.70000000,286252275.51631000,1196016
1750809600000,2025-06-25,2.18970000,2.22960000,2.16960000,2.18590000,91578502.00000000,200687070.28870000,845817
1750896000000,2025-06-26,2.18580000,2.21270000,2.09560000,2.10540000,120378866.10000000,258879805.93921000,871990
1750982400000,2025-06-27,2.10530000,2.15560000,2.06710000,2.14190000,120577000.30000000,253354119.55423000,917776
1751068800000,2025-06-28,2.14200000,2.20790000,2.13360000,2.18540000,70042779.00000000,153000277.86009000,648620
1751155200000,2025-06-29,2.18550000,2.21980000,2.17540000,2.20610000,46097897.50000000,101168900.61689000,381555
1751241600000,2025-06-30,2.20620000,2.32710000,2.16500000,2.23620000,151525906.20000000,339174016.72813000,1132152
1751328000000,2025-07-01,2.23620000,2.25370000,2.14750000,2.17200000,123558690.10000000,271747201.44651000,928402
1751414400000,2025-07-02,2.17190000,2.29170000,2.15700000,2.23360000,149340795.40000000,332390384.71747000,957678
1751500800000,2025-07-03,2.23350000,2.31350000,2.22430000,2.25690000,148388595.00000000,337550211.45131000,999966
1751587200000,2025-07-04,2.25690000,2.26780000,2.19600000,2.22050000,72289199.10000000,161034633.34504000,633933
1751673600000,2025-07-05,2.22050000,2.23390000,2.20140000,2.21780000,34058390.30000000,75534635.00788000,316359
1751760000000,2025-07-06,2.21770000,2.29000000,2.20860000,2.27090000,92108127.50000000,208524256.08502000,655450
1751846400000,2025-07-07,2.27090000,2.35370000,2.25520000,2.27080000,176317450.70000000,406522543.28426000,1279755
1751932800000,2025-07-08,2.27070000,2.32230000,2.24850000,2.31080000,106456008.60000000,243274438.91839000,749423
1752019200000,2025-07-09,2.31090000,2.42880000,2.29750000,2.40380000,181518399.80000000,430696105.43214000,1370003
1752105600000,2025-07-10,2.40380000,2.56780000,2.39310000,2.54710000,209526484.80000000,518124516.29744000,1654052
1752192000000,2025-07-11,2.54710000,2.97500000,2.51190000,2.73220000,615361834.00000000,1686420297.77456000,5339519
1752278400000,2025-07-12,2.73230000,2.84790000,2.66290000,2.73950000,341517152.00000000,942433146.00476000,3386704
1752364800000,2025-07-13,2.73950000,2.89490000,2.72320000,2.83610000,260642506.50000000,734315044.62449000,2591368
1752451200000,2025-07-14,2.83610000,3.03500000,2.82070000,2.95820000,442537809.20000000,1306107613.19463000,4061682
1752537600000,2025-07-15,2.95820000,2.95820000,2.80380000,2.91900000,303965280.70000000,876135273.94815000,2699613
1752624000000,2025-07-16,2.91890000,3.10000000,2.87740000,3.03800000,272284618.20000000,816215592.96580000,2372362
1752710400000,2025-07-17,3.03800000,3.54950000,2.98730000,3.48140000,648338845.19000000,2128757999.40859400,5760090
1752796800000,2025-07-18,3.48130000,3.66070000,3.34390000,3.41350000,608722890.71000000,2134357921.93942300,5894679
1752883200000,2025-07-19,3.41360000,3.48550000,3.35470000,3.42440000,204901034.50000000,703152321.01510000,2257294
1752969600000,2025-07-20,3.42430000,3.55790000,3.38560000,3.45400000,281874484.30000000,980886591.64219000,2819676
1753056000000,2025-07-21,3.45410000,3.64950000,3.40760000,3.54950000,259730581.60000000,921984407.31231000,2865227
1753142400000,2025-07-22,3.54940000,3.57870000,3.42180000,3.55040000,248664612.70000000,870975104.85711000,2927063
1753228800000,2025-07-23,3.55040000,3.55190000,3.02000000,3.18380000,444396661.30000000,1457586129.76382000,4231942
1753315200000,2025-07-24,3.18390000,3.26510000,2.95550000,3.14530000,366456463.40000000,1153018184.36765000,4245765
1753401600000,2025-07-25,3.14540000,3.16180000,2.99810000,3.14230000,234280821.90000000,722764506.54180000,3288636
1753488000000,2025-07-26,3.14220000,3.21810000,3.10880000,3.16620000,96831223.50000000,307355739.68970000,1102993
1753574400000,2025-07-27,3.16620000,3.25150000,3.15640000,3.23890000,130449208.10000000,417730767.23353000,1528843
1753660800000,2025-07-28,3.23900000,3.33080000,3.10730000,3.12350000,221823612.30000000,712789221.37273000,2823885
1753747200000,2025-07-29,3.12350000,3.18560000,3.05330000,3.12800000,157430969.90000000,492226662.10514000,2006160
1753833600000,2025-07-30,3.12810000,3.16210000,3.00100000,3.09660000,173643335.40000000,537359368.14812000,2227388
1753920000000,2025-07-31,3.09670000,3.17840000,3.01080000,3.02240000,135512300.30000000,420102533.68383000,1581034
1754006400000,2025-08-01,3.02230000,3.05900000,2.89200000,2.96130000,260984696.40000000,776844279.75715000,3664661
1754092800000,2025-08-02,2.96140000,3.02060000,2.73870000,2.76950000,180733656.70000000,517122396.59234000,2506902
1754179200000,2025-08-03,2.76950000,2.96250000,2.72800000,2.94800000,149417377.80000000,428642540.28723000,1758547
1754265600000,2025-08-04,2.94810000,3.08990000,2.93120000,3.07160000,164651624.40000000,497892197.09911000,1621867
1754352000000,2025-08-05,3.07150000,3.10720000,2.91640000,2.96230000,144253297.70000000,434220001.48929000,1799157
1754438400000,2025-08-06,2.96220000,3.01870000,2.90140000,2.99080000,114399575.60000000,338336033.16284000,1363029
1754524800000,2025-08-07,2.99080000,3.33380000,2.96410000,3.31970000,212195633.10000000,664683073.06994000,2027481
1754611200000,2025-08-08,3.31960000,3.38250000,3.20510000,3.28590000,273926156.00000000,906088512.11288000,3039957
1754697600000,2025-08-09,3.28580000,3.34750000,3.20830000,3.22590000,130645790.70000000,429960482.32511000,1589680
1754784000000,2025-08-10,3.22590000,3.27950000,3.15210000,3.18700000,123144721.10000000,394427876.11695000,1445572
1754870400000,2025-08-11,3.18690000,3.33420000,3.11760000,3.12950000,223589776.80000000,720817949.89397000,2258876
1754956800000,2025-08-12,3.12950000,3.30670000,3.10410000,3.26760000,154532178.90000000,495632945.53978000,1728491
1755043200000,2025-08-13,3.26750000,3.33500000,3.20260000,3.27440000,193301023.70000000,631098137.98234000,1957727
1755129600000,2025-08-14,3.27440000,3.35120000,2.99150000,3.07920000,301672247.60000000,957150840.92371000,2810331
1755216000000,2025-08-15,3.07920000,3.14270000,3.00240000,3.07790000,134927479.50000000,416173245.39755000,1853023
1755302400000,2025-08-16,3.07780000,3.15600000,3.07150000,3.10550000,64524770.20000000,200967314.48386000,844261
1755388800000,2025-08-17,3.10560000,3.14720000,3.07730000,3.08770000,66692097.50000000,207693595.90509000,747253
1755475200000,2025-08-18,3.08770000,3.09690000,2.94040000,3.06160000,163460914.20000000,491582713.45880000,1925263
1755561600000,2025-08-19,3.06160000,3.08080000,2.84880000,2.86080000,149185188.70000000,441814217.90826000,2055525
1755648000000,2025-08-20,2.86080000,2.98960000,2.81840000,2.95120000,152651462.50000000,443141083.59139000,1792685
1755734400000,2025-08-21,2.95120000,2.95880000,2.84240000,2.85190000,91372655.60000000,265375827.20168000,1321601
1755820800000,2025-08-22,2.85180000,3.10560000,2.78260000,3.07440000,255042164.60000000,756680141.67969000,2718103
1755907200000,2025-08-23,3.07450000,3.07560000,2.96970000,3.04850000,103250847.40000000,312851396.24560000,1168308
1755993600000,2025-08-24,3.04860000,3.12800000,2.98700000,3.02580000,157353334.00000000,478627892.76714000,1684391
1756080000000,2025-08-25,3.02590000,3.05350000,2.82230000,2.85840000,176144258.40000000,516651925.35531000,1998442
1756166400000,2025-08-26,2.85840000,3.08170000,2.84590000,3.01230000,160522587.80000000,473684122.44720000,1701625
1756252800000,2025-08-27,3.01230000,3.04540000,2.96210000,2.96880000,124270806.90000000,373244514.95220000,1345761
1756339200000,2025-08-28,2.96880000,3.02630000,2.94320000,2.96650000,110595938.30000000,330930941.91631000,984232
1756425600000,2025-08-29,2.96650000,2.97680000,2.77340000,2.81950000,169431466.90000000,484925782.40824000,1619990
1756512000000,2025-08-30,2.81950000,2.83490000,2.76040000,2.81810000,68213469.60000000,191313300.47443000,699826
1756598400000,2025-08-31,2.81800000,2.86930000,2.77070000,2.77570000,56440031.30000000,159218563.44986000,559485
1756684800000,2025-09-01,2.77570000,2.83900000,2.69750000,2.75890000,179805399.60000000,496207294.84045000,1568606
1756771200000,2025-09-02,2.75890000,2.86410000,2.74840000,2.86200000,134689040.50000000,378125448.29701000,1237702
1756857600000,2025-09-03,2.86200000,2.88670000,2.81100000,2.84430000,96774293.10000000,275705151.28905000,810420
1756944000000,2025-09-04,2.84420000,2.86290000,2.78420000,2.79460000,94539630.50000000,267173303.80852000,811148
1757030400000,2025-09-05,2.79470000,2.88490000,2.77800000,2.81470000,120949495.70000000,342895699.44597000,1056961
1757116800000,2025-09-06,2.81460000,2.82890000,2.79270000,2.80980000,31389546.60000000,88181784.77706000,340600
1757203200000,2025-09-07,2.80980000,2.92850000,2.80920000,2.87700000,82776839.10000000,237845923.06924000,714674
1757289600000,2025-09-08,2.87700000,2.99640000,2.86270000,2.96970000,121406178.20000000,357100825.89235000,1202626
1757376000000,2025-09-09,2.96980000,3.03650000,2.93370000,2.94740000,116913430.20000000,348474616.90628000,1178234
1757462400000,2025-09-10,2.94740000,3.02400000,2.93570000,2.98340000,85328678.00000000,254595352.64087000,863874
1757548800000,2025-09-11,2.98340000,3.04900000,2.95070000,3.03980000,115124443.90000000,346200965.61326000,1018005
1757635200000,2025-09-12,3.03980000,3.13760000,3.01800000,3.10540000,130413008.10000000,399729991.30432000,1285121
1757721600000,2025-09-13,3.10540000,3.18580000,3.08900000,3.11930000,112791516.90000000,353633295.94383000,1365939
1757808000000,2025-09-14,3.11930000,3.12670000,3.00990000,3.02790000,86444642.80000000,264813571.07064000,998055
1757894400000,2025-09-15,3.02800000,3.06690000,2.95320000,2.99690000,121536076.00000000,365716669.60396000,1496878
1757980800000,2025-09-16,2.99690000,3.05860000,2.96420000,3.03760000,76953763.00000000,232295040.69566000,839098
1758067200000,2025-09-17,3.03760000,3.10790000,2.98140000,3.08410000,132508658.40000000,402038606.26675000,1349828
1758153600000,2025-09-18,3.08410000,3.13970000,3.05580000,3.07350000,121098940.70000000,375568570.86294000,1143272
1758240000000,2025-09-19,3.07350000,3.09410000,2.97840000,2.99010000,92714638.60000000,280653897.19982000,926765
1758326400000,2025-09-20,2.99000000,3.00910000,2.96520000,2.97500000,62723730.00000000,187146184.36280000,574187
1758412800000,2025-09-21,2.97500000,3.01350000,2.95230000,2.97010000,45668741.10000000,136202072.65893000,558016
1758499200000,2025-09-22,2.97010000,2.97550000,2.69750000,2.85260000,228747192.90000000,649499096.84506000,2206540
1758585600000,2025-09-23,2.85250000,2.89640000,2.79910000,2.82470000,100392302.30000000,286849193.23602000,1159601
1758672000000,2025-09-24,2.82470000,2.99550000,2.78830000,2.92570000,125417232.60000000,363496485.78589000,1367017
1758758400000,2025-09-25,2.92570000,2.94460000,2.72440000,2.74350000,196421176.90000000,553085511.60956000,1971164
1758844800000,2025-09-26,2.74350000,2.80900000,2.69840000,2.78350000,162801304.70000000,448119979.14279000,1703056
1758931200000,2025-09-27,2.78360000,2.82870000,2.76190000,2.80470000,44703806.20000000,124610959.09304000,581944
1759017600000,2025-09-28,2.80470000,2.86750000,2.76610000,2.86740000,65853510.00000000,185001358.95664000,748534
1759104000000,2025-09-29,2.86750000,2.92890000,2.84540000,2.88010000,116473375.30000000,335494346.18332000,1257275
1759190400000,2025-09-30,2.88010000,2.90770000,2.81320000,2.84680000,100392419.70000000,286480582.91276000,1133168
1759276800000,2025-10-01,2.84680000,2.96160000,2.81410000,2.94850000,136262408.80000000,396809364.15718000,1262169
1759363200000,2025-10-02,2.94850000,3.09980000,2.94030000,3.03890000,147074551.60000000,442317543.96961000,1585511
1759449600000,2025-10-03,3.03880000,3.09480000,3.00410000,3.04010000,125739506.70000000,382280908.83134000,1429215
1759536000000,2025-10-04,3.04020000,3.05220000,2.93900000,2.96850000,69429980.80000000,207321266.10311000,844016
1759622400000,2025-10-05,2.96850000,3.07160000,2.94680000,2.96970000,105898711.40000000,318245690.32152000,1212008
1759708800000,2025-10-06,2.96970000,3.05060000,2.95510000,2.98830000,117186503.00000000,352104152.38073000,1227468
1759795200000,2025-10-07,2.98830000,3.00120000,2.84890000,2.85200000,151704976.60000000,443920050.41119000,1413360
1759881600000,2025-10-08,2.85210000,2.92480000,2.83030000,2.87970000,86103907.00000000,247518098.06655000,1139180
1759968000000,2025-10-09,2.87970000,2.88010000,2.77140000,2.80210000,110236912.90000000,310379763.91407000,1340461
1760054400000,2025-10-10,2.80210000,2.83720000,1.25430000,2.37040000,592833224.70000000,1416016000.51225000,4493544
1760140800000,2025-10-11,2.37040000,2.50610000,2.30000000,2.38190000,377516588.00000000,909770588.80687000,4338405
1760227200000,2025-10-12,2.38190000,2.58410000,2.31210000,2.52820000,248265523.10000000,607237964.21932000,3072544
1760313600000,2025-10-13,2.52830000,2.64600000,2.51250000,2.60520000,215844073.70000000,558246044.00344000,2535110
1760400000000,2025-10-14,2.60520000,2.62080000,2.38880000,2.50330000,236417459.60000000,587762059.79276000,2440380
1760486400000,2025-10-15,2.50330000,2.54750000,2.37540000,2.41090000,147593411.20000000,363905099.10240000,1641249
1760572800000,2025-10-16,2.41100000,2.46650000,2.28330000,2.32800000,196447886.30000000,467212723.60674000,2350217
1760659200000,2025-10-17,2.32800000,2.40000000,2.19010000,2.29360000,233638133.00000000,533049692.58880000,2897858
1760745600000,2025-10-18,2.29360000,2.39150000,2.28940000,2.35960000,70031265.20000000,164699862.11120000,901192
1760832000000,2025-10-19,2.35960000,2.41950000,2.31770000,2.39080000,86051004.00000000,204746942.77784000,1047632
1760918400000,2025-10-20,2.39070000,2.55290000,2.35470000,2.49480000,132020692.30000000,325043707.31512000,1472709
1761004800000,2025-10-21,2.49480000,2.53230000,2.40110000,2.42220000,142161412.20000000,349446603.89660000,1680158
1761091200000,2025-10-22,2.42210000,2.43750000,2.32550000,2.36470000,131694103.30000000,314639214.69154000,1616003
1761177600000,2025-10-23,2.36470000,2.42590000,2.36170000,2.39470000,84337201.10000000,202214305.62803000,864950
1761264000000,2025-10-24,2.39480000,2.51600000,2.38630000,2.51030000,112051925.00000000,276766703.76931000,1167079
1761350400000,2025-10-25,2.51030000,2.65420000,2.50210000,2.59590000,95829560.40000000,246949699.35457000,1225540
1761436800000,2025-10-26,2.59580000,2.66240000,2.59200000,2.64610000,83681116.70000000,220148409.43580000,1130464
1761523200000,2025-10-27,2.64600000,2.69750000,2.60130000,2.63400000,113960332.00000000,301816650.99461000,1569789
1761609600000,2025-10-28,2.63400000,2.68870000,2.56750000,2.60340000,123712287.20000000,325741633.67731000,1554608
1761696000000,2025-10-29,2.60340000,2.66400000,2.53700000,2.55020000,127783090.40000000,333619686.12610000,1601141
1761782400000,2025-10-30,2.55020000,2.59440000,2.37690000,2.43930000,151633152.90000000,377157606.29160000,2097584
1761868800000,2025-10-31,2.43930000,2.55460000,2.43110000,2.50970000,115609330.70000000,289080627.19977000,1256244
1761955200000,2025-11-01,2.50960000,2.52330000,2.47600000,2.50530000,41551912.80000000,103930956.29276000,521257
1762041600000,2025-11-02,2.50530000,2.55490000,2.47800000,2.52670000,51555957.60000000,129684074.86327000,680133
1762128000000,2025-11-03,2.52670000,2.53220000,2.26310000,2.30960000,174525470.10000000,414201479.14369000,2091619
1762214400000,2025-11-04,2.30950000,2.36550000,2.06650000,2.20530000,346558907.50000000,771446660.12197000,3960857
1762300800000,2025-11-05,2.20530000,2.37660000,2.10150000,2.34320000,207833006.90000000,468286637.04496000,2433793
1762387200000,2025-11-06,2.34320000,2.41600000,2.17960000,2.21300000,172724312.70000000,393700992.04894000,2061551
1762473600000,2025-11-07,2.21300000,2.37290000,2.15360000,2.31540000,178003937.30000000,401217238.32770000,2278878
1762560000000,2025-11-08,2.31550000,2.33810000,2.24240000,2.28630000,83656256.10000000,192268872.34323000,1208890
1762646400000,2025-11-09,2.28640000,2.39500000,2.23920000,2.36620000,86012398.00000000,198278601.16981000,1239612
1762732800000,2025-11-10,2.36620000,2.58080000,2.34620000,2.52600000,197478395.30000000,494186025.29096000,2425650
1762819200000,2025-11-11,2.52600000,2.57000000,2.37870000,2.39150000,126538891.70000000,311862415.17771000,1790221
1762905600000,2025-11-12,2.39150000,2.44910000,2.31660000,2.38790000,141159795.60000000,337101476.81378000,1599780
1762992000000,2025-11-13,2.38780000,2.52640000,2.27570000,2.32250000,268264404.50000000,648161281.52071000,2933097
1763078400000,2025-11-14,2.32250000,2.34160000,2.22560000,2.24430000,220377818.60000000,503933839.45625000,2637209
1763164800000,2025-11-15,2.24430000,2.30340000,2.21110000,2.23720000,84473254.20000000,191008990.86777000,1187884
1763251200000,2025-11-16,2.23720000,2.28000000,2.15580000,2.21490000,126254506.20000000,279635280.28231000,1659217
1763337600000,2025-11-17,2.21480000,2.30770000,2.11460000,2.16370000,213925840.30000000,472212439.49585000,2229241
1763424000000,2025-11-18,2.16370000,2.24130000,2.10640000,2.21720000,188026720.70000000,409807060.60082000,1978808
1763510400000,2025-11-19,2.21710000,2.21960000,2.02440000,2.10980000,237660615.70000000,499124445.18076000,1950500
1763596800000,2025-11-20,2.10970000,2.14980000,1.97430000,1.99990000,295232267.90000000,606713707.73017000,2105827
1763683200000,2025-11-21,1.99980000,2.03080000,1.82090000,1.95090000,349052191.60000000,674481994.06328000,3374370
1763769600000,2025-11-22,1.95090000,1.96710000,1.88900000,1.95090000,92507655.60000000,178554276.05228000,1094434
1763856000000,2025-11-23,1.95080000,2.08460000,1.94970000,2.04910000,136024600.00000000,277919540.70653000,1343209
1763942400000,2025-11-24,2.04910000,2.28680000,2.02380000,2.22760000,209507520.10000000,449036243.07978000,2049558
1764028800000,2025-11-25,2.22760000,2.26520000,2.14820000,2.20240000,154916931.30000000,341969966.38068000,1457035
1764115200000,2025-11-26,2.20230000,2.25470000,2.14470000,2.22330000,110237202.30000000,241957772.47178000,1060172
1764201600000,2025-11-27,2.22320000,2.23470000,2.17270000,2.19990000,82691220.60000000,182415330.68697000,697665
1764288000000,2025-11-28,2.20000000,2.27520000,2.15650000,2.17950000,140892868.90000000,311037589.06468000,1180500
1764374400000,2025-11-29,2.17950000,2.22310000,2.16660000,2.20090000,57026784.10000000,125384177.30394000,596346
1764460800000,2025-11-30,2.20100000,2.21500000,2.15240000,2.15500000,52482888.90000000,114977582.57313000,484242
1764547200000,2025-12-01,2.15490000,2.16090000,1.98350000,2.02970000,173919553.10000000,355365694.67381000,1739470
1764633600000,2025-12-02,2.02970000,2.18310000,1.99500000,2.15320000,132464308.90000000,278033250.95284000,1361804
1764720000000,2025-12-03,2.15310000,2.21900000,2.14140000,2.19760000,111507874.40000000,243427331.82546000,1174499
1764806400000,2025-12-04,2.19760000,2.21460000,2.06910000,2.09600000,101092517.60000000,216617251.44724000,1060667
1764892800000,2025-12-05,2.09600000,2.11300000,2.01250000,2.03440000,95338082.90000000,196417783.93917000,1051956
1764979200000,2025-12-06,2.03440000,2.05040000,2.01540000,2.03090000,43569024.80000000,88516862.03960000,452030
1765065600000,2025-12-07,2.03100000,2.11090000,1.98940000,2.04420000,83786859.80000000,171442641.89825000,999527
1765152000000,2025-12-08,2.04420000,2.12390000,2.03190000,2.07240000,88049790.90000000,183591495.30190000,951747
1765238400000,2025-12-09,2.07230000,2.17800000,2.04190000,2.10620000,113859655.00000000,240316667.84854000,1228042
1765324800000,2025-12-10,2.10610000,2.11080000,2.03460000,2.04180000,125132700.40000000,259342035.77229000,1233167
1765411200000,2025-12-11,2.04180000,2.05700000,1.97670000,2.03400000,125057005.00000000,251500084.80395000,1105100
1765497600000,2025-12-12,2.03400000,2.04780000,1.96920000,2.00740000,77987124.70000000,156851459.70608000,836283
1765584000000,2025-12-13,2.00750000,2.04820000,2.00680000,2.02270000,44193267.10000000,89650356.06012000,394991
1765670400000,2025-12-14,2.02260000,2.03060000,1.95270000,1.97840000,45148587.90000000,90071177.05550000,490084
1765756800000,2025-12-15,1.97840000,2.01430000,1.86950000,1.89810000,115746358.60000000,224006702.35929000,1181500
1765843200000,2025-12-16,1.89810000,1.94910000,1.85200000,1.92970000,101283394.80000000,193014736.53332000,1113011
1765929600000,2025-12-17,1.92970000,1.98740000,1.84740000,1.86270000,111714892.80000000,213339007.05976000,1273357
1766016000000,2025-12-18,1.86270000,1.93410000,1.80000000,1.80760000,126981039.00000000,236200241.80635000,1359171
1766102400000,2025-12-19,1.80760000,1.92130000,1.77110000,1.90920000,144601510.30000000,268667251.35816000,1295277
1766188800000,2025-12-20,1.90920000,1.95880000,1.89360000,1.93350000,53235023.50000000,102570019.69904000,462154
1766275200000,2025-12-21,1.93350000,1.94980000,1.89480000,1.92230000,53029272.90000000,101764349.86736000,508164
1766361600000,2025-12-22,1.92240000,1.94930000,1.89170000,1.90430000,88731614.20000000,170541148.42268000,833845
1766448000000,2025-12-23,1.90440000,1.91000000,1.86300000,1.87340000,77815693.80000000,146784418.82902000,667978
1766534400000,2025-12-24,1.87340000,1.87830000,1.83720000,1.86280000,59895979.80000000,111432748.24416000,562567
1766620800000,2025-12-25,1.86270000,1.88920000,1.82910000,1.83260000,46144808.40000000,86049091.66366000,445516
1766707200000,2025-12-26,1.83250000,1.88330000,1.82460000,1.84370000,76825530.80000000,142650101.48219000,812307
1766793600000,2025-12-27,1.84370000,1.87880000,1.84170000,1.87350000,31244471.30000000,57872471.63674000,254408
1766880000000,2025-12-28,1.87340000,1.87960000,1.85390000,1.86540000,26597238.30000000,49683128.09448000,272306
1766966400000,2025-12-29,1.86550000,1.91800000,1.84500000,1.85080000,70265708.50000000,132149106.78247000,713307
1767052800000,2025-12-30,1.85080000,1.88640000,1.84390000,1.87760000,48337735.60000000,90287787.52763000,418695
1767139200000,2025-12-31,1.87760000,1.88390000,1.81230000,1.84230000,58334893.80000000,108118689.11380000,440483
1767225600000,2026-01-01,1.84240000,1.88110000,1.82610000,1.87990000,41082589.10000000,76213964.84820000,299761
1767312000000,2026-01-02,1.87990000,2.03150000,1.86890000,2.00690000,127347907.20000000,247734472.67035000,1017519
1767398400000,2026-01-03,2.00680000,2.05610000,1.98440000,2.01820000,74386522.10000000,150077641.84672000,656247
1767484800000,2026-01-04,2.01820000,2.12040000,2.01630000,2.09090000,113757086.30000000,235923401.78094000,980782
1767571200000,2026-01-05,2.09080000,2.36950000,2.08770000,2.34780000,210318025.30000000,467707997.15885000,1982421
1767657600000,2026-01-06,2.34790000,2.41720000,2.20460000,2.30420000,270372108.10000000,629154170.10637000,2585653
1767744000000,2026-01-07,2.30420000,2.32050000,2.15170000,2.16570000,115603277.70000000,257626886.61840000,1456273
1767830400000,2026-01-08,2.16580000,2.19250000,2.06490000,2.12320000,156536080.50000000,331908879.48803000,1614939
1767916800000,2026-01-09,2.12320000,2.16220000,2.07270000,2.09580000,117777092.00000000,248795674.65699000,1257235
1768003200000,2026-01-10,2.09580000,2.11060000,2.08060000,2.09070000,31589981.30000000,66159954.84280000,342381
1768089600000,2026-01-11,2.09070000,2.11000000,2.04500000,2.07450000,50545578.20000000,105268581.16162000,497144
1768176000000,2026-01-12,2.07450000,2.10860000,2.03500000,2.05400000,110140038.30000000,227894784.65359000,1077404
1768262400000,2026-01-13,2.05410000,2.18500000,2.04740000,2.16550000,113374006.30000000,238793131.74914000,1132317
1768348800000,2026-01-14,2.16560000,2.19240000,2.11160000,2.13940000,135001603.50000000,290541648.35856000,1229087
1768435200000,2026-01-15,2.13930000,2.14340000,2.05320000,2.07890000,89639683.70000000,187945040.68501000,904219
1768521600000,2026-01-16,2.07890000,2.08660000,2.02630000,2.06780000,60894619.50000000,125412355.52278000,627484
1768608000000,2026-01-17,2.06780000,2.08340000,2.05360000,2.06310000,31138454.90000000,64394685.22584000,315864
1768694400000,2026-01-18,2.06320000,2.06790000,1.98610000,1.99140000,46506697.70000000,94798743.69225000,474109
1768780800000,2026-01-19,1.99140000,2.02990000,1.84700000,1.98600000,159349900.70000000,312427981.03306000,1183988
1768867200000,2026-01-20,1.98610000,1.99090000,1.87000000,1.89000000,127376122.00000000,245625447.78919000,1219786
1768953600000,2026-01-21,1.89000000,1.99070000,1.87120000,1.94760000,147842135.50000000,284111499.09742000,1442942
1769040000000,2026-01-22,1.94750000,1.96790000,1.90160000,1.92360000,61627444.90000000,119394059.07270000,660686
1769126400000,2026-01-23,1.92370000,1.96560000,1.88730000,1.91960000,76076706.90000000,146213015.14371000,774360
1769212800000,2026-01-24,1.91970000,1.92760000,1.91000000,1.91430000,27159999.90000000,52127828.62802000,221237
1769299200000,2026-01-25,1.91430000,1.91680000,1.81110000,1.83560000,91533110.30000000,169883447.84291000,818265
1769385600000,2026-01-26,1.83560000,1.94600000,1.83310000,1.90410000,104481153.60000000,198359232.49118000,973413
1769472000000,2026-01-27,1.90420000,1.92950000,1.87410000,1.91580000,64619827.10000000,122893037.08238000,684052
1769558400000,2026-01-28,1.91570000,1.94270000,1.89440000,1.91110000,67425858.50000000,129267981.88222000,726865
1769644800000,2026-01-29,1.91120000,1.91340000,1.77800000,1.80760000,149409911.00000000,273416046.53278000,1163676
1769731200000,2026-01-30,1.80770000,1.81310000,1.71070000,1.73520000,229720306.70000000,403078897.82779000,1962404
1769817600000,2026-01-31,1.73530000,1.75470000,1.50280000,1.64720000,332369467.90000000,538786646.36154000,2380722
1769904000000,2026-02-01,1.64720000,1.68050000,1.55260000,1.59080000,182387658.00000000,296003317.28224000,1719231
1769990400000,2026-02-02,1.59080000,1.65710000,1.53070000,1.61980000,218107304.70000000,348750978.95153000,2139400
1770076800000,2026-02-03,1.61990000,1.63390000,1.52740000,1.57910000,190553042.40000000,303156002.31118000,1612184
1770163200000,2026-02-04,1.57900000,1.61220000,1.49480000,1.51200000,194386702.90000000,302037891.96737000,1749945
1770249600000,2026-02-05,1.51200000,1.51540000,1.13710000,1.21460000,744109671.00000000,961884169.58011000,5683396
1770336000000,2026-02-06,1.21450000,1.54420000,1.11720000,1.46980000,708122800.80000000,961321499.91777000,5710571
1770422400000,2026-02-07,1.46970000,1.48790000,1.38580000,1.42310000,274310340.30000000,391963977.31875000,2315753
1770508800000,2026-02-08,1.42310000,1.47030000,1.40990000,1.43080000,126012618.40000000,181400964.06214000,1292240
1770595200000,2026-02-09,1.43080000,1.46420000,1.37280000,1.43700000,168546281.80000000,240567482.71765000,1495561
1770681600000,2026-02-10,1.43700000,1.45320000,1.39160000,1.39990000,113399373.70000000,160934265.97524000,939856
1770768000000,2026-02-11,1.39980000,1.42050000,1.34210000,1.36970000,172696263.70000000,237549816.71376000,1382467
1770854400000,2026-02-12,1.36970000,1.40820000,1.34610000,1.36350000,116856264.10000000,160718927.05486000,1005243
1770940800000,2026-02-13,1.36350000,1.42850000,1.34850000,1.40710000,125027739.40000000,173410370.67896000,982787
1771027200000,2026-02-14,1.40700000,1.51380000,1.40510000,1.50940000,113140538.40000000,165770321.82151000,851648
1771113600000,2026-02-15,1.50940000,1.67140000,1.44500000,1.47530000,299306472.40000000,463522957.61473000,2457642
1771200000000,2026-02-16,1.47530000,1.51710000,1.44850000,1.48760000,145403123.00000000,215548748.40283000,1276762
1771286400000,2026-02-17,1.48760000,1.49500000,1.42680000,1.47430000,98838390.00000000,145124075.30722000,923941
1771372800000,2026-02-18,1.47420000,1.49430000,1.41020000,1.42190000,85831853.90000000,125128541.32370000,786592
1771459200000,2026-02-19,1.42200000,1.43810000,1.38200000,1.40680000,108259677.10000000,152529210.26218000,885502
1771545600000,2026-02-20,1.40680000,1.43890000,1.37750000,1.42920000,123709704.40000000,175299418.00269000,1033248
1771632000000,2026-02-21,1.42920000,1.46420000,1.41980000,1.43040000,53997920.30000000,77755307.09025000,454239
1771718400000,2026-02-22,1.43030000,1.43380000,1.38000000,1.39320000,61166336.00000000,85879449.58334000,455685
1771804800000,2026-02-23,1.39320000,1.42480000,1.33010000,1.35180000,188895700.40000000,258694950.26527000,1477289
1771891200000,2026-02-24,1.35190000,1.36760000,1.31240000,1.34820000,139239571.80000000,186757096.36945000,1184905
1771977600000,2026-02-25,1.34830000,1.49350000,1.34040000,1.43390000,245088505.20000000,348960369.29078000,1713510
1772064000000,2026-02-26,1.43380000,1.46910000,1.38270000,1.40270000,160829141.80000000,228794325.21921000,1216393
1772150400000,2026-02-27,1.40270000,1.42620000,1.33860000,1.35620000,165108168.60000000,226953194.07107000,1010806
1772236800000,2026-02-28,1.35620000,1.39310000,1.27000000,1.37620000,229989679.70000000,304579284.42876000,1360492
1772323200000,2026-03-01,1.37610000,1.43330000,1.33690000,1.35240000,177941326.90000000,246775158.12428000,1320595
1772409600000,2026-03-02,1.35250000,1.42300000,1.33410000,1.39000000,166802077.80000000,230093238.07670000,1147060
1772496000000,2026-03-03,1.39010000,1.39530000,1.33660000,1.36070000,135602897.40000000,184727686.85329000,1007411
1772582400000,2026-03-04,1.36070000,1.47320000,1.34520000,1.43090000,238025779.20000000,337526838.95515000,1270039
1772668800000,2026-03-05,1.43090000,1.45250000,1.39600000,1.40370000,118168992.20000000,168070295.64470000,966417
1772755200000,2026-03-06,1.40380000,1.41480000,1.34600000,1.36330000,113847978.90000000,156762791.68060000,884241
1772841600000,2026-03-07,1.36320000,1.37490000,1.34680000,1.35670000,47776637.30000000,65047821.55857000,313956
1772928000000,2026-03-08,1.35680000,1.37120000,1.32180000,1.34000000,79825643.70000000,107681979.34124000,585270
1773014400000,2026-03-09,1.34010000,1.38410000,1.33300000,1.36310000,130100801.20000000,176631609.93950000,1032665
1773100800000,2026-03-10,1.36310000,1.44270000,1.36050000,1.38630000,176313906.60000000,247030406.63450000,1200724
1773187200000,2026-03-11,1.38640000,1.41120000,1.37060000,1.38470000,111034871.00000000,154308858.85668000,797517
1773273600000,2026-03-12,1.38470000,1.39360000,1.36500000,1.38460000,89689607.30000000,123639723.83376000,612048
1773360000000,2026-03-13,1.38460000,1.45280000,1.38310000,1.39890000,203074725.50000000,287964607.26107000,1088824
1773446400000,2026-03-14,1.39880000,1.40840000,1.38340000,1.40630000,58211106.50000000,81207160.82588000,282488
1773532800000,2026-03-15,1.40630000,1.46490000,1.40210000,1.44870000,97404399.70000000,138928399.17402000,574897
1773619200000,2026-03-16,1.44880000,1.55220000,1.43570000,1.54300000,218579163.60000000,326441886.31630000,1383003
1773705600000,2026-03-17,1.54290000,1.60700000,1.49410000,1.51820000,232844730.10000000,357473896.14661000,1680614
1773792000000,2026-03-18,1.51820000,1.54140000,1.43590000,1.46470000,139537685.60000000,206568145.51280000,1028965
1773878400000,2026-03-19,1.46480000,1.48170000,1.42190000,1.44750000,118907352.60000000,172535664.72070000,980129
1773964800000,2026-03-20,1.44750000,1.46650000,1.42480000,1.44520000,87955683.60000000,127186196.00855000,699336
1774051200000,2026-03-21,1.44520000,1.45300000,1.40030000,1.40860000,57147510.90000000,82051700.57759000,335146
1774137600000,2026-03-22,1.40870000,1.42630000,1.37120000,1.38480000,77182206.40000000,107926968.88544000,712228
1774224000000,2026-03-23,1.38490000,1.46610000,1.36180000,1.43230000,170065259.30000000,241026917.01040000,1438671
1774310400000,2026-03-24,1.43230000,1.43500000,1.38350000,1.41600000,103380500.30000000,145747579.47872000,673812
1774396800000,2026-03-25,1.41600000,1.43790000,1.40190000,1.41450000,97040812.70000000,137712528.18660000,535641
1774483200000,2026-03-26,1.41450000,1.41650000,1.33600000,1.36090000,130842025.40000000,179357164.90353000,632117
1774569600000,2026-03-27,1.36080000,1.37260000,1.31840000,1.32570000,119257397.00000000,160042011.49069000,593277
1774656000000,2026-03-28,1.32560000,1.35820000,1.31910000,1.33330000,53717126.30000000,71963543.71712000,293074
1774742400000,2026-03-29,1.33330000,1.34330000,1.29540000,1.32780000,61339018.60000000,81235909.40779000,412127
1774828800000,2026-03-30,1.32790000,1.36690000,1.31660000,1.32420000,100202620.00000000,134708860.12218000,655782
1774915200000,2026-03-31,1.32420000,1.35030000,1.30380000,1.34110000,101318413.80000000,134339781.10057000,677324
1775001600000,2026-04-01,1.34100000,1.36830000,1.33140000,1.34780000,86898811.00000000,117396721.33357000,504793
1775088000000,2026-04-02,1.34770000,1.35690000,1.28020000,1.32000000,132871559.70000000,173867551.12521000,701799
1775174400000,2026-04-03,1.32000000,1.33560000,1.30330000,1.31840000,64784053.30000000,85394557.07847000,350966
1775260800000,2026-04-04,1.31830000,1.32260000,1.30670000,1.31530000,29975010.90000000,39401337.81849000,171364
1775347200000,2026-04-05,1.31540000,1.33200000,1.27870000,1.32630000,74314266.80000000,96722902.21271000,369116
1775433600000,2026-04-06,1.32640000,1.35770000,1.31220000,1.32120000,104345790.70000000,139933245.70375000,582783
1775520000000,2026-04-07,1.32110000,1.39620000,1.29490000,1.37870000,130702995.40000000,174155937.96025000,758728
1775606400000,2026-04-08,1.37860000,1.38980000,1.33890000,1.34280000,124855733.30000000,170943407.16364000,665297
1775692800000,2026-04-09,1.34280000,1.36960000,1.32180000,1.34380000,112265614.10000000,150403078.58352000,552805
1775779200000,2026-04-10,1.34380000,1.36600000,1.33480000,1.35590000,79785996.70000000,107494166.28678000,395652
1775865600000,2026-04-11,1.35590000,1.37520000,1.33940000,1.35460000,57095356.30000000,77319141.01944000,301231
1775952000000,2026-04-12,1.35470000,1.35590000,1.31930000,1.32470000,70245771.10000000,93501469.37078000,368425
1776038400000,2026-04-13,1.32460000,1.38390000,1.31930000,1.37560000,105450701.20000000,141726101.52109000,526222
1776124800000,2026-04-14,1.37570000,1.39550000,1.35210000,1.36170000,103042599.50000000,141266984.85634000,530040
1776211200000,2026-04-15,1.36170000,1.40860000,1.35030000,1.39220000,109493954.40000000,150547736.54314000,518292
1776297600000,2026-04-16,1.39220000,1.46640000,1.38650000,1.45300000,155427242.10000000,220870592.21472000,1029873
1776384000000,2026-04-17,1.45300000,1.51000000,1.42250000,1.47570000,155866337.10000000,228767880.59186000,1067860
1776470400000,2026-04-18,1.47570000,1.48230000,1.42350000,1.43230000,82670483.00000000,119546444.18719000,621913
1776556800000,2026-04-19,1.43240000,1.44700000,1.39090000,1.39420000,90413939.90000000,128547268.86372000,716932
1776643200000,2026-04-20,1.39430000,1.43690000,1.39330000,1.42430000,99575811.50000000,141269397.85089000,658856
1776729600000,2026-04-21,1.42440000,1.45000000,1.41160000,1.43340000,85278180.60000000,121986052.30914000,567920
1776816000000,2026-04-22,1.43350000,1.46260000,1.42680000,1.42940000,83429181.40000000,120841798.14579000,513323
1776902400000,2026-04-23,1.42930000,1.44100000,1.40900000,1.43860000,92183977.40000000,131414155.33569000,546775
1776988800000,2026-04-24,1.43860000,1.45030000,1.42390000,1.43340000,66229128.50000000,95105991.07739000,418281
1777075200000,2026-04-25,1.43330000,1.43770000,1.41870000,1.42380000,26346558.60000000,37626803.97471000,162830
1777161600000,2026-04-26,1.42380000,1.43660000,1.41800000,1.43070000,30024367.70000000,42837079.14942000,230769
1777248000000,2026-04-27,1.43080000,1.44660000,1.38360000,1.40070000,73155298.10000000,103187233.14259000,464442
1777334400000,2026-04-28,1.40080000,1.40090000,1.36770000,1.38050000,53234245.40000000,73657574.96158000,320064
1777420800000,2026-04-29,1.38060000,1.40670000,1.34580000,1.36910000,74194879.80000000,102032839.77557000,474018
1777507200000,2026-04-30,1.36920000,1.38470000,1.35910000,1.36790000,51110389.10000000,70046335.72061000,365359
1777593600000,2026-05-01,1.36800000,1.39990000,1.36490000,1.38580000,60188179.00000000,83190350.48346000,318307
1777680000000,2026-05-02,1.38580000,1.40030000,1.38120000,1.39370000,33030264.10000000,45906488.18720000,196148
1777766400000,2026-05-03,1.39360000,1.40420000,1.38140000,1.38800000,29246836.80000000,40704486.57748000,202324
1777852800000,2026-05-04,1.38790000,1.42090000,1.38290000,1.39180000,83200664.70000000,116677475.69810000,630159
1777939200000,2026-05-05,1.39190000,1.42220000,1.39040000,1.41260000,67575818.20000000,95247530.43709000,396613
1778025600000,2026-05-06,1.41260000,1.45730000,1.40730000,1.42490000,97195264.90000000,139092108.68515000,608640
1778112000000,2026-05-07,1.42490000,1.42580000,1.38020000,1.38690000,82830386.50000000,116191193.14600000,481543
1778198400000,2026-05-08,1.38690000,1.42700000,1.37780000,1.41820000,66521203.40000000,93047737.86844000,366289
1778284800000,2026-05-09,1.41820000,1.43500000,1.41130000,1.42050000,57792561.30000000,82290245.74632000,259660
1778371200000,2026-05-10,1.42050000,1.50820000,1.41190000,1.47340000,156095312.20000000,228192058.53491000,935415
1778457600000,2026-05-11,1.47350000,1.48860000,1.43990000,1.47760000,118423276.50000000,173183036.55107000,690868
1778544000000,2026-05-12,1.47770000,1.48480000,1.41830000,1.43700000,105554013.50000000,152917084.75215000,606755
1778630400000,2026-05-13,1.43700000,1.46930000,1.41120000,1.42730000,125717367.10000000,180862545.61828000,614824
1778716800000,2026-05-14,1.42720000,1.54960000,1.42080000,1.48520000,203278911.90000000,301645366.06319000,1067851
1778803200000,2026-05-15,1.48510000,1.50020000,1.42750000,1.43400000,123551206.10000000,180205731.61692000,790625
1778889600000,2026-05-16,1.43400000,1.43960000,1.39400000,1.41360000,71543277.90000000,101247992.19282000,436296
1778976000000,2026-05-17,1.41360000,1.42910000,1.37150000,1.40160000,67975586.20000000,95800657.06201000,440935
1779062400000,2026-05-18,1.40170000,1.40270000,1.36380000,1.39000000,103297251.80000000,143205324.09611000,754312
1779148800000,2026-05-19,1.39010000,1.39770000,1.35310000,1.36160000,98592923.50000000,135243538.01752000,490844
1779235200000,2026-05-20,1.36160000,1.38070000,1.34770000,1.36720000,68909414.70000000,94207115.44787000,441630
1779321600000,2026-05-21,1.36720000,1.38620000,1.35120000,1.37390000,77920747.50000000,106947144.55662000,462981
1779408000000,2026-05-22,1.37390000,1.37600000,1.33000000,1.33450000,91847302.20000000,124540929.44406000,528380
1779494400000,2026-05-23,1.33460000,1.37620000,1.30190000,1.35830000,102960290.50000000,137286609.51775000,475661
1779580800000,2026-05-24,1.35840000,1.37100000,1.33260000,1.35100000,52635116.00000000,71399332.45425000,302213
1779667200000,2026-05-25,1.35100000,1.36570000,1.34350000,1.35030000,57643566.80000000,78197829.61387000,290748
1779753600000,2026-05-26,1.35030000,1.36560000,1.32730000,1.32920000,67352957.90000000,90439418.05153000,433078
1779840000000,2026-05-27,1.32930000,1.34370000,1.30330000,1.30760000,77744369.10000000,103158012.26367000,502662
1779926400000,2026-05-28,1.30760000,1.33850000,1.26770000,1.31560000,115036822.20000000,149427450.21787000,792711
1780012800000,2026-05-29,1.31560000,1.33390000,1.29470000,1.33000000,100195741.90000000,131831739.44788000,539932
1780099200000,2026-05-30,1.33000000,1.36610000,1.32810000,1.34080000,80897913.10000000,109021117.25326000,445261
1780185600000,2026-05-31,1.34090000,1.34840000,1.32100000,1.33300000,44076500.30000000,58866931.93920000,302843
1780272000000,2026-06-01,1.33300000,1.34120000,1.27940000,1.29720000,90898336.80000000,118478720.19612000,669452
1780358400000,2026-06-02,1.29720000,1.29720000,1.19480000,1.21170000,162334649.50000000,201575660.83279000,1089257
1780444800000,2026-06-03,1.21180000,1.24910000,1.18680000,1.20120000,124143921.80000000,151607467.77834000,969593
1780531200000,2026-06-04,1.20120000,1.21200000,1.14070000,1.16880000,186091380.30000000,218138958.51062000,1649842
1780617600000,2026-06-05,1.16870000,1.17510000,1.06920000,1.09780000,281769579.70000000,314025795.80748000,2460423
1780704000000,2026-06-06,1.09780000,1.11440000,1.05010000,1.09340000,141359719.10000000,153694280.00506000,1222201
1780790400000,2026-06-07,1.09350000,1.17190000,1.08860000,1.15560000,112387617.10000000,127503708.16034000,859882
1780876800000,2026-06-08,1.15560000,1.18660000,1.13190000,1.16830000,114644792.20000000,133094134.81622000,778674
1780963200000,2026-06-09,1.16830000,1.17690000,1.11870000,1.13750000,106946733.30000000,123014548.88578000,849064
1781049600000,2026-06-10,1.13760000,1.14120000,1.08840000,1.09700000,116679644.60000000,129947389.77941000,1006939
1781136000000,2026-06-11,1.09710000,1.15000000,1.09650000,1.14280000,94224282.20000000,105695778.63498000,755083
1781222400000,2026-06-12,1.14270000,1.15770000,1.12610000,1.13250000,72582913.90000000,82667644.26597000,635449
1781308800000,2026-06-13,1.13250000,1.16100000,1.12990000,1.15070000,45010007.20000000,51585358.54483000,300818
1781395200000,2026-06-14,1.15070000,1.18780000,1.12680000,1.18610000,56418987.60000000,65142433.79448000,450135
1781481600000,2026-06-15,1.18600000,1.29350000,1.17780000,1.23820000,195846016.20000000,242644757.28049000,1337348
1781568000000,2026-06-16,1.23820000,1.25600000,1.20530000,1.21730000,94329209.70000000,115884662.08178000,759684
1781654400000,2026-06-17,1.21740000,1.22830000,1.17150000,1.18680000,107522115.30000000,129202512.54919000,851153
1781740800000,2026-06-18,1.18680000,1.19230000,1.13290000,1.14650000,114178315.80000000,132334440.17690000,681734
1781827200000,2026-06-19,1.14660000,1.15300000,1.11870000,1.13590000,72664415.90000000,82400582.24159000,508134
1781913600000,2026-06-20,1.13580000,1.15600000,1.13420000,1.14990000,45285668.00000000,51884643.08675000,318381
1782000000000,2026-06-21,1.15000000,1.15350000,1.12250000,1.12480000,47594054.30000000,54253318.58302000,305660
1782086400000,2026-06-22,1.12490000,1.16390000,1.12160000,1.12950000,83321492.30000000,94935135.54182000,559318
1782172800000,2026-06-23,1.12960000,1.13390000,1.09200000,1.11030000,75592026.80000000,83843475.12925000,556869
1782259200000,2026-06-24,1.11020000,1.11390000,1.04620000,1.07360000,118369372.10000000,127554237.35123000,785109
1782345600000,2026-06-25,1.07360000,1.08990000,1.01220000,1.04350000,136197699.90000000,142847481.36452000,957997
1782432000000,2026-06-26,1.04360000,1.05580000,1.00920000,1.04900000,145156580.40000000,150311239.18840000,963953
1782518400000,2026-06-27,1.04900000,1.07770000,1.04410000,1.04750000,61102716.40000000,64795610.85185000,396476
1782604800000,2026-06-28,1.04740000,1.05910000,1.03330000,1.04850000,45543835.70000000,47725370.94182000,379263
1782691200000,2026-06-29,1.04850000,1.07680000,1.03220000,1.05900000,94759415.60000000,99798218.50959000,762527
1782777600000,2026-06-30,1.05890000,1.05950000,1.02740000,1.04010000,66352785.90000000,69109574.36645000,452008
1782864000000,2026-07-01,1.04010000,1.07380000,1.02200000,1.05300000,87968675.10000000,92299861.65795000,588819
1782950400000,2026-07-02,1.05310000,1.11250000,1.04510000,1.08810000,89896309.70000000,97245655.83007000,617820
1783036800000,2026-07-03,1.08820000,1.14530000,1.08280000,1.13480000,84107375.20000000,93842823.06575000,582539
1783123200000,2026-07-04,1.13480000,1.18430000,1.13150000,1.15740000,90722088.60000000,104870425.52364000,722008
1783209600000,2026-07-05,1.15730000,1.16960000,1.12480000,1.15720000,56056103.30000000,64031224.15318000,428513
1783296000000,2026-07-06,1.15720000,1.16500000,1.10950000,1.14500000,83730434.50000000,95489689.89542000,713373
1783382400000,2026-07-07,1.14500000,1.15140000,1.10650000,1.11200000,69215370.80000000,77943721.38227000,522584
1783468800000,2026-07-08,1.11200000,1.11650000,1.06940000,1.09080000,88541750.40000000,96333430.69138000,586622
1783555200000,2026-07-09,1.09070000,1.10290000,1.08260000,1.09320000,45402565.50000000,49657545.27641000,395701
1783641600000,2026-07-10,1.09330000,1.11830000,1.08910000,1.10460000,58026052.60000000,64199377.05300000,375841
1783728000000,2026-07-11,1.10470000,1.11930000,1.09610000,1.09670000,32707323.40000000,36288359.21752000,216971
1783814400000,2026-07-12,1.09670000,1.10430000,1.08110000,1.08580000,38378492.00000000,41996141.24658000,250222
1783900800000,2026-07-13,1.08590000,1.10300000,1.05350000,1.06750000,71241845.20000000,76460932.61078000,493153
1783987200000,2026-07-14,1.06750000,1.12100000,1.06100000,1.11170000,78324911.60000000,85600074.57823000,439319
1784073600000,2026-07-15,1.11180000,1.13020000,1.09900000,1.11330000,65479084.60000000,72989937.94129000,413620
1784160000000,2026-07-16,1.11320000,1.11820000,1.08530000,1.08710000,62947788.30000000,69575292.99862000,362789
1784246400000,2026-07-17,1.08700000,1.09580000,1.06980000,1.08900000,55351143.20000000,60033749.90466000,372518
1784332800000,2026-07-18,1.08910000,1.09840000,1.08360000,1.09290000,21933915.80000000,23913121.26684000,148154
1784419200000,2026-07-19,1.09290000,1.10180000,1.08930000,1.09780000,26850193.90000000,29423662.24582000,197564
1784505600000,2026-07-20,1.09780000,1.12070000,1.08310000,1.11240000,64548819.20000000,71266686.27766000,482024
1784592000000,2026-07-21,1.11240000,1.16460000,1.11110000,1.14360000,84431888.00000000,96364277.98484000,486316
1784678400000,2026-07-22,1.14370000,1.15740000,1.12880000,1.14210000,51081401.20000000,58299627.78218000,368828
